brand,brand_id,year,month,year_month,month_index,post_count,retweet_count_sum,retweet_count_mean,retweet_count_median,reply_count_sum,reply_count_mean,reply_count_median,like_count_sum,like_count_mean,like_count_median,quote_count_sum,quote_count_mean,quote_count_median,engagement_total_sum,engagement_total_mean,engagement_total_median,hashtag_count_sum,hashtag_count_mean,mention_count_sum,mention_count_mean,Entertainment_sum,Trendiness_sum,Interaction_sum,Customization_sum,entropy_ce_score_sum,entropy_ce_score_mean,entropy_ce_score_median,critic_ce_score_sum,critic_ce_score_mean,critic_ce_score_median,cilos_score_mean,idocriw_score_mean,merec_score_mean,additive_engagement_score_mean
Armani,1,2017,6,2017-06,0,59,96878,1642.0,57.0,1553,26.322033898305083,2.0,111953,1897.5084745762713,227.0,2369,40.152542372881356,2.0,212753,3605.9830508474574,308.0,124,2.1016949152542375,33,0.559322033898305,1,23,216,33,1465.4391,24.837950847457627,29.7409,1561.45117,26.46527406779661,30.30724,29.23259711864407,28.034977966101692,28.76314305084746,3605.9830508474574
Armani,1,2017,7,2017-07,0,77,3643,47.311688311688314,36.0,148,1.922077922077922,1.0,8720,113.24675324675324,125.0,81,1.051948051948052,0.0,12592,163.53246753246754,166.0,134,1.7402597402597402,59,0.7662337662337663,4,12,270,59,1364.69775,17.723347402597405,16.81456,1541.99956,20.02596831168831,20.83322,23.810707532467532,21.806486753246755,22.625917662337663,163.53246753246754
Armani,1,2017,8,2017-08,0,35,1351,38.6,37.0,88,2.5142857142857142,2.0,5169,147.68571428571428,148.0,65,1.8571428571428572,2.0,6673,190.65714285714284,188.0,54,1.542857142857143,21,0.6,4,11,110,21,927.77535,26.507867142857144,29.232,954.7860000000001,27.279600000000002,29.10324,31.337777142857146,28.233982857142855,28.75889,190.65714285714284
Armani,1,2017,9,2017-09,0,87,5161,59.32183908045977,39.0,216,2.4827586206896552,1.0,15312,176.0,129.0,240,2.7586206896551726,1.0,20929,240.5632183908046,171.0,157,1.8045977011494252,50,0.5747126436781609,1,25,294,50,1902.78304,21.871069425287356,27.30059,2049.43774,23.556755632183908,27.58827,27.50624827586207,25.006229770114945,25.702582643678163,240.5632183908046
Armani,1,2017,10,2017-10,0,68,2171,31.926470588235293,31.0,181,2.661764705882353,2.0,6986,102.73529411764706,103.5,78,1.1470588235294117,0.0,9416,138.47058823529412,141.0,96,1.411764705882353,36,0.5294117647058824,2,16,200,36,1488.01548,21.882580588235296,18.070275,1612.80946,23.717786176470586,21.949355,27.72877088235294,25.193591764705882,25.848614558823527,138.47058823529412
Armani,1,2017,11,2017-11,0,70,2122,30.314285714285713,25.0,107,1.5285714285714285,1.0,7508,107.25714285714285,111.0,84,1.2,1.0,9821,140.3,137.0,96,1.3714285714285714,67,0.9571428571428572,5,19,233,67,1324.95086,18.927869428571427,18.880805,1465.2078999999999,20.93154142857143,21.2691,25.223534571428573,22.512475142857145,23.27169514285714,140.3
Armani,1,2017,12,2017-12,0,36,1468,40.77777777777778,38.0,115,3.1944444444444446,2.0,5493,152.58333333333334,146.5,72,2.0,1.5,7148,198.55555555555554,188.5,38,1.0555555555555556,25,0.6944444444444444,4,13,99,25,850.07137,23.61309361111111,28.348595,906.42469,25.178463611111113,28.713135,30.060054722222226,26.519812777777776,27.190211944444442,198.55555555555554
Armani,1,2018,1,2018-01,0,72,3755,52.15277777777778,34.5,186,2.5833333333333335,2.0,15042,208.91666666666666,152.0,172,2.388888888888889,1.0,19155,266.0416666666667,193.0,105,1.4583333333333333,50,0.6944444444444444,6,32,227,50,1698.87474,23.5954825,28.04522,1827.2664,25.3787,28.43987,30.986526249999997,26.832069166666667,27.57087333333333,266.0416666666667
Armani,1,2018,2,2018-02,0,58,2225,38.36206896551724,35.5,163,2.810344827586207,2.0,10488,180.82758620689654,152.0,95,1.6379310344827587,1.0,12971,223.63793103448276,190.0,96,1.6551724137931034,35,0.603448275862069,6,23,189,35,1494.0731,25.75988103448276,28.36622,1562.44432,26.938695172413794,28.64774,31.605683448275865,28.079062413793103,28.665005862068966,223.63793103448276
Armani,1,2018,3,2018-03,0,64,2802,43.78125,34.0,164,2.5625,2.0,11453,178.953125,154.0,154,2.40625,1.0,14573,227.703125,186.5,103,1.609375,53,0.828125,4,17,220,53,1513.21268,23.643948125,27.997675,1614.66769,25.22918265625,28.40428,30.40568046875,26.59048203125,27.2936421875,227.703125
Armani,1,2018,4,2018-04,0,67,2262,33.76119402985075,27.0,74,1.1044776119402986,0.0,8197,122.34328358208955,127.0,94,1.4029850746268657,1.0,10627,158.61194029850745,156.0,106,1.5820895522388059,38,0.5671641791044776,3,11,211,38,1168.2990399999999,17.43729910447761,18.25068,1344.00261,20.059740447761193,21.42393,26.04033328358209,21.94784462686567,22.88715119402985,158.61194029850745
Armani,1,2018,5,2018-05,0,69,2803,40.6231884057971,27.0,128,1.855072463768116,1.0,12847,186.18840579710144,141.0,167,2.420289855072464,1.0,15945,231.08695652173913,174.0,114,1.6521739130434783,57,0.8260869565217391,5,15,240,57,1385.93937,20.086077826086957,18.97803,1543.36042,22.36754231884058,21.64873,28.569444492753625,24.07045231884058,24.9422968115942,231.08695652173913
Armani,1,2018,6,2018-06,0,65,2970,45.69230769230769,31.0,144,2.2153846153846155,1.0,15358,236.27692307692308,155.0,146,2.246153846153846,1.0,18618,286.4307692307692,188.0,113,1.7384615384615385,47,0.7230769230769231,2,19,225,47,1411.92727,21.721957999999997,20.87384,1548.41281,23.82173553846154,23.02445,30.023711692307693,25.43106507692308,26.260629384615385,286.4307692307692
Armani,1,2018,7,2018-07,0,47,1806,38.42553191489362,35.0,109,2.3191489361702127,2.0,9168,195.06382978723406,162.0,92,1.9574468085106382,1.0,11175,237.7659574468085,205.0,65,1.3829787234042554,21,0.44680851063829785,1,21,133,21,1168.7327,24.866653191489362,28.21801,1231.36068,26.19916340425532,28.12858,31.331188723404253,27.419119361702126,28.065624680851066,237.7659574468085
Armani,1,2018,8,2018-08,0,49,2524,51.51020408163265,28.0,169,3.4489795918367347,3.0,12025,245.40816326530611,158.0,203,4.142857142857143,1.0,14921,304.51020408163265,192.0,93,1.8979591836734695,27,0.5510204081632653,15,9,169,27,1090.4289899999999,22.253652857142853,28.23101,1170.5132800000001,23.88802612244898,28.36542,27.998720000000002,25.271085918367348,25.92294387755102,304.51020408163265
Armani,1,2018,9,2018-09,0,61,2402,39.377049180327866,32.0,200,3.278688524590164,3.0,12676,207.80327868852459,159.0,152,2.4918032786885247,1.0,15430,252.95081967213116,195.0,130,2.1311475409836067,29,0.47540983606557374,19,19,220,29,1514.75821,24.83210180327869,28.38987,1598.14429,26.199086721311474,28.6594,31.32827213114754,27.417742622950822,28.045818360655737,252.95081967213116
Armani,1,2018,10,2018-10,0,54,2580,47.77777777777778,26.0,143,2.6481481481481484,1.5,12498,231.44444444444446,138.0,88,1.6296296296296295,1.0,15309,283.5,172.5,59,1.0925925925925926,31,0.5740740740740741,5,11,144,31,1196.49828,22.157375555555557,24.18427,1298.51164,24.04651185185185,25.195504999999997,29.666327592592594,25.541887222222222,26.300238333333336,283.5
Armani,1,2018,11,2018-11,0,52,1769,34.01923076923077,29.0,111,2.1346153846153846,2.0,8363,160.82692307692307,146.0,79,1.5192307692307692,1.0,10322,198.5,177.5,89,1.7115384615384615,35,0.6730769230769231,7,10,176,35,1191.85892,22.920363846153844,27.41268,1279.45986,24.604997307692308,27.566110000000002,29.802276153846154,25.99159173076923,26.687128076923077,198.5
Armani,1,2018,12,2018-12,0,69,2898,42.0,22.0,141,2.0434782608695654,1.0,12058,174.7536231884058,110.0,224,3.246376811594203,2.0,15321,222.04347826086956,136.0,100,1.4492753623188406,29,0.42028985507246375,3,12,198,29,1712.30866,24.816067536231884,28.10412,1764.18096,25.56784,28.00129,29.668381449275362,26.49920115942029,27.03989608695652,222.04347826086956
Armani,1,2019,1,2019-01,0,93,3396,36.516129032258064,26.0,270,2.903225806451613,1.0,17936,192.86021505376345,147.0,366,3.935483870967742,2.0,21968,236.21505376344086,174.0,191,2.053763440860215,20,0.21505376344086022,4,30,304,20,2535.19753,27.260188494623655,28.49139,2577.18403,27.71165623655914,28.55321,32.16037580645161,28.47686569892473,28.963567204301075,236.21505376344086
Armani,1,2019,2,2019-02,0,123,13085,106.3821138211382,26.0,242,1.967479674796748,1.0,22546,183.3008130081301,118.0,313,2.5447154471544717,1.0,36186,294.1951219512195,148.0,294,2.3902439024390243,74,0.6016260162601627,11,39,491,74,2638.61041,21.452117154471544,27.35229,2799.86439,22.76312512195122,27.53992,26.377592682926828,24.016663170731707,24.66352089430894,294.1951219512195
Armani,1,2019,3,2019-03,0,95,23775,250.26315789473685,23.0,146,1.5368421052631578,1.0,14563,153.29473684210527,113.0,209,2.2,1.0,38693,407.29473684210524,144.0,141,1.4842105263157894,54,0.5684210526315789,1,15,290,54,1980.58702,20.848284421052632,27.21973,2111.97689,22.231335684210524,27.26454,25.87071747368421,23.528994736842105,24.20154052631579,407.29473684210524
Armani,1,2019,4,2019-04,0,78,4371,56.03846153846154,24.0,202,2.58974358974359,1.0,20849,267.29487179487177,118.5,298,3.8205128205128207,2.0,25720,329.7435897435897,145.5,113,1.4487179487179487,33,0.4230769230769231,1,13,224,33,2007.74635,25.74033782051282,28.22211,2058.32656,26.388802051282052,28.084955,30.350450384615385,27.273216923076923,27.787297564102563,329.7435897435897
Armani,1,2019,5,2019-05,0,103,3398,32.99029126213592,22.0,207,2.0097087378640777,0.0,18181,176.51456310679612,116.0,362,3.5145631067961167,2.0,22148,215.02912621359224,141.0,169,1.6407766990291262,49,0.47572815533980584,7,18,321,49,2358.23646,22.895499611650486,24.82943,2472.41499,24.004029029126215,27.19428,28.823883786407766,25.118837572815533,25.77074980582524,215.02912621359224
Armani,1,2019,6,2019-06,0,107,10419,97.37383177570094,23.0,607,5.672897196261682,1.0,37033,346.10280373831773,109.0,466,4.355140186915888,1.0,48525,453.50467289719626,136.0,190,1.7757009345794392,63,0.5887850467289719,4,37,360,63,2286.3124,21.367405607476634,27.41142,2413.10792,22.552410467289718,27.52749,25.71613327102804,23.743311121495328,24.352500654205606,453.50467289719626
Armani,1,2019,7,2019-07,0,85,3394,39.92941176470588,25.0,163,1.9176470588235295,1.0,12721,149.65882352941176,113.0,258,3.0352941176470587,2.0,16536,194.54117647058823,136.0,131,1.5411764705882354,60,0.7058823529411765,0,22,276,60,1673.3295,19.686229411764707,27.56606,1786.07336,21.012627764705883,27.80277,23.628850352941175,22.284430235294117,22.904154941176472,194.54117647058823
Armani,1,2019,8,2019-08,0,40,1234,30.85,25.0,93,2.325,2.0,7459,186.475,153.0,147,3.675,2.0,8933,223.325,184.5,61,1.525,16,0.4,7,8,117,16,1100.84502,27.5211255,29.231949999999998,1118.13313,27.95332825,29.150355,32.50911825,28.706158749999997,29.191627999999998,223.325
Armani,1,2019,9,2019-09,0,114,3398,29.80701754385965,24.5,131,1.1491228070175439,0.0,13709,120.25438596491227,110.0,210,1.8421052631578947,2.0,17448,153.05263157894737,134.5,211,1.8508771929824561,71,0.6228070175438597,12,33,396,71,2253.82694,19.770411754385965,20.860165000000002,2410.09743,21.141205526315787,22.76247,24.60382412280702,22.41566807017544,23.074080350877196,153.05263157894737
Armani,1,2019,10,2019-10,0,64,1833,28.640625,23.0,88,1.375,1.0,7407,115.734375,115.0,124,1.9375,2.0,9452,147.6875,141.5,118,1.84375,22,0.34375,3,10,204,22,1525.71739,23.83933421875,28.351689999999998,1576.35311,24.63051734375,28.273674999999997,28.1628696875,25.58824984375,26.11566171875,147.6875
Armani,1,2019,11,2019-11,1,83,37170,447.8313253012048,20.0,175,2.108433734939759,1.0,12847,154.78313253012047,106.0,322,3.8795180722891565,1.0,50514,608.6024096385543,135.0,154,1.855421686746988,39,0.46987951807228917,2,22,276,39,1939.88272,23.37208096385542,28.13085,2011.53652,24.235379759036146,28.11366,27.41258253012048,25.24314891566265,25.77388361445783,608.6024096385543
Armani,1,2019,12,2019-12,2,82,2766,33.73170731707317,19.0,128,1.5609756097560976,1.0,11345,138.35365853658536,96.0,179,2.182926829268293,1.0,14418,175.82926829268294,120.5,111,1.353658536585366,35,0.4268292682926829,2,10,228,35,1746.70145,21.301237195121953,27.31572,1840.40161,22.44392207317073,27.49792,25.73176829268293,23.596598292682927,24.19369048780488,175.82926829268294
Armani,1,2020,1,2020-01,3,97,3035,31.288659793814432,26.0,146,1.5051546391752577,1.0,12475,128.60824742268042,118.0,191,1.9690721649484537,1.0,15847,163.37113402061857,149.0,230,2.3711340206185567,49,0.5051546391752577,2,37,376,49,2074.55145,21.387128350515464,27.37807,2198.3552,22.663455670103094,27.66528,26.526584742268042,23.88905103092784,24.540327835051546,163.37113402061857
Armani,1,2020,2,2020-02,4,52,2331,44.82692307692308,24.5,161,3.0961538461538463,1.0,11921,229.25,123.0,284,5.461538461538462,2.0,14697,282.63461538461536,155.5,135,2.5961538461538463,28,0.5384615384615384,1,23,215,28,1275.3602,24.526157692307695,27.760469999999998,1320.35604,25.391462307692304,28.006194999999998,29.7267275,26.39698019230769,26.985853653846156,282.63461538461536
Armani,1,2020,3,2020-03,5,17,1323,77.82352941176471,39.0,125,7.352941176470588,3.0,4481,263.5882352941176,162.0,213,12.529411764705882,3.0,6142,361.29411764705884,206.0,14,0.8235294117647058,3,0.17647058823529413,0,0,34,3,520.09042,30.59355411764706,30.09028,517.58474,30.44616117647059,30.10104,32.55047058823529,30.965185882352937,31.25332176470588,361.29411764705884
Armani,1,2020,4,2020-04,6,21,539,25.666666666666668,23.0,67,3.1904761904761907,3.0,2369,112.80952380952381,106.0,67,3.1904761904761907,2.0,3042,144.85714285714286,133.0,31,1.4761904761904763,9,0.42857142857142855,1,4,61,9,613.25784,29.202754285714285,29.17109,608.46104,28.97433523809524,29.09362,31.434891428571426,29.386066666666665,29.64231571428571,144.85714285714286
Armani,1,2020,5,2020-05,7,50,2191,43.82,17.5,169,3.38,1.0,15473,309.46,92.0,466,9.32,1.0,18299,365.98,110.5,121,2.42,28,0.56,19,5,199,28,1059.63326,21.1926652,27.338445,1110.88406,22.2176812,27.494215,25.2690246,23.2950514,23.851408000000003,365.98
Armani,1,2020,6,2020-06,8,6,225,37.5,30.0,45,7.5,1.5,1416,236.0,147.5,23,3.8333333333333335,3.0,1709,284.8333333333333,182.0,8,1.3333333333333333,3,0.5,0,1,17,3,177.57199,29.595331666666667,29.64203,177.80313999999998,29.633856666666663,29.513730000000002,33.28374,30.194053333333333,30.56077,284.8333333333333
Armani,1,2020,7,2020-07,9,12,273,22.75,23.0,42,3.5,2.0,1455,121.25,98.0,27,2.25,2.0,1797,149.75,126.0,17,1.4166666666666667,1,0.08333333333333333,1,6,30,1,312.44243,26.036869166666666,28.935855,316.13181,26.3443175,28.51948,29.47379666666667,27.03314,27.434067499999998,149.75
Armani,1,2020,8,2020-08,10,23,672,29.217391304347824,15.0,120,5.217391304347826,0.0,1595,69.34782608695652,0.0,94,4.086956521739131,0.0,2481,107.8695652173913,19.0,12,0.5217391304347826,16,0.6956521739130435,1,6,51,16,349.18913,15.18213608695652,3.45213,382.35338,16.62406,6.64481,17.53721,17.949067826086957,18.52791,107.8695652173913
Armani,1,2020,9,2020-09,11,93,4825,51.88172043010753,15.0,286,3.075268817204301,1.0,29984,322.40860215053766,86.0,1171,12.591397849462366,2.0,36266,389.9569892473118,101.0,152,1.6344086021505377,48,0.5161290322580645,38,7,293,48,2314.90232,24.891422795698926,27.78571,2358.763,25.363043010752687,27.4177,29.403720322580646,26.125634408602153,26.61090709677419,389.9569892473118
Armani,1,2020,10,2020-10,12,14,277,19.785714285714285,16.5,18,1.2857142857142858,0.0,109,7.785714285714286,0.0,2,0.14285714285714285,0.0,406,29.0,17.5,17,1.2142857142857142,13,0.9285714285714286,0,1,44,13,76.61485,5.472489285714286,3.43793,116.36784,8.311988571428572,6.5971,8.170222857142857,10.419836428571429,11.272171428571427,29.0
Armani,1,2020,11,2020-11,13,9,233,25.88888888888889,21.0,39,4.333333333333333,5.0,1014,112.66666666666667,121.0,20,2.2222222222222223,2.0,1306,145.11111111111111,146.0,8,0.8888888888888888,4,0.4444444444444444,0,1,21,4,210.69181,23.41020111111111,30.70576,217.39559,24.155065555555556,30.12559,26.125251111111112,25.093782222222224,25.520566666666667,145.11111111111111
Armani,1,2020,12,2020-12,14,2,44,22.0,22.0,17,8.5,8.5,207,103.5,103.5,1,0.5,0.5,269,134.5,134.5,1,0.5,1,0.5,0,0,4,1,47.8247,23.91235,23.91235,50.787400000000005,25.393700000000003,25.393700000000003,29.025925,26.644849999999998,27.162644999999998,134.5
Armani,1,2021,1,2021-01,15,27,1241,45.96296296296296,21.0,128,4.7407407407407405,2.0,3897,144.33333333333334,112.0,77,2.8518518518518516,1.0,5343,197.88888888888889,148.0,24,0.8888888888888888,20,0.7407407407407407,1,1,71,20,587.35795,21.753998148148145,27.69415,628.97284,23.29529037037037,27.85609,27.333730370370372,24.62581,25.26850851851852,197.88888888888889
Armani,1,2021,2,2021-02,16,32,462,14.4375,13.0,32,1.0,1.0,1873,58.53125,54.0,23,0.71875,0.0,2390,74.6875,66.0,30,0.9375,19,0.59375,0,9,81,19,472.11129,14.7534778125,15.50137,550.24166,17.195051875,18.899945000000002,21.4730346875,18.949651875,19.7550603125,74.6875
Armani,1,2021,3,2021-03,17,8,1002,125.25,21.0,85,10.625,5.5,6076,759.5,98.0,130,16.25,1.0,7293,911.625,146.5,5,0.625,2,0.25,0,2,15,2,214.78684,26.848355,29.139555,219.64557,27.45569625,28.717305,29.84038375,28.34438625,28.75436125,911.625
Armani,1,2021,4,2021-04,18,15,455,30.333333333333332,19.0,66,4.4,5.0,1067,71.13333333333334,94.0,7,0.4666666666666667,0.0,1595,106.33333333333333,128.0,12,0.8,7,0.4666666666666667,1,2,34,7,277.53889,18.502592666666665,18.4353,302.48322,20.165548,21.65725,22.149448666666668,21.585421333333333,22.17901733333333,106.33333333333333
Armani,1,2021,5,2021-05,19,12,583,48.583333333333336,30.0,67,5.583333333333333,6.0,843,70.25,83.0,7,0.5833333333333334,0.0,1500,125.0,137.0,11,0.9166666666666666,8,0.6666666666666666,0,4,31,8,185.61347,15.467789166666668,17.728250000000003,215.04692,17.920576666666665,20.971485,20.04219,19.782621666666667,20.540296666666666,125.0
Armani,1,2021,6,2021-06,20,23,469,20.391304347826086,16.0,85,3.6956521739130435,2.0,2476,107.65217391304348,103.0,71,3.0869565217391304,2.0,3101,134.82608695652175,123.0,39,1.6956521739130435,10,0.43478260869565216,0,13,72,10,610.72525,26.553271739130434,28.10458,620.30591,26.969822173913045,27.84057,30.44343086956522,27.685501739130434,28.077291304347824,134.82608695652175
Armani,1,2021,7,2021-07,21,58,1212,20.896551724137932,17.5,135,2.3275862068965516,2.0,7649,131.8793103448276,117.5,138,2.3793103448275863,2.0,9134,157.48275862068965,137.0,121,2.086206896551724,74,1.2758620689655173,7,11,253,74,1469.14023,25.330003965517243,28.236895,1518.1295,26.174646551724138,28.1312,30.51939275862069,27.098514827586207,27.59240155172414,157.48275862068965
Armani,1,2021,8,2021-08,22,18,294,16.333333333333332,12.5,54,3.0,2.0,2104,116.88888888888889,112.0,18,1.0,1.0,2470,137.22222222222223,124.5,28,1.5555555555555556,16,0.8888888888888888,0,0,62,16,407.13558,22.618643333333335,22.95921,434.6336,24.14631111111111,23.894914999999997,29.309527777777777,25.39161222222222,26.009054444444445,137.22222222222223
Armani,1,2021,9,2021-09,23,63,1733,27.50793650793651,19.0,164,2.6031746031746033,2.0,9564,151.8095238095238,99.0,114,1.8095238095238095,1.0,11575,183.73015873015873,120.0,153,2.4285714285714284,16,0.25396825396825395,17,20,232,16,1482.4477,23.53091587301587,27.69913,1565.37467,24.847216984126984,27.32273,29.857823492063492,26.019054126984127,26.633503333333334,183.73015873015873
Armani,1,2021,10,2021-10,24,18,817,45.388888888888886,31.5,116,6.444444444444445,5.5,4473,248.5,164.0,83,4.611111111111111,2.5,5489,304.94444444444446,204.5,27,1.5,8,0.4444444444444444,1,4,53,8,554.16808,30.78711555555556,31.38904,552.53069,30.696149444444448,30.854885,33.34174055555556,31.199645555555556,31.47654833333333,304.94444444444446
Armani,1,2021,11,2021-11,25,32,1675,52.34375,21.0,483,15.09375,2.0,8783,274.46875,103.0,200,6.25,2.0,11141,348.15625,129.5,34,1.0625,14,0.4375,3,9,80,14,854.75901,26.7112190625,28.7696,872.61466,27.269208125,28.91149,30.75932875,28.079819999999998,28.5062896875,348.15625
Armani,1,2021,12,2021-12,26,41,2251,54.90243902439025,22.0,129,3.1463414634146343,2.0,9420,229.7560975609756,99.0,90,2.1951219512195124,0.0,11890,290.0,142.0,39,0.9512195121951219,51,1.2439024390243902,2,6,131,51,793.83948,19.361938536585367,17.42674,871.38054,21.253183902439023,21.08468,24.85839219512195,22.774625853658538,23.467493902439024,290.0
Armani,1,2022,1,2022-01,27,7,223,31.857142857142858,30.0,36,5.142857142857143,6.0,1025,146.42857142857142,128.0,22,3.142857142857143,3.0,1306,186.57142857142858,167.0,9,1.2857142857142858,0,0.0,0,1,16,0,202.97292,28.996131428571427,30.11369,204.22051,29.17435857142857,29.83939,31.95975142857143,29.803744285714288,30.127902857142857,186.57142857142858
Armani,1,2022,2,2022-02,28,78,1696,21.743589743589745,12.0,223,2.858974358974359,2.0,11549,148.06410256410257,84.5,187,2.3974358974358974,1.0,13655,175.06410256410257,106.0,120,1.5384615384615385,90,1.1538461538461537,31,15,288,90,1821.14708,23.348039487179488,27.77157,1914.60603,24.546231153846154,27.49217,29.19259884615385,25.639903076923076,26.20289564102564,175.06410256410257
Armani,1,2022,3,2022-03,29,29,1056,36.41379310344828,27.0,366,12.620689655172415,6.0,6059,208.93103448275863,142.0,100,3.4482758620689653,1.0,7581,261.41379310344826,170.0,47,1.6206896551724137,56,1.9310344827586208,0,7,132,56,768.25687,26.491616206896552,29.36005,792.37339,27.323220344827586,29.23425,31.31852172413793,28.258620344827587,28.727787586206894,261.41379310344826
Armani,1,2022,4,2022-04,30,17,633,37.23529411764706,28.0,137,8.058823529411764,6.0,3878,228.11764705882354,165.0,47,2.764705882352941,1.0,4695,276.1764705882353,197.0,17,1.0,4,0.23529411764705882,4,3,38,4,466.61105,27.44770882352941,29.45014,480.21156,28.247738823529414,29.34558,31.754017058823532,29.176247647058826,29.60287411764706,276.1764705882353
Armani,1,2022,5,2022-05,31,58,1520,26.20689655172414,16.5,290,5.0,3.0,10499,181.01724137931035,99.0,193,3.3275862068965516,1.0,12502,215.55172413793105,121.5,61,1.0517241379310345,18,0.3103448275862069,35,14,137,18,1519.29049,26.194663620689656,28.538995,1564.44614,26.973209310344828,28.253970000000002,30.601773620689652,27.862565689655174,28.285644137931033,215.55172413793105
Armani,1,2022,6,2022-06,32,55,1298,23.6,16.0,254,4.618181818181818,3.0,8515,154.8181818181818,89.0,136,2.4727272727272727,1.0,10203,185.5090909090909,110.0,47,0.8545454545454545,49,0.8909090909090909,3,27,151,49,1321.26676,24.023032,27.91225,1385.59606,25.19265563636364,27.3838,28.88006872727273,26.277993272727272,26.76708272727273,185.5090909090909
Armani,1,2022,7,2022-07,33,20,688,34.4,29.0,130,6.5,3.5,2043,102.15,94.5,20,1.0,1.0,2881,144.05,128.5,20,1.0,8,0.4,0,13,48,8,497.61735,24.8808675,28.220950000000002,519.98663,25.9993315,28.449175,28.920398999999996,27.1195,27.605293999999997,144.05
Armani,1,2022,8,2022-08,34,11,304,27.636363636363637,23.0,75,6.818181818181818,6.0,1528,138.9090909090909,131.0,12,1.0909090909090908,1.0,1919,174.45454545454547,165.0,7,0.6363636363636364,2,0.18181818181818182,2,1,20,2,281.45856,25.587141818181816,27.2296,293.8475,26.713409090909092,27.2813,30.378184545454545,27.79667909090909,28.27701818181818,174.45454545454547
Burberry,2,2017,1,2017-01,0,19,863,45.421052631578945,40.0,22,1.1578947368421053,1.0,3430,180.52631578947367,171.0,48,2.526315789473684,2.0,4363,229.6315789473684,205.0,19,1.0,14,0.7368421052631579,1,1,52,14,435.30687,22.91088789473684,22.2997,472.2456,24.85503157894737,24.79696,31.352132631578947,26.40068947368421,27.23703052631579,229.6315789473684
Burberry,2,2017,2,2017-02,0,120,13497,112.475,46.0,683,5.691666666666666,2.0,29682,247.35,159.0,1176,9.8,3.0,45038,375.31666666666666,211.5,228,1.9,124,1.0333333333333334,2,9,472,124,3161.73065,26.347755416666665,29.07028,3302.12961,27.51774675,29.50478,32.541980583333334,28.710551916666667,29.37533325,375.31666666666666
Burberry,2,2017,3,2017-03,0,99,7457,75.32323232323232,31.0,225,2.272727272727273,1.0,15319,154.73737373737373,118.0,330,3.3333333333333335,1.0,23331,235.66666666666666,150.0,33,0.3333333333333333,98,0.98989898989899,1,7,230,98,2210.13214,22.324567070707072,20.23562,2406.4742,24.307820202020203,22.45508,30.457085555555558,25.86461383838384,26.6794203030303,235.66666666666666
Burberry,2,2017,4,2017-04,0,72,4221,58.625,31.5,156,2.1666666666666665,1.0,12583,174.76388888888889,125.5,221,3.0694444444444446,1.0,17181,238.625,165.5,30,0.4166666666666667,87,1.2083333333333333,1,5,189,87,1697.26523,23.573128194444443,27.683855,1821.48683,25.298428194444444,27.964570000000002,30.97383375,26.727807499999997,27.47374736111111,238.625
Burberry,2,2017,5,2017-05,0,139,11717,84.29496402877697,35.0,371,2.6690647482014387,1.0,36639,263.58992805755395,137.0,758,5.453237410071942,1.0,49485,356.0071942446043,172.0,120,0.8633093525179856,156,1.1223021582733812,1,19,415,156,3303.68117,23.767490431654675,27.5785,3548.10814,25.52595784172662,28.03248,31.51334942446043,26.983872805755396,27.76400618705036,356.0071942446043
Burberry,2,2017,6,2017-06,0,92,3640,39.56521739130435,32.0,111,1.2065217391304348,1.0,14480,157.3913043478261,129.5,274,2.9782608695652173,1.0,18505,201.1413043478261,161.5,68,0.7391304347826086,102,1.108695652173913,5,7,262,102,2020.65917,21.963686630434783,20.800420000000003,2207.32194,23.992629782608695,22.79299,30.543921847826088,25.567402826086955,26.41394195652174,201.1413043478261
Burberry,2,2017,7,2017-07,0,90,6252,69.46666666666667,33.0,386,4.288888888888889,1.0,17402,193.35555555555555,134.5,777,8.633333333333333,2.0,24817,275.74444444444447,172.0,62,0.6888888888888889,88,0.9777777777777777,3,6,240,88,2288.52762,25.428084666666663,28.3759,2399.98394,26.666488222222224,28.706515,31.677845888888893,27.851171666666666,28.487099,275.74444444444447
Burberry,2,2017,8,2017-08,0,66,3290,49.84848484848485,33.0,1279,19.37878787878788,2.0,18060,273.6363636363636,148.5,479,7.257575757575758,1.0,23108,350.1212121212121,192.5,51,0.7727272727272727,68,1.0303030303030303,1,4,185,68,1596.65713,24.1917746969697,27.394785,1707.06882,25.86467909090909,27.68348,31.676213181818184,27.263588181818182,28.000454545454545,350.1212121212121
Burberry,2,2017,9,2017-09,0,188,34933,185.81382978723406,27.0,1963,10.441489361702128,1.0,82363,438.1010638297872,125.5,3055,16.25,2.0,122314,650.6063829787234,156.0,243,1.2925531914893618,198,1.053191489361702,2,5,629,198,4678.58681,24.886100053191488,27.827545,4949.81132,26.328783617021276,27.907935000000002,31.906987393617023,27.619779414893618,28.322212127659576,650.6063829787234
Burberry,2,2017,10,2017-10,0,139,8038,57.827338129496404,25.0,1069,7.690647482014389,1.0,21980,158.1294964028777,104.0,416,2.9928057553956835,1.0,31503,226.64028776978418,132.0,66,0.4748201438848921,227,1.6330935251798562,1,8,432,227,3056.25903,21.987475035971226,20.00503,3324.63479,23.918235899280575,21.98891,29.973543884892088,25.43185179856115,26.223373381294966,226.64028776978418
Burberry,2,2017,11,2017-11,0,127,13511,106.38582677165354,25.0,2135,16.811023622047244,2.0,32401,255.1259842519685,119.0,1054,8.299212598425196,1.0,49101,386.62204724409446,145.0,70,0.5511811023622047,161,1.2677165354330708,4,9,358,161,3094.46512,24.365867086614173,27.91011,3288.40244,25.892932598425194,27.76557,31.266101417322833,27.216575748031495,27.90793346456693,386.62204724409446
Burberry,2,2017,12,2017-12,0,96,22335,232.65625,27.5,3384,35.25,2.0,38834,404.5208333333333,132.0,1121,11.677083333333334,2.0,65674,684.1041666666666,162.5,79,0.8229166666666666,104,1.0833333333333333,1,8,279,104,2594.54635,27.026524479166667,28.61411,2711.65933,28.246451354166666,28.675925,33.08476947916667,29.449993333333335,30.0771765625,684.1041666666666
Burberry,2,2018,1,2018-01,0,97,13854,142.82474226804123,22.0,2417,24.917525773195877,1.0,27693,285.49484536082474,136.0,661,6.814432989690721,1.0,44625,460.0515463917526,157.0,80,0.8247422680412371,74,0.7628865979381443,1,3,251,74,2410.95957,24.85525329896907,27.41646,2552.38782,26.31327649484536,27.59617,31.633239896907217,27.60059907216495,28.273545670103093,460.0515463917526
Burberry,2,2018,2,2018-02,0,142,16553,116.57042253521126,28.5,1979,13.93661971830986,2.0,81050,570.7746478873239,162.0,3323,23.401408450704224,2.0,102905,724.6830985915493,184.5,206,1.4507042253521127,172,1.2112676056338028,1,5,520,172,3784.06092,26.648316338028167,28.565694999999998,3942.61877,27.764920915492958,28.607844999999998,33.0153488028169,28.886770492957744,29.50892471830986,724.6830985915493
Burberry,2,2018,3,2018-03,0,92,9345,101.57608695652173,22.5,419,4.554347826086956,2.0,24916,270.82608695652175,138.5,603,6.554347826086956,1.0,35283,383.5108695652174,167.0,101,1.0978260869565217,79,0.8586956521739131,0,10,272,79,2393.27962,26.013908913043476,28.429949999999998,2494.77277,27.117095326086957,28.28059,31.955463478260867,28.214043369565214,28.796641195652175,383.5108695652174
Burberry,2,2018,4,2018-04,0,49,1362,27.79591836734694,24.0,77,1.5714285714285714,1.0,7723,157.6122448979592,152.0,111,2.2653061224489797,1.0,9273,189.24489795918367,180.0,49,1.0,48,0.9795918367346939,1,5,146,48,1154.62195,23.56371326530612,27.40925,1227.1062,25.042983673469386,27.7148,30.919101020408164,26.312320816326533,27.015285918367347,189.24489795918367
Burberry,2,2018,5,2018-05,0,38,5264,138.52631578947367,29.0,897,23.605263157894736,2.0,12668,333.36842105263156,182.0,405,10.657894736842104,2.0,19234,506.1578947368421,217.5,50,1.3157894736842106,26,0.6842105263157895,0,8,114,26,1088.84378,28.653783684210524,29.32383,1111.63321,29.253505526315788,29.430239999999998,33.26053736842105,30.11143447368421,30.573658947368425,506.1578947368421
Burberry,2,2018,6,2018-06,0,43,3028,70.4186046511628,22.0,265,6.162790697674419,2.0,9565,222.4418604651163,144.0,178,4.1395348837209305,1.0,13036,303.16279069767444,170.0,42,0.9767441860465116,13,0.3023255813953488,0,5,98,13,1037.47179,24.12725093023256,27.70131,1104.31955,25.681849999999997,28.07376,30.92615813953488,26.98289953488372,27.629857209302326,303.16279069767444
Burberry,2,2018,7,2018-07,0,37,1119,30.243243243243242,27.0,302,8.162162162162161,3.0,6788,183.45945945945945,165.0,132,3.5675675675675675,3.0,8341,225.43243243243242,198.0,26,0.7027027027027027,19,0.5135135135135135,0,6,82,19,1078.4869899999999,29.148297027027024,30.75406,1083.61546,29.286904324324325,30.36457,32.5284227027027,29.883367567567568,30.219672972972973,225.43243243243242
Burberry,2,2018,8,2018-08,0,25,1773,70.92,37.0,191,7.64,3.0,9129,365.16,279.0,340,13.6,4.0,11433,457.32,324.0,20,0.8,11,0.44,0,9,56,11,771.58297,30.863318800000002,30.53529,774.27902,30.971160799999996,30.53981,34.756241599999996,31.5876008,31.970964400000003,457.32
Burberry,2,2018,9,2018-09,0,97,5002,51.56701030927835,25.0,414,4.268041237113402,2.0,31848,328.3298969072165,166.0,701,7.22680412371134,4.0,37965,391.3917525773196,197.0,179,1.8453608247422681,22,0.2268041237113402,0,3,298,22,2792.07493,28.784277628865983,30.05419,2814.30878,29.013492577319585,29.85788,33.42237742268041,29.66795402061856,30.112468453608248,391.3917525773196
Burberry,2,2018,10,2018-10,0,57,1742,30.56140350877193,25.0,150,2.6315789473684212,2.0,10626,186.42105263157896,152.0,177,3.1052631578947367,2.0,12695,222.71929824561403,182.0,76,1.3333333333333333,30,0.5263157894736842,0,8,163,30,1595.28739,27.987498070175437,29.57758,1614.45649,28.32379807017544,29.37963,32.269378245614035,29.01665543859649,29.431740701754386,222.71929824561403
Burberry,2,2018,11,2018-11,0,69,1924,27.884057971014492,20.0,152,2.2028985507246377,2.0,10685,154.85507246376812,130.0,224,3.246376811594203,2.0,12985,188.18840579710144,158.0,94,1.3623188405797102,58,0.8405797101449275,7,16,221,58,1802.4688899999999,26.12273753623188,28.56832,1852.20957,26.84361695652174,28.53066,31.33273347826087,27.723004057971014,28.22549304347826,188.18840579710144
Burberry,2,2018,12,2018-12,0,55,1934,35.163636363636364,21.0,140,2.5454545454545454,1.0,13134,238.8,128.0,157,2.8545454545454545,2.0,15365,279.3636363636364,149.0,134,2.4363636363636365,47,0.8545454545454545,3,9,236,47,1345.82891,24.469616545454546,28.24576,1406.994,25.58170909090909,28.24148,30.70116618181818,26.659998727272725,27.263048,279.3636363636364
Burberry,2,2019,1,2019-01,0,59,1423,24.11864406779661,21.0,120,2.0338983050847457,1.0,9478,160.64406779661016,134.0,109,1.847457627118644,1.0,11130,188.64406779661016,157.0,176,2.983050847457627,40,0.6779661016949152,0,11,275,40,1371.86784,23.25199728813559,27.41827,1461.7415,24.77527966101695,27.65056,30.57872474576271,26.04632271186441,26.72927593220339,188.64406779661016
Burberry,2,2019,2,2019-02,0,73,1893,25.931506849315067,19.0,260,3.5616438356164384,2.0,11836,162.13698630136986,114.0,175,2.3972602739726026,1.0,14164,194.02739726027397,139.0,202,2.767123287671233,34,0.4657534246575342,2,3,309,34,1734.40099,23.75891767123288,26.98036,1835.23529,25.140209452054794,26.69056,30.51639575342466,26.34480671232877,26.985404246575342,194.02739726027397
Burberry,2,2019,3,2019-03,0,50,1215,24.3,22.5,65,1.3,1.0,7443,148.86,154.0,81,1.62,1.0,8804,176.08,179.5,166,3.32,23,0.46,0,17,239,23,1092.26894,21.8453788,20.85434,1192.68085,23.853617,22.795875000000002,30.2490652,25.3800042,26.173297400000003,176.08
Burberry,2,2019,4,2019-04,0,41,890,21.70731707317073,19.0,50,1.2195121951219512,1.0,5542,135.17073170731706,126.0,53,1.2926829268292683,1.0,6535,159.390243902439,150.0,144,3.5121951219512195,11,0.2682926829268293,0,10,196,11,913.28199,22.27517048780488,20.27425,985.86162,24.045405365853657,22.53081,30.072944146341463,25.44575731707317,26.18308512195122,159.390243902439
Burberry,2,2019,5,2019-05,0,71,11875,167.25352112676057,27.0,201,2.8309859154929575,1.0,19759,278.2957746478873,159.0,384,5.408450704225352,2.0,32219,453.7887323943662,191.0,182,2.563380281690141,38,0.5352112676056338,2,18,291,38,1693.1497,23.847178873239436,27.80518,1804.91698,25.421365915492956,28.35282,31.35962704225352,26.755978309859156,27.484558450704224,453.7887323943662
Burberry,2,2019,6,2019-06,0,54,1087,20.12962962962963,17.0,77,1.4259259259259258,1.0,6865,127.12962962962963,121.5,92,1.7037037037037037,1.0,8121,150.38888888888889,139.5,119,2.2037037037037037,13,0.24074074074074073,0,26,186,13,1210.8711,22.42353888888889,20.371940000000002,1298.41161,24.044659444444445,22.32526,29.98706222222222,25.364211296296297,26.076670000000004,150.38888888888889
Burberry,2,2019,7,2019-07,0,37,753,20.35135135135135,18.0,60,1.6216216216216217,1.0,4838,130.75675675675674,117.0,93,2.5135135135135136,1.0,5744,155.24324324324326,143.0,97,2.6216216216216215,3,0.08108108108108109,0,13,137,3,843.9205,22.80866216216216,27.13654,900.21192,24.33005189189189,27.08114,30.0650472972973,25.59852135135135,26.2822572972973,155.24324324324326
Burberry,2,2019,8,2019-08,0,33,939,28.454545454545453,28.0,77,2.3333333333333335,3.0,5568,168.72727272727272,147.0,105,3.1818181818181817,2.0,6689,202.6969696969697,177.0,93,2.8181818181818183,11,0.3333333333333333,1,14,137,11,880.08543,26.669255454545453,28.98557,903.6853600000001,27.38440484848485,28.97973,31.75112181818182,28.273135454545454,28.77117727272727,202.6969696969697
Burberry,2,2019,9,2019-09,0,84,33005,392.9166666666667,26.0,2295,27.321428571428573,2.5,65987,785.5595238095239,127.5,3582,42.642857142857146,2.0,104869,1248.4404761904761,156.5,305,3.630952380952381,26,0.30952380952380953,3,23,415,26,2330.96243,27.74955273809524,29.396105,2393.94724,28.499371904761905,29.285135,32.75022380952381,29.435356666666664,29.94287035714286,1248.4404761904761
Burberry,2,2019,10,2019-10,0,33,811,24.575757575757574,22.0,43,1.303030303030303,1.0,3779,114.51515151515152,96.0,95,2.878787878787879,2.0,4728,143.27272727272728,116.0,75,2.272727272727273,10,0.30303030303030304,1,12,118,10,798.15225,24.186431818181816,27.85328,833.81217,25.267035454545457,27.73773,30.202355454545454,26.333068181818184,26.929986363636367,143.27272727272728
Burberry,2,2019,11,2019-11,1,36,1738,48.27777777777778,36.5,89,2.4722222222222223,2.0,5010,139.16666666666666,131.0,133,3.6944444444444446,2.0,6970,193.61111111111111,176.0,80,2.2222222222222223,18,0.5,5,13,134,18,960.00701,26.66686138888889,28.976625,987.76624,27.43795111111111,28.9657,30.970172222222224,28.396989722222223,28.887835555555554,193.61111111111111
Burberry,2,2019,12,2019-12,2,35,1103,31.514285714285716,31.0,56,1.6,1.0,4144,118.4,109.0,51,1.457142857142857,1.0,5354,152.97142857142856,146.0,72,2.057142857142857,18,0.5142857142857142,1,13,125,18,765.16103,21.861743714285712,21.36068,835.87728,23.882208000000002,23.35121,29.771313142857142,25.44554685714286,26.238643142857143,152.97142857142856
Burberry,2,2020,1,2020-01,3,25,652,26.08,22.0,59,2.36,2.0,3441,137.64,109.0,52,2.08,1.0,4204,168.16,135.0,33,1.32,3,0.12,0,6,61,3,640.44602,25.6178408,28.40152,663.68566,26.5474264,28.1914,30.719958000000002,27.5360412,28.043426800000002,168.16
Burberry,2,2020,2,2020-02,4,65,3512,54.03076923076923,24.0,347,5.338461538461538,2.0,21625,332.6923076923077,119.0,262,4.030769230769231,2.0,25746,396.0923076923077,145.0,202,3.1076923076923078,24,0.36923076923076925,3,13,291,24,1674.11975,25.755688461538462,28.39689,1744.78532,26.842851076923075,28.1137,31.79580969230769,27.935117076923078,28.53292753846154,396.0923076923077
Burberry,2,2020,3,2020-03,5,21,3740,178.0952380952381,33.0,181,8.619047619047619,2.0,8454,402.57142857142856,137.0,240,11.428571428571429,2.0,12615,600.7142857142857,173.0,40,1.9047619047619047,5,0.23809523809523808,0,9,66,5,592.48822,28.21372476190476,29.67658,604.19455,28.77116904761905,29.943,32.77822333333333,29.627300476190477,30.11626,600.7142857142857
Burberry,2,2020,4,2020-04,6,6,339,56.5,31.5,20,3.3333333333333335,2.5,1731,288.5,122.5,15,2.5,1.0,2105,350.8333333333333,154.5,10,1.6666666666666667,1,0.16666666666666666,0,0,17,1,158.70695999999998,26.451159999999998,28.277475,165.16915,27.528191666666668,28.277745,32.12775666666666,28.633288333333336,29.214043333333333,350.8333333333333
Burberry,2,2020,5,2020-05,7,11,328,29.818181818181817,26.0,22,2.0,1.0,1768,160.72727272727272,85.0,26,2.3636363636363638,1.0,2144,194.9090909090909,111.0,11,1.0,0,0.0,0,2,22,0,246.1709,22.379172727272728,27.15803,263.1357,23.92142727272727,27.23048,28.582009090909093,25.243353636363636,25.90890181818182,194.9090909090909
Burberry,2,2020,6,2020-06,8,15,787,52.46666666666667,36.0,97,6.466666666666667,4.0,4450,296.6666666666667,141.0,73,4.866666666666666,2.0,5407,360.46666666666664,178.0,23,1.5333333333333334,8,0.5333333333333333,0,1,46,8,393.16044,26.210696,30.50617,410.8903,27.39268666666667,30.29539,31.925350666666667,28.536063333333335,29.106704666666666,360.46666666666664
Burberry,2,2020,7,2020-07,9,21,1441,68.61904761904762,33.0,212,10.095238095238095,4.0,10317,491.2857142857143,140.0,200,9.523809523809524,4.0,12170,579.5238095238095,180.0,33,1.5714285714285714,6,0.2857142857142857,1,3,60,6,630.46947,30.022355714285716,31.69969,635.24672,30.24984380952381,30.57928,33.697586666666666,30.916045238095236,31.286115714285714,579.5238095238095
Burberry,2,2020,8,2020-08,10,6,217,36.166666666666664,28.5,36,6.0,5.5,972,162.0,143.0,18,3.0,2.5,1243,207.16666666666666,177.0,6,1.0,1,0.16666666666666666,0,1,13,1,187.32842,31.22140333333333,30.779085000000002,184.89126,30.815209999999997,30.296425,32.841875,31.158360000000002,31.36163666666667,207.16666666666666
Burberry,2,2020,9,2020-09,11,28,1169,41.75,29.5,70,2.5,1.5,4523,161.53571428571428,133.5,122,4.357142857142857,3.0,5884,210.14285714285714,168.0,63,2.25,8,0.2857142857142857,3,6,99,8,736.85873,26.316383214285715,29.13442,757.70352,27.060840000000002,29.003675,31.897915714285716,27.983706785714286,28.544663214285716,210.14285714285714
Burberry,2,2020,10,2020-10,12,7,2698,385.42857142857144,33.0,255,36.42857142857143,9.0,7145,1020.7142857142857,216.0,312,44.57142857142857,1.0,10410,1487.142857142857,267.0,10,1.4285714285714286,3,0.42857142857142855,0,1,20,3,228.52015,32.64573571428571,30.87512,229.75725,32.82246428571428,30.87966,36.05223142857143,33.50006714285714,33.8486,1487.142857142857
Burberry,2,2020,11,2020-11,13,15,1907,127.13333333333334,49.0,206,13.733333333333333,8.0,14437,962.4666666666667,417.0,847,56.46666666666667,8.0,17397,1159.8,480.0,33,2.2,29,1.9333333333333333,2,1,77,29,513.95028,34.263352000000005,33.97789,510.19617,34.013078,33.77209,37.55085333333333,34.48046733333333,34.800167333333334,1159.8
Burberry,2,2020,12,2020-12,14,8,11249,1406.125,23.0,331,41.375,6.5,20312,2539.0,170.5,447,55.875,4.0,32339,4042.375,205.0,11,1.375,1,0.125,0,0,20,1,263.59914,32.9498925,31.502215,263.78744,32.97343,30.97835,35.906795,33.57766625,33.8942925,4042.375
Burberry,2,2021,1,2021-01,15,3,85,28.333333333333332,30.0,47,15.666666666666666,10.0,482,160.66666666666666,159.0,10,3.3333333333333335,3.0,624,208.0,202.0,2,0.6666666666666666,2,0.6666666666666666,0,1,7,2,83.40598,27.801993333333332,32.12324,84.86901,28.28967,31.4435,31.185573333333338,29.044700000000002,29.38337,208.0
Burberry,2,2021,2,2021-02,16,16,3234,202.125,36.0,204,12.75,3.0,6041,377.5625,155.0,205,12.8125,2.5,9684,605.25,206.5,25,1.5625,0,0.0,0,1,41,0,461.55245,28.847028125,29.52429,469.98641,29.374150625,29.645955,33.197590625000004,30.217925625,30.6844825,605.25
Burberry,2,2021,3,2021-03,17,9,265,29.444444444444443,29.0,91,10.11111111111111,5.0,1181,131.22222222222223,116.0,18,2.0,2.0,1555,172.77777777777777,158.0,18,2.0,1,0.1111111111111111,0,3,28,1,263.38746000000003,29.265273333333337,30.65698,263.39423999999997,29.26602666666666,29.94445,31.477361111111108,29.79613666666667,30.05239444444444,172.77777777777777
Burberry,2,2021,4,2021-04,18,10,281,28.1,28.5,98,9.8,6.5,1450,145.0,157.0,34,3.4,4.0,1863,186.3,196.5,27,2.7,2,0.2,0,2,39,2,270.69777,27.069777,32.16082,273.57207,27.357207,31.30672,30.066361999999998,28.034767,28.385917,186.3
Burberry,2,2021,5,2021-05,19,3,402,134.0,103.0,540,180.0,36.0,2956,985.3333333333334,555.0,4843,1614.3333333333333,18.0,8741,2913.6666666666665,685.0,3,1.0,0,0.0,0,2,6,0,134.61936,44.87312,37.02134,125.90344,41.96781333333333,35.60987,41.410943333333336,41.12596,40.83242333333333,2913.6666666666665
Burberry,2,2021,6,2021-06,20,3,416,138.66666666666666,26.0,80,26.666666666666668,16.0,836,278.6666666666667,154.0,33,11.0,4.0,1365,455.0,191.0,5,1.6666666666666667,0,0.0,0,0,8,0,105.2595,35.0865,32.73435,102.53685,34.17895,31.7989,35.117533333333334,34.32067333333333,34.40614,455.0
Burberry,2,2021,7,2021-07,21,6,1910,318.3333333333333,223.0,251,41.833333333333336,20.0,7900,1316.6666666666667,1090.0,697,116.16666666666667,28.0,10758,1793.0,1370.0,20,3.3333333333333335,0,0.0,0,3,26,0,237.47541,39.579235000000004,39.288435,232.29293,38.71548833333333,38.83094,41.05698666666667,38.95257333333333,39.14591333333333,1793.0
Burberry,2,2021,8,2021-08,22,5,376,75.2,55.0,101,20.2,26.0,1583,316.6,234.0,109,21.8,18.0,2169,433.8,335.0,13,2.6,0,0.0,0,1,18,0,164.99502,32.999004,37.32427,162.52407,32.504813999999996,35.63827,34.019146,32.831024,32.993170000000006,433.8
Burberry,2,2021,9,2021-09,23,13,2901,223.15384615384616,26.0,291,22.384615384615383,8.0,8373,644.0769230769231,170.0,292,22.46153846153846,3.0,11857,912.0769230769231,208.0,43,3.3076923076923075,4,0.3076923076923077,0,1,60,4,412.65891,31.742993076923078,31.27539,410.77089,31.59776076923077,31.10488,34.30601076923077,32.09851153846154,32.38774307692308,912.0769230769231
Burberry,2,2021,10,2021-10,24,6,1166,194.33333333333334,28.0,75,12.5,8.0,4558,759.6666666666666,180.0,651,108.5,3.5,6450,1075.0,216.5,15,2.5,0,0.0,1,3,21,0,194.67128,32.445213333333335,31.35829,193.01331,32.168884999999996,30.807685,35.49502666666667,32.606676666666665,32.92209666666667,1075.0
Burberry,2,2021,11,2021-11,25,37,34341,928.1351351351351,152.0,2007,54.24324324324324,16.0,93726,2533.135135135135,910.0,1963,53.054054054054056,12.0,132037,3568.5675675675675,990.0,106,2.864864864864865,13,0.35135135135135137,0,5,156,13,1433.85278,38.75277783783783,36.84103,1423.74301,38.47954081081081,35.75977,41.52663405405405,39.054089189189185,39.395646216216214,3568.5675675675675
Burberry,2,2021,12,2021-12,26,15,551,36.733333333333334,26.0,71,4.733333333333333,4.0,3084,205.6,158.0,53,3.533333333333333,2.0,3759,250.6,190.0,50,3.3333333333333335,2,0.13333333333333333,1,3,67,2,428.26239,28.550825999999997,30.11775,432.86843,28.85789533333333,29.64617,32.349434,29.53804266666667,29.911974666666666,250.6
Burberry,2,2022,1,2022-01,27,10,306,30.6,28.0,64,6.4,6.0,1771,177.1,154.0,27,2.7,2.0,2168,216.8,190.5,14,1.4,3,0.3,0,6,27,3,297.7192,29.77192,31.054315,297.11406,29.711406,30.444335,32.750882000000004,30.212916999999997,30.517201,216.8
Burberry,2,2022,2,2022-02,28,42,4640,110.47619047619048,17.5,324,7.714285714285714,3.0,19715,469.4047619047619,118.5,537,12.785714285714286,2.0,25216,600.3809523809524,138.0,138,3.2857142857142856,13,0.30952380952380953,0,9,193,13,1148.25159,27.339323571428572,29.464835,1170.7457,27.87489761904762,28.984435,31.643110476190476,28.660948333333334,29.079755476190474,600.3809523809524
Burberry,2,2022,3,2022-03,29,52,5297,101.86538461538461,25.0,452,8.692307692307692,2.0,18767,360.90384615384613,121.5,620,11.923076923076923,2.0,25136,483.38461538461536,166.5,196,3.769230769230769,20,0.38461538461538464,0,9,268,20,1424.29107,27.390212884615384,29.080025,1457.3553200000001,28.02606384615385,28.934215000000002,32.49454,28.894961730769232,29.405344423076922,483.38461538461536
Burberry,2,2022,4,2022-04,30,52,7831,150.59615384615384,21.0,471,9.057692307692308,1.5,41599,799.9807692307693,114.0,557,10.711538461538462,1.0,50458,970.3461538461538,138.5,129,2.480769230769231,20,0.38461538461538464,0,4,201,20,1294.83013,24.900579423076923,27.29011,1371.0522799999999,26.36639,27.412190000000002,31.893567884615383,27.64513480769231,28.318241923076922,970.3461538461538
Burberry,2,2022,5,2022-05,31,24,2990,124.58333333333333,42.0,242,10.083333333333334,5.0,14128,588.6666666666666,216.0,538,22.416666666666668,3.5,17898,745.75,256.0,78,3.25,6,0.25,0,4,108,6,740.19735,30.84155625,31.081780000000002,749.81774,31.242405833333333,30.757620000000003,34.74291958333333,32.0278225,32.435264583333336,745.75
Burberry,2,2022,6,2022-06,32,27,2675,99.07407407407408,26.0,258,9.555555555555555,3.0,11421,423.0,100.0,347,12.851851851851851,2.0,14701,544.4814814814815,130.0,65,2.4074074074074074,21,0.7777777777777778,0,4,113,21,741.43133,27.46041962962963,29.45362,762.64118,28.245969629629627,29.25847,32.34401481481481,29.209287407407405,29.723927777777778,544.4814814814815
Burberry,2,2022,7,2022-07,33,26,56528,2174.153846153846,149.0,4365,167.8846153846154,34.0,134554,5175.153846153846,380.5,3879,149.19230769230768,8.5,199326,7666.384615384615,545.5,74,2.8461538461538463,12,0.46153846153846156,1,3,112,12,1049.70442,40.37324692307693,35.17596,1042.92395,40.11245961538462,34.3792,42.54279538461538,40.73657423076923,41.05701653846154,7666.384615384615
Burberry,2,2022,8,2022-08,34,9,739,82.11111111111111,48.0,153,17.0,14.0,2359,262.1111111111111,113.0,70,7.777777777777778,2.0,3321,369.0,167.0,21,2.3333333333333335,2,0.2222222222222222,0,4,32,2,270.42272,30.04696888888889,31.77904,274.05073,30.45008111111111,31.07031,32.83923,31.241547777777775,31.590157777777776,369.0
Chanel,3,2017,1,2017-01,0,21,48340,2301.904761904762,551.0,1152,54.857142857142854,21.0,112781,5370.523809523809,1442.0,3568,169.9047619047619,29.0,165841,7897.190476190476,1941.0,39,1.8571428571428572,0,0.0,0,0,60,0,866.86276,41.279179047619046,39.34932,872.41524,41.54358285714286,39.44275,45.76540142857143,42.50778714285715,43.05906238095238,7897.190476190476
Chanel,3,2017,2,2017-02,0,7,2505,357.85714285714283,358.0,72,10.285714285714286,9.0,5850,835.7142857142857,722.0,174,24.857142857142858,21.0,8601,1228.7142857142858,1187.0,9,1.2857142857142858,2,0.2857142857142857,0,0,18,2,260.72146,37.24592285714285,37.93007,261.12268,37.30324,38.04984,40.62123428571429,38.080218571428574,38.52911,1228.7142857142858
Chanel,3,2017,3,2017-03,0,43,43768,1017.8604651162791,320.0,929,21.6046511627907,10.0,107013,2488.6744186046512,863.0,3028,70.4186046511628,20.0,154738,3598.5581395348836,1357.0,79,1.8372093023255813,2,0.046511627906976744,2,2,124,2,1655.15763,38.49203790697674,37.17683,1668.42463,38.80057279069767,37.64024,42.9066676744186,39.738988837209305,40.278217209302326,3598.5581395348836
Chanel,3,2017,4,2017-04,0,32,15902,496.9375,205.0,379,11.84375,6.5,37207,1162.71875,684.5,769,24.03125,8.0,54257,1695.53125,923.0,56,1.75,14,0.4375,14,0,102,14,1121.14643,35.0358259375,34.499539999999996,1140.53914,35.641848125,35.004795,39.9810740625,36.674102500000004,37.2450096875,1695.53125
Chanel,3,2017,5,2017-05,0,49,35152,717.3877551020408,259.0,739,15.081632653061224,6.0,96605,1971.530612244898,831.0,1928,39.3469387755102,14.0,134424,2743.3469387755104,1108.0,85,1.7346938775510203,0,0.0,7,2,134,0,1791.92388,36.56987510204082,35.81779,1813.97688,37.01993632653061,36.07788,41.35021591836735,37.98742469387755,38.536800204081636,2743.3469387755104
Chanel,3,2017,6,2017-06,0,17,18787,1105.1176470588234,401.0,362,21.294117647058822,14.0,35281,2075.3529411764707,1001.0,764,44.94117647058823,15.0,55194,3246.705882352941,1436.0,18,1.0588235294117647,3,0.17647058823529413,2,0,38,3,635.23113,37.36653705882353,37.63354,646.71054,38.04179647058824,37.84995,42.621821764705885,39.16822294117647,39.788042352941176,3246.705882352941
Chanel,3,2017,7,2017-07,0,28,52150,1862.5,393.5,1272,45.42857142857143,13.5,154245,5508.75,1165.0,2954,105.5,17.0,210621,7522.178571428572,1543.5,47,1.6785714285714286,4,0.14285714285714285,1,1,79,4,1095.43845,39.12280178571429,37.46464,1109.20854,39.61459071428572,37.660425000000004,44.21456678571428,40.65421392857143,41.23965892857143,7522.178571428572
Chanel,3,2017,8,2017-08,0,7,2299,328.42857142857144,288.0,87,12.428571428571429,6.0,7801,1114.4285714285713,955.0,102,14.571428571428571,6.0,10289,1469.857142857143,1253.0,11,1.5714285714285714,0,0.0,1,0,18,0,246.83485000000002,35.26212142857143,33.60682,251.66711,35.952444285714286,34.58018,40.51070285714286,37.01972285714286,37.599361428571434,1469.857142857143
Chanel,3,2017,9,2017-09,0,9,4519,502.1111111111111,189.0,252,28.0,9.0,13709,1523.2222222222222,906.0,465,51.666666666666664,7.0,18945,2105.0,1112.0,7,0.7777777777777778,6,0.6666666666666666,0,0,22,6,323.62216,35.958017777777776,34.9707,328.09871,36.45541222222222,35.40387,41.010087777777784,37.42790777777778,37.98531,2105.0
Chanel,3,2017,10,2017-10,0,33,38524,1167.3939393939395,258.0,1245,37.72727272727273,9.0,122529,3713.0,1012.0,2044,61.93939393939394,15.0,164342,4980.060606060606,1289.0,57,1.7272727272727273,4,0.12121212121212122,0,0,94,4,1262.1439599999999,38.246786666666665,36.34459,1274.08616,38.608671515151514,36.87142,42.99931303030303,39.54581909090909,40.080929999999995,4980.060606060606
Chanel,3,2017,11,2017-11,0,25,4137,165.48,112.0,212,8.48,6.0,17444,697.76,582.0,179,7.16,5.0,21972,878.88,714.0,25,1.0,13,0.52,1,0,63,13,796.73461,31.869384399999998,33.11061,817.33368,32.6933472,33.55069,37.40582,33.7472264,34.3130632,878.88
Chanel,3,2017,12,2017-12,0,42,11364,270.57142857142856,134.5,384,9.142857142857142,5.0,42705,1016.7857142857143,639.5,526,12.523809523809524,5.5,54979,1309.0238095238096,765.5,69,1.6428571428571428,9,0.21428571428571427,0,3,120,9,1354.10116,32.24050380952381,33.33862,1397.63305,33.27697738095238,33.62151,38.34627952380953,34.464017857142856,35.09229142857143,1309.0238095238096
Chanel,3,2018,1,2018-01,0,46,12183,264.8478260869565,179.5,356,7.739130434782608,6.0,46445,1009.6739130434783,779.0,651,14.152173913043478,8.0,59635,1296.4130434782608,962.0,64,1.391304347826087,4,0.08695652173913043,1,3,114,4,1580.41898,34.35693434782608,34.507670000000005,1607.53538,34.94642130434783,34.8181,39.72248673913044,35.9294,36.49513456521739,1296.4130434782608
Chanel,3,2018,2,2018-02,0,14,3765,268.92857142857144,202.0,175,12.5,12.5,15618,1115.5714285714287,945.0,226,16.142857142857142,9.5,19784,1413.142857142857,1174.0,15,1.0714285714285714,6,0.42857142857142855,1,3,35,6,506.66218,36.190155714285716,35.397135,510.94127,36.495805,35.72188,40.705912857142856,37.34298785714286,37.826972142857144,1413.142857142857
Chanel,3,2018,3,2018-03,0,59,37259,631.5084745762712,199.0,1619,27.440677966101696,9.0,139974,2372.4406779661017,976.0,4120,69.83050847457628,10.0,182972,3101.2203389830506,1190.0,112,1.8983050847457628,10,0.1694915254237288,4,4,181,10,2128.43197,36.07511813559322,35.26668,2149.97813,36.44030728813559,35.80427,40.811604576271186,37.31708372881356,37.817863728813556,3101.2203389830506
Chanel,3,2018,4,2018-04,0,33,4296,130.1818181818182,100.0,160,4.848484848484849,3.0,20767,629.3030303030303,526.0,211,6.393939393939394,3.0,25434,770.7272727272727,663.0,50,1.5151515151515151,5,0.15151515151515152,2,11,88,5,952.80116,28.872762424242424,31.71299,1003.32043,30.403649393939393,31.79245,36.21711272727273,31.79510121212121,32.51542121212121,770.7272727272727
Chanel,3,2018,5,2018-05,0,84,20608,245.33333333333334,127.0,677,8.05952380952381,4.0,89720,1068.095238095238,586.0,1263,15.035714285714286,5.0,112268,1336.5238095238096,738.0,175,2.0833333333333335,5,0.05952380952380952,20,12,264,5,2641.1879,31.442713095238094,32.228445,2728.71516,32.48470428571429,32.91642,37.73833440476191,33.65836654761905,34.2952605952381,1336.5238095238096
Chanel,3,2018,6,2018-06,0,42,5934,141.28571428571428,135.5,164,3.9047619047619047,3.5,28342,674.8095238095239,641.5,239,5.690476190476191,4.0,34679,825.6904761904761,768.5,47,1.119047619047619,8,0.19047619047619047,0,7,97,8,1333.84425,31.75819642857143,32.424965,1369.11891,32.59806928571428,33.130985,37.63832285714285,33.661279285714286,34.254580476190476,825.6904761904761
Chanel,3,2018,7,2018-07,0,63,14582,231.46031746031747,148.0,808,12.825396825396826,5.0,65938,1046.6349206349207,706.0,919,14.587301587301587,6.0,82247,1305.5079365079366,865.0,117,1.8571428571428572,1,0.015873015873015872,0,5,181,1,2122.10159,33.684152222222224,33.4046,2160.59203,34.295111587301584,33.99902,38.93297349206349,35.26370269841269,35.80410380952381,1305.5079365079366
Chanel,3,2018,8,2018-08,0,21,3856,183.61904761904762,147.0,221,10.523809523809524,7.0,20069,955.6666666666666,754.0,203,9.666666666666666,7.0,24349,1159.4761904761904,908.0,22,1.0476190476190477,4,0.19047619047619047,0,1,47,4,718.32005,34.20571666666667,34.33988,728.7709,34.70337619047619,34.45831,39.36358142857143,35.614846666666665,36.14033428571428,1159.4761904761904
Chanel,3,2018,9,2018-09,0,45,6641,147.57777777777778,119.0,259,5.7555555555555555,5.0,30792,684.2666666666667,600.0,296,6.5777777777777775,5.0,37988,844.1777777777778,709.0,61,1.3555555555555556,13,0.28888888888888886,6,2,119,13,1470.3494,32.67443111111111,32.69897,1497.93173,33.28737177777778,33.34997,37.851685555555555,34.236445333333336,34.765799333333334,844.1777777777778
Chanel,3,2018,10,2018-10,0,42,42957,1022.7857142857143,200.5,1399,33.30952380952381,8.5,143176,3408.9523809523807,915.0,5120,121.9047619047619,13.0,192652,4586.952380952381,1173.5,113,2.6904761904761907,7,0.16666666666666666,0,0,162,7,1574.51093,37.48835547619048,35.570885000000004,1583.85196,37.71076095238095,36.006119999999996,42.04800976190476,38.53776,39.02762547619048,4586.952380952381
Chanel,3,2018,11,2018-11,0,38,7535,198.28947368421052,152.0,268,7.052631578947368,5.0,36235,953.5526315789474,732.0,447,11.763157894736842,9.5,44485,1170.657894736842,902.0,45,1.1842105263157894,5,0.13157894736842105,0,2,88,5,1294.28905,34.06023815789474,34.357275,1314.3867,34.58912368421053,34.654219999999995,39.21344421052631,35.51615131578947,36.04348184210526,1170.657894736842
Chanel,3,2018,12,2018-12,0,52,16742,321.96153846153845,127.5,989,19.01923076923077,6.0,85970,1653.2692307692307,641.5,1592,30.615384615384617,6.0,105293,2024.8653846153845,782.0,116,2.230769230769231,14,0.2692307692307692,1,7,182,14,1787.26807,34.37053980769231,33.530370000000005,1809.85838,34.80496884615384,33.675200000000004,39.18535673076923,35.680785769230766,36.17530153846154,2024.8653846153845
Chanel,3,2019,1,2019-01,0,46,10159,220.84782608695653,181.5,425,9.23913043478261,7.5,47917,1041.6739130434783,899.5,628,13.652173913043478,9.0,59129,1285.4130434782608,1137.0,86,1.8695652173913044,4,0.08695652173913043,2,7,136,4,1594.32913,34.65932891304348,35.17924,1619.65774,35.20995086956522,35.48168,39.81740065217391,36.158608478260874,36.68808152173913,1285.4130434782608
Chanel,3,2019,2,2019-02,0,23,10091,438.7391304347826,133.0,592,25.73913043478261,10.0,33246,1445.4782608695652,852.0,1380,60.0,7.0,45309,1969.9565217391305,1018.0,38,1.6521739130434783,2,0.08695652173913043,3,0,63,2,821.9388,35.73646956521739,34.85202,825.96976,35.91172869565217,34.92885,40.05267391304348,36.652321739130436,37.08421739130435,1969.9565217391305
Chanel,3,2019,3,2019-03,0,71,47083,663.1408450704225,175.0,2423,34.12676056338028,9.0,185273,2609.478873239437,985.0,4066,57.267605633802816,9.0,238845,3364.0140845070423,1190.0,169,2.380281690140845,4,0.056338028169014086,0,9,244,4,2582.56045,36.37409084507042,35.12472,2614.62252,36.825669295774645,35.3977,41.401152253521126,37.74812366197183,38.2663538028169,3364.0140845070423
Chanel,3,2019,4,2019-04,0,36,4059,112.75,100.5,270,7.5,5.0,21391,594.1944444444445,582.5,183,5.083333333333333,4.0,25903,719.5277777777778,686.5,48,1.3333333333333333,13,0.3611111111111111,4,8,97,13,1136.58473,31.571798055555558,32.425245000000004,1164.2998,32.34166111111111,32.86471,36.939798333333336,33.34489361111111,33.877699444444445,719.5277777777778
Chanel,3,2019,5,2019-05,0,86,23208,269.86046511627904,116.5,2015,23.430232558139537,8.0,111404,1295.3953488372092,673.0,1587,18.453488372093023,6.0,138214,1607.139534883721,820.5,190,2.2093023255813953,1,0.011627906976744186,6,11,277,1,2963.95861,34.464635,34.089385,2997.60062,34.8558211627907,34.18239,39.1815323255814,35.69468953488372,36.16372918604652,1607.139534883721
Chanel,3,2019,6,2019-06,0,37,5544,149.83783783783784,95.0,429,11.594594594594595,6.0,28028,757.5135135135135,595.0,345,9.324324324324325,4.0,34346,928.2702702702703,727.0,55,1.4864864864864864,0,0.0,0,10,92,0,1219.2727,32.953316216216216,32.92046,1239.36723,33.496411621621625,33.31875,37.95100351351351,34.39729513513514,34.89482810810811,928.2702702702703
Chanel,3,2019,7,2019-07,0,40,13806,345.15,115.0,689,17.225,6.0,72345,1808.625,648.5,1353,33.825,5.0,88193,2204.825,787.5,52,1.3,1,0.025,1,4,93,1,1377.61932,34.440483,33.31698,1393.33537,34.83338425,33.50178,39.39053825,35.682889,36.179761,2204.825
Chanel,3,2019,8,2019-08,0,41,5213,127.14634146341463,105.0,292,7.121951219512195,5.0,29862,728.3414634146342,650.0,310,7.560975609756097,4.0,35677,870.170731707317,762.0,63,1.5365853658536586,5,0.12195121951219512,1,2,109,5,1326.71044,32.3587912195122,32.45146,1353.61838,33.01508243902439,32.99142,37.693716341463414,33.96565585365853,34.48829804878049,870.170731707317
Chanel,3,2019,9,2019-09,0,56,10808,193.0,67.5,486,8.678571428571429,4.0,46716,834.2142857142857,477.5,571,10.196428571428571,3.0,58581,1046.0892857142858,561.0,134,2.392857142857143,0,0.0,13,11,190,0,1688.6193,30.153916071428572,31.433349999999997,1754.98266,31.33897607142857,31.855255,36.66778357142857,32.55115464285714,33.18685107142857,1046.0892857142858
Chanel,3,2019,10,2019-10,0,58,30965,533.8793103448276,134.0,2330,40.172413793103445,8.0,118468,2042.551724137931,744.5,2311,39.8448275862069,8.0,154074,2656.448275862069,881.5,130,2.2413793103448274,4,0.06896551724137931,5,7,192,4,2098.46947,36.180508103448275,34.60806,2106.50305,36.31901810344827,34.7281,40.40644689655172,37.05390448275862,37.48651482758621,2656.448275862069
Chanel,3,2019,11,2019-11,1,30,7966,265.53333333333336,91.5,479,15.966666666666667,6.0,29489,982.9666666666667,567.5,374,12.466666666666667,4.0,38308,1276.9333333333334,662.5,46,1.5333333333333334,1,0.03333333333333333,1,5,77,1,992.31888,33.077296000000004,32.987215000000006,1006.05522,33.535174,33.133570000000006,37.741488,34.387968666666666,34.854434,1276.9333333333334
Chanel,3,2019,12,2019-12,2,29,12394,427.37931034482756,152.0,597,20.586206896551722,10.0,62103,2141.4827586206898,861.0,896,30.896551724137932,8.0,75990,2620.344827586207,1029.0,37,1.2758620689655173,3,0.10344827586206896,3,8,69,3,1060.1089,36.55547931034483,34.91529,1070.22655,36.90436379310345,35.37118,41.46693206896552,37.76751448275862,38.26634137931034,2620.344827586207
Chanel,3,2020,1,2020-01,3,50,18209,364.18,105.5,1052,21.04,5.5,74315,1486.3,618.0,1308,26.16,4.0,94884,1897.68,741.5,78,1.56,0,0.0,4,2,128,0,1679.75261,33.5950522,32.81679,1703.2302,34.064604,33.159285,38.6075924,34.934392200000005,35.429043,1897.68
Chanel,3,2020,2,2020-02,4,37,6809,184.02702702702703,117.0,304,8.216216216216216,5.0,36166,977.4594594594595,640.0,385,10.405405405405405,6.0,43664,1180.1081081081081,770.0,74,2.0,12,0.32432432432432434,0,5,123,12,1208.68237,32.66709108108108,33.37631,1237.70505,33.45148783783784,33.94546,38.46102918918919,34.48836027027027,35.062153783783785,1180.1081081081081
Chanel,3,2020,3,2020-03,5,64,11664,182.25,65.0,650,10.15625,3.0,66212,1034.5625,424.5,1023,15.984375,3.0,79549,1242.953125,496.5,123,1.921875,39,0.609375,1,9,226,39,1795.48296,28.05442125,30.89086,1891.06162,29.5478378125,31.43005,35.77198890625,30.89592171875,31.62882640625,1242.953125
Chanel,3,2020,4,2020-04,6,19,1973,103.84210526315789,94.0,133,7.0,7.0,11834,622.8421052631579,534.0,130,6.842105263157895,4.0,14070,740.5263157894736,639.0,38,2.0,4,0.21052631578947367,1,5,61,4,634.71499,33.40605210526316,33.7118,638.76794,33.619365263157896,34.05646,37.64466684210526,34.33862578947369,34.75879526315789,740.5263157894736
Chanel,3,2020,5,2020-05,7,21,1747,83.19047619047619,77.0,182,8.666666666666666,7.0,10637,506.5238095238095,437.0,104,4.9523809523809526,4.0,12670,603.3333333333334,525.0,51,2.4285714285714284,3,0.14285714285714285,0,2,75,3,683.15551,32.531214761904764,32.67237,688.91927,32.80567952380952,32.60327,36.60577333333333,33.5392880952381,33.94399428571428,603.3333333333334
Chanel,3,2020,6,2020-06,8,6,533,88.83333333333333,88.5,70,11.666666666666666,12.5,3559,593.1666666666666,586.0,52,8.666666666666666,8.0,4214,702.3333333333334,697.5,12,2.0,0,0.0,0,1,18,0,209.7576,34.9596,35.16508,208.17864,34.69644,34.84527,37.95618666666667,35.16604833333333,35.46335166666667,702.3333333333334
Chanel,3,2020,7,2020-07,9,81,7799,96.28395061728395,80.0,642,7.925925925925926,4.0,53032,654.716049382716,596.0,735,9.074074074074074,5.0,62208,768.0,695.0,139,1.7160493827160495,1,0.012345679012345678,0,14,221,1,2500.52483,30.870676913580244,32.25899,2562.19482,31.632034814814816,32.6135,36.717760740740744,32.60825209876543,33.160965802469136,768.0
Chanel,3,2020,8,2020-08,10,7,984,140.57142857142858,133.0,109,15.571428571428571,15.0,6117,873.8571428571429,714.0,63,9.0,9.0,7273,1039.0,866.0,9,1.2857142857142858,1,0.14285714285714285,1,0,17,1,249.80241,35.686058571428575,36.14,249.36689,35.62384142857143,36.25068,39.20034428571429,36.22235714285714,36.574245714285716,1039.0
Chanel,3,2020,9,2020-09,11,27,2038,75.48148148148148,71.0,198,7.333333333333333,6.0,13539,501.44444444444446,462.0,138,5.111111111111111,4.0,15913,589.3703703703703,563.0,70,2.5925925925925926,0,0.0,15,5,97,0,830.5813499999999,30.76227222222222,32.55925,850.44606,31.498002222222222,32.75452,36.02929814814815,32.45080296296297,32.95282592592593,589.3703703703703
Chanel,3,2020,10,2020-10,12,59,26494,449.0508474576271,84.0,1712,29.016949152542374,7.0,95661,1621.3728813559321,447.0,3220,54.57627118644068,6.0,127087,2154.0169491525426,551.0,149,2.5254237288135593,0,0.0,5,13,208,0,1960.76377,33.23328423728814,33.67067,1984.33536,33.63280271186441,33.95499,38.06414016949153,34.46379440677966,34.94811627118644,2154.0169491525426
Chanel,3,2020,11,2020-11,13,12,1194,99.5,59.0,180,15.0,13.5,8905,742.0833333333334,507.0,175,14.583333333333334,6.5,10454,871.1666666666666,581.5,30,2.5,0,0.0,0,2,42,0,423.25601,35.27133416666667,34.485730000000004,418.52414,34.87701166666667,33.870765,38.13816833333333,35.26683583333333,35.534688333333335,871.1666666666666
Chanel,3,2020,12,2020-12,14,55,9974,181.34545454545454,68.0,2210,40.18181818181818,5.0,74534,1355.1636363636364,545.0,3135,57.0,8.0,89853,1633.6909090909091,638.0,121,2.2,2,0.03636363636363636,2,10,178,2,1929.23559,35.07701072727273,33.68182,1912.00343,34.763698727272725,33.47276,38.29468581818182,35.20253945454545,35.50733454545455,1633.6909090909091
Chanel,3,2021,1,2021-01,15,55,5731,104.2,82.0,384,6.9818181818181815,5.0,33359,606.5272727272727,539.0,583,10.6,5.0,40057,728.3090909090909,607.0,125,2.272727272727273,0,0.0,11,3,180,0,1782.5301,32.40963818181818,32.9029,1805.23507,32.822455818181815,33.03948,37.31321618181818,33.638546545454545,34.117518181818184,728.3090909090909
Chanel,3,2021,2,2021-02,16,6,690,115.0,122.5,135,22.5,15.0,3566,594.3333333333334,608.5,40,6.666666666666667,7.0,4431,738.5,788.5,13,2.1666666666666665,0,0.0,0,4,19,0,210.65233,35.10872166666667,35.11155,209.77328,34.96221333333333,35.119365,37.89906833333333,35.51260166666667,35.81736333333333,738.5
Chanel,3,2021,3,2021-03,17,75,73294,977.2533333333333,70.0,6688,89.17333333333333,8.0,186388,2485.173333333333,473.0,8835,117.8,4.0,275205,3669.4,552.0,176,2.3466666666666667,0,0.0,22,7,251,0,2577.41265,34.365502,33.18438,2597.62479,34.6349972,33.13286,38.39904573333333,35.403862000000004,35.81718506666667,3669.4
Chanel,3,2021,4,2021-04,18,33,6043,183.12121212121212,68.0,673,20.393939393939394,8.0,29190,884.5454545454545,478.0,361,10.93939393939394,3.0,36267,1099.0,572.0,71,2.1515151515151514,0,0.0,1,6,104,0,1065.89374,32.299810303030306,33.2827,1081.8504,32.783345454545454,33.2297,36.69818878787879,33.62374393939394,34.05604424242424,1099.0
Chanel,3,2021,5,2021-05,19,62,5476,88.3225806451613,81.5,758,12.225806451612904,7.5,34498,556.4193548387096,510.0,399,6.435483870967742,5.0,41131,663.4032258064516,610.5,121,1.9516129032258065,0,0.0,15,8,183,0,2050.03367,33.065059193548386,33.070750000000004,2062.67889,33.26901435483871,33.076385,37.0344464516129,33.96932919354839,34.360334032258066,663.4032258064516
Chanel,3,2021,6,2021-06,20,36,4038,112.16666666666667,78.5,393,10.916666666666666,6.5,23494,652.6111111111111,546.5,413,11.472222222222221,6.5,28338,787.1666666666666,647.0,60,1.6666666666666667,0,0.0,0,10,96,0,1195.95721,33.22103361111111,33.768195,1207.31367,33.53649083333333,33.595225,37.65067416666667,34.307433611111115,34.74405972222222,787.1666666666666
Chanel,3,2021,7,2021-07,21,68,6744,99.17647058823529,79.0,729,10.720588235294118,6.0,45322,666.5,556.5,595,8.75,5.0,53390,785.1470588235294,638.5,113,1.661764705882353,0,0.0,18,18,181,0,2246.31867,33.0340980882353,32.98688,2263.47006,33.28632441176471,33.234404999999995,37.45605794117647,34.01178955882353,34.435878823529414,785.1470588235294
Chanel,3,2021,8,2021-08,22,1,105,105.0,105.0,52,52.0,52.0,489,489.0,489.0,9,9.0,9.0,655,655.0,655.0,1,1.0,0,0.0,0,1,2,0,37.51163,37.51163,37.51163,36.60715,36.60715,36.60715,37.77823,36.7707,36.85434,655.0
Chanel,3,2021,9,2021-09,23,39,15630,400.7692307692308,70.0,1898,48.666666666666664,18.0,53044,1360.1025641025642,550.0,1210,31.025641025641026,6.0,71782,1840.5641025641025,657.0,76,1.9487179487179487,3,0.07692307692307693,10,8,118,3,1375.79566,35.2768117948718,34.38627,1370.51115,35.14131153846154,34.12298,38.64009307692307,35.69042102564102,36.02481,1840.5641025641025
Chanel,3,2021,10,2021-10,24,87,59052,678.7586206896551,80.0,8207,94.33333333333333,7.0,157213,1807.0459770114942,575.0,3754,43.14942528735632,6.0,228226,2623.287356321839,665.0,141,1.6206896551724137,0,0.0,17,6,228,0,3082.52337,35.43130310344827,33.63538,3088.7599999999998,35.502988505747126,33.58756,39.25173390804598,36.18007448275862,36.569897011494255,2623.287356321839
Chanel,3,2021,11,2021-11,25,25,11715,468.6,84.0,1030,41.2,9.0,37523,1500.92,486.0,495,19.8,5.0,50763,2030.52,583.0,59,2.36,0,0.0,3,2,84,0,832.9250499999999,33.317001999999995,33.64078,844.42345,33.776938,33.8853,37.7625644,34.6309416,35.0781556,2030.52
Chanel,3,2021,12,2021-12,26,53,4582,86.45283018867924,72.0,740,13.962264150943396,6.0,24508,462.41509433962267,425.0,299,5.6415094339622645,6.0,30129,568.4716981132076,518.0,96,1.8113207547169812,0,0.0,13,12,149,0,1671.0856899999999,31.52991867924528,33.41638,1697.15714,32.02183283018868,33.04005,35.98104283018868,32.86474735849057,33.31190490566038,568.4716981132076
Chanel,3,2022,1,2022-01,27,55,13648,248.14545454545456,71.0,1446,26.29090909090909,6.0,48735,886.0909090909091,403.0,540,9.818181818181818,4.0,64369,1170.3454545454545,481.0,79,1.4363636363636363,0,0.0,9,3,134,0,1839.29227,33.441677636363636,32.59527,1841.68406,33.485164727272725,32.54247,36.92233309090909,34.11183145454545,34.47080454545455,1170.3454545454545
Chanel,3,2022,2,2022-02,28,16,24540,1533.75,175.5,1617,101.0625,35.5,70654,4415.875,1070.0,699,43.6875,13.0,97510,6094.375,1281.5,38,2.375,0,0.0,1,1,54,0,652.72421,40.795263125,38.163345,651.2461900000001,40.702886875000004,37.439015,44.1149075,41.401291875,41.782798125,6094.375
Chanel,3,2022,3,2022-03,29,51,27938,547.8039215686274,104.0,3090,60.588235294117645,28.0,80365,1575.7843137254902,543.0,1342,26.313725490196077,6.0,112735,2210.4901960784314,663.0,92,1.803921568627451,2,0.0392156862745098,14,12,145,2,1851.23925,36.29880882352941,35.4363,1846.91742,36.21406705882353,35.03681,39.12639215686274,36.82496705882353,37.1451131372549,2210.4901960784314
Chanel,3,2022,4,2022-04,30,32,2858,89.3125,71.0,617,19.28125,19.0,12480,390.0,310.5,123,3.84375,2.0,16078,502.4375,409.5,53,1.65625,0,0.0,6,3,85,0,1007.9044700000001,31.497014687500002,32.633314999999996,1024.15758,32.004924375,32.557885,35.1461584375,32.861161875,33.2584453125,502.4375
Chanel,3,2022,5,2022-05,31,50,12903,258.06,103.0,1455,29.1,15.0,40786,815.72,516.0,1275,25.5,7.0,56419,1128.38,641.0,86,1.72,0,0.0,24,10,136,0,1789.63577,35.7927154,35.2886,1779.35679,35.5871358,34.89604,38.3133354,36.132353800000004,36.4345516,1128.38
Chanel,3,2022,6,2022-06,32,64,11878,185.59375,64.0,1429,22.328125,12.0,37092,579.5625,316.5,546,8.53125,3.0,50945,796.015625,395.0,105,1.640625,12,0.1875,5,10,181,12,2014.07896,31.46998375,32.71266,2047.44631,31.99134859375,32.39352,35.26981515625,32.85383625,33.26151828125,796.015625
Chanel,3,2022,7,2022-07,33,68,7915,116.3970588235294,112.5,1004,14.764705882352942,12.0,25117,369.36764705882354,370.5,363,5.338235294117647,4.0,34399,505.86764705882354,498.5,109,1.6029411764705883,4,0.058823529411764705,10,5,181,4,2228.8623,32.77738676470588,33.187805,2247.58628,33.052739411764705,33.403774999999996,35.90227308823529,33.8288030882353,34.21012705882353,505.86764705882354
Chanel,3,2022,8,2022-08,34,2,213,106.5,106.5,47,23.5,23.5,609,304.5,304.5,5,2.5,2.5,874,437.0,437.0,2,1.0,0,0.0,0,0,4,0,53.50447,26.752235,26.752235,56.75987000000001,28.379935000000003,28.379935000000003,32.275345,29.78666,30.376925,437.0
Dior,4,2019,10,2019-10,0,2,116,58.0,58.0,10,5.0,5.0,792,396.0,396.0,9,4.5,4.5,927,463.5,463.5,5,2.5,1,0.5,1,2,8,1,63.58202,31.79101,31.79101,63.93815,31.969075,31.969075,35.752955,32.629875,33.012190000000004,463.5
Dior,4,2019,11,2019-11,1,74,4245,57.36486486486486,45.5,277,3.7432432432432434,3.0,27062,365.7027027027027,330.5,312,4.216216216216216,3.0,31896,431.02702702702703,378.0,113,1.527027027027027,49,0.6621621621621622,12,27,236,49,2137.79379,28.88910527027027,31.022820000000003,2188.6136,29.575859459459462,31.054299999999998,34.047447567567566,30.487114864864864,30.994490675675674,431.02702702702703
Dior,4,2019,12,2019-12,2,93,8571,92.16129032258064,53.0,919,9.881720430107526,2.0,36707,394.6989247311828,306.0,1097,11.795698924731182,3.0,47294,508.5376344086022,369.0,179,1.924731182795699,26,0.27956989247311825,3,35,298,26,2592.25823,27.87374440860215,30.60264,2687.5259,28.89812795698925,30.76714,33.950384731182794,30.000493440860215,30.612226451612905,508.5376344086022
Dior,4,2020,1,2020-01,3,112,11330,101.16071428571429,61.0,1067,9.526785714285714,2.0,62765,560.4017857142857,374.0,1539,13.741071428571429,4.0,76701,684.8303571428571,438.5,198,1.7678571428571428,44,0.39285714285714285,5,35,354,44,3362.10815,30.01882276785714,31.23338,3446.74462,30.774505535714287,31.42485,35.70412267857143,31.746617589285712,32.301083035714285,684.8303571428571
Dior,4,2020,2,2020-02,4,86,7308,84.97674418604652,46.5,687,7.988372093023256,3.0,44376,516.0,360.0,1495,17.38372093023256,4.0,53866,626.3488372093024,407.5,210,2.441860465116279,28,0.32558139534883723,5,21,324,28,2573.46386,29.92399837209302,31.434195,2619.96983,30.46476546511628,31.549970000000002,34.74638813953488,31.316113255813953,31.798217558139534,626.3488372093024
Dior,4,2020,3,2020-03,5,49,3617,73.81632653061224,51.0,278,5.673469387755102,4.0,19689,401.81632653061223,314.0,339,6.918367346938775,3.0,23923,488.2244897959184,384.0,82,1.6734693877551021,14,0.2857142857142857,1,15,145,14,1410.60422,28.787841224489796,31.77309,1452.31615,29.63910510204082,31.63274,34.32443265306123,30.642464081632653,31.187979591836736,488.2244897959184
Dior,4,2020,4,2020-04,6,41,3600,87.8048780487805,77.0,194,4.7317073170731705,4.0,19813,483.2439024390244,398.0,223,5.439024390243903,3.0,23830,581.219512195122,503.0,64,1.5609756097560976,4,0.0975609756097561,3,11,109,4,1204.20781,29.370922195121953,31.81645,1235.87819,30.143370487804876,32.22261,34.44570414634146,31.131123902439025,31.661816341463414,581.219512195122
Dior,4,2020,5,2020-05,7,47,4223,89.85106382978724,75.0,304,6.468085106382978,6.0,27973,595.1702127659574,529.0,289,6.148936170212766,5.0,32789,697.6382978723404,606.0,71,1.5106382978723405,8,0.1702127659574468,2,15,126,8,1489.14055,31.683841489361704,32.39605,1514.53701,32.22419170212766,32.73323,36.6862029787234,33.090630000000004,33.57271957446808,697.6382978723404
Dior,4,2020,6,2020-06,8,49,4838,98.73469387755102,79.0,410,8.36734693877551,5.0,32400,661.2244897959183,615.0,507,10.346938775510203,6.0,38155,778.6734693877551,697.0,79,1.6122448979591837,14,0.2857142857142857,1,16,142,14,1521.75148,31.056152653061222,33.20734,1538.39794,31.395876326530612,33.55832,35.35596387755102,32.13936775510204,32.558772857142856,778.6734693877551
Dior,4,2020,7,2020-07,9,102,12990,127.3529411764706,80.5,956,9.372549019607844,6.0,76523,750.2254901960785,543.0,2142,21.0,7.0,92611,907.9509803921569,656.5,144,1.411764705882353,1,0.00980392156862745,13,24,247,1,3434.57665,33.672320098039215,33.697559999999996,3441.82812,33.74341294117647,33.5443,37.93176411764706,34.38442117647059,34.79456333333333,907.9509803921569
Dior,4,2020,8,2020-08,10,69,43959,637.0869565217391,70.0,2795,40.507246376811594,5.0,119679,1734.4782608695652,519.0,3999,57.95652173913044,5.0,170432,2470.0289855072465,588.0,140,2.028985507246377,10,0.14492753623188406,8,22,219,10,2303.7221,33.387276811594205,32.77674,2321.67336,33.647439999999996,32.85239,37.9267068115942,34.38575565217391,34.822064492753626,2470.0289855072465
Dior,4,2020,9,2020-09,11,73,24752,339.06849315068496,55.0,1774,24.301369863013697,4.0,81037,1110.0958904109589,383.0,1948,26.684931506849313,4.0,109511,1500.150684931507,456.0,117,1.6027397260273972,19,0.2602739726027397,5,20,209,19,2284.956,31.300767123287674,31.79505,2325.59797,31.85750643835616,31.79696,36.2483,32.7278402739726,33.20760849315069,1500.150684931507
Dior,4,2020,10,2020-10,12,87,60000,689.6551724137931,56.0,2662,30.597701149425287,6.0,119433,1372.7931034482758,425.0,2961,34.03448275862069,4.0,185056,2127.080459770115,511.0,142,1.632183908045977,16,0.1839080459770115,11,21,245,16,2808.19474,32.278100459770116,32.4171,2833.16778,32.565146896551724,32.50033,36.78178804597701,33.29313712643678,33.71872712643678,2127.080459770115
Dior,4,2020,11,2020-11,13,77,4813,62.506493506493506,41.0,558,7.246753246753247,5.0,39856,517.6103896103896,373.0,707,9.181818181818182,5.0,45934,596.5454545454545,412.0,119,1.5454545454545454,11,0.14285714285714285,13,27,207,11,2417.41955,31.395059090909093,32.23928,2431.16013,31.573508181818184,32.04047,35.847511818181815,32.21026753246753,32.60637415584416,596.5454545454545
Dior,4,2020,12,2020-12,14,114,79385,696.359649122807,42.0,3562,31.24561403508772,3.0,204305,1792.1491228070176,323.5,6019,52.79824561403509,3.0,293271,2572.5526315789475,372.0,147,1.2894736842105263,27,0.23684210526315788,7,26,288,27,3418.47599,29.98663149122807,31.13749,3498.92172,30.692295789473683,31.126025,35.00638842105263,31.646264824561406,32.162690789473686,2572.5526315789475
Dior,4,2021,1,2021-01,15,113,20336,179.9646017699115,57.0,1678,14.849557522123893,5.0,97193,860.1150442477876,455.0,3117,27.58407079646018,5.0,122324,1082.513274336283,520.0,168,1.4867256637168142,6,0.05309734513274336,10,35,287,6,3650.17128,32.3024007079646,32.42471,3670.27783,32.48033477876106,32.42169,36.32015946902655,33.15784495575221,33.554359026548674,1082.513274336283
Dior,4,2021,2,2021-02,16,58,9004,155.24137931034483,58.5,767,13.224137931034482,6.0,43939,757.5689655172414,431.0,705,12.155172413793103,4.0,54415,938.1896551724138,507.0,94,1.6206896551724137,12,0.20689655172413793,3,12,164,12,1913.0720900000001,32.98400155172414,32.283185,1921.00196,33.12072344827586,32.49853,36.97145155172414,33.77682775862069,34.159024137931034,938.1896551724138
Dior,4,2021,3,2021-03,17,107,29608,276.7102803738318,63.0,3521,32.90654205607477,6.0,106754,997.7009345794393,500.0,3103,29.0,3.0,142986,1336.3177570093458,589.0,176,1.644859813084112,50,0.4672897196261682,14,40,333,50,3473.20087,32.45982121495327,32.17948,3520.02787,32.89745672897196,32.31354,36.95178588785047,33.720054299065424,34.16239168224299,1336.3177570093458
Dior,4,2021,4,2021-04,18,95,5906,62.16842105263158,48.0,1293,13.610526315789473,8.0,48193,507.29473684210524,484.0,744,7.831578947368421,4.0,56136,590.9052631578948,536.0,180,1.894736842105263,37,0.3894736842105263,5,25,312,37,3104.84159,32.68254305263158,32.87114,3105.46112,32.68906442105263,32.76715,36.30345347368421,33.24697368421053,33.57214494736842,590.9052631578948
Dior,4,2021,5,2021-05,19,83,34575,416.56626506024094,53.0,17339,208.90361445783134,26.0,118133,1423.289156626506,458.0,1537,18.518072289156628,4.0,171584,2067.277108433735,565.0,163,1.963855421686747,19,0.2289156626506024,2,17,265,19,2914.72818,35.11720698795181,34.66432,2902.86556,34.97428385542169,34.14064,37.747066024096384,35.47691,35.7141743373494,2067.277108433735
Dior,4,2021,6,2021-06,20,154,99893,648.6558441558442,51.0,7523,48.85064935064935,4.0,240432,1561.2467532467533,433.5,5908,38.36363636363637,4.0,353756,2297.116883116883,506.5,300,1.948051948051948,63,0.4090909090909091,5,35,517,63,4970.93461,32.27879616883117,32.008805,5047.53946,32.77623025974026,31.84905,37.22323811688312,33.62629149350649,34.10026785714285,2297.116883116883
Dior,4,2021,7,2021-07,21,168,9927,59.089285714285715,43.5,1051,6.255952380952381,3.0,83950,499.70238095238096,428.0,1124,6.690476190476191,3.0,96052,571.7380952380952,490.5,324,1.9285714285714286,71,0.4226190476190476,7,29,563,71,5097.14934,30.340174642857143,31.203065000000002,5183.61646,30.854859880952382,31.37493,35.65601148809524,31.66710821428571,32.1475169047619,571.7380952380952
Dior,4,2021,8,2021-08,22,69,7179,104.04347826086956,54.0,1294,18.753623188405797,5.0,44288,641.8550724637681,420.0,939,13.608695652173912,3.0,53700,778.2608695652174,485.0,123,1.7826086956521738,14,0.2028985507246377,3,14,206,14,2157.16931,31.263323333333336,32.11041,2196.80079,31.837692608695647,32.46746,36.31334434782608,32.70402942028986,33.177004492753625,778.2608695652174
Dior,4,2021,9,2021-09,23,130,65763,505.8692307692308,59.0,8298,63.83076923076923,5.0,201226,1547.8923076923077,512.5,7236,55.66153846153846,4.0,282523,2173.253846153846,570.5,260,2.0,63,0.4846153846153846,18,33,453,63,4223.79982,32.49076784615385,32.719170000000005,4278.78709,32.91374684615384,32.555225,37.29451392307692,33.72323638461538,34.180522153846155,2173.253846153846
Dior,4,2021,10,2021-10,24,76,74264,977.1578947368421,65.5,3959,52.0921052631579,6.0,183895,2419.6710526315787,572.5,2872,37.78947368421053,4.0,264990,3486.7105263157896,643.5,121,1.5921052631578947,31,0.40789473684210525,9,24,228,31,2506.93248,32.98595368421053,32.634905,2551.66314,33.574515,32.82526,37.99644697368421,34.5141497368421,35.02979092105263,3486.7105263157896
Dior,4,2021,11,2021-11,25,95,57936,609.8526315789474,52.0,2507,26.389473684210525,5.0,131154,1380.5684210526315,409.0,2229,23.46315789473684,2.0,193826,2040.2736842105264,470.0,194,2.042105263157895,48,0.5052631578947369,5,28,337,48,2800.42654,29.478174105263157,31.04241,2880.13903,30.31725294736842,31.33314,34.35871442105263,31.34612157894737,31.86964410526316,2040.2736842105264
Dior,4,2021,12,2021-12,26,126,111527,885.1349206349206,42.5,7778,61.73015873015873,4.0,230149,1826.579365079365,340.0,8138,64.58730158730158,3.0,357592,2838.031746031746,390.0,207,1.6428571428571428,85,0.6746031746031746,9,35,418,85,3729.59869,29.599989603174603,31.167695000000002,3815.68459,30.28321103174603,31.02098,33.95058047619048,31.237413730158732,31.726551746031745,2838.031746031746
Dior,4,2022,1,2022-01,27,135,14383,106.54074074074074,58.0,1076,7.970370370370371,4.0,77989,577.6962962962963,430.0,1226,9.08148148148148,4.0,94674,701.2888888888889,504.0,214,1.5851851851851853,34,0.2518518518518518,6,27,383,34,3960.56608,29.33752651851852,32.00148,4032.80776,29.872650074074077,32.09054,33.71512259259259,30.740104444444444,31.22240837037037,701.2888888888889
Dior,4,2022,2,2022-02,28,40,2910,72.75,53.0,509,12.725,9.5,19214,480.35,396.5,327,8.175,4.5,22960,574.0,455.5,53,1.325,8,0.2,0,9,101,8,1322.54498,33.063624499999996,33.639664999999994,1314.25234,32.8563085,33.103570000000005,35.71920075,33.331959999999995,33.6124125,574.0
Dior,4,2022,3,2022-03,29,134,77418,577.7462686567164,54.5,4828,36.02985074626866,5.0,248113,1851.589552238806,424.5,4147,30.94776119402985,5.0,334506,2496.313432835821,491.5,262,1.955223880597015,57,0.4253731343283582,4,54,453,57,4136.52243,30.869570373134327,32.403115,4220.94475,31.49958768656716,32.293000000000006,35.86997149253731,32.4243602238806,32.93474313432836,2496.313432835821
Dior,4,2022,4,2022-04,30,104,73245,704.2788461538462,61.5,4135,39.75961538461539,5.0,211821,2036.7403846153845,342.5,2958,28.442307692307693,3.0,292159,2809.221153846154,423.5,107,1.0288461538461537,46,0.4423076923076923,5,30,257,46,3060.2644999999998,29.42562019230769,31.602455,3164.08128,30.42385846153846,31.671315,34.67763,31.561123653846153,32.142978846153845,2809.221153846154
Dior,4,2022,5,2022-05,31,164,59725,364.1768292682927,41.0,4261,25.98170731707317,5.0,174620,1064.7560975609756,312.5,2941,17.932926829268293,3.0,241547,1472.8475609756097,379.0,245,1.4939024390243902,85,0.5182926829268293,21,40,494,85,4844.75975,29.541217987804878,31.564205,4948.81273,30.175687378048778,31.493949999999998,34.11504457317073,31.06349042682927,31.5221575,1472.8475609756097
Dior,4,2022,6,2022-06,32,175,31242,178.5257142857143,46.0,3074,17.565714285714286,5.0,164806,941.7485714285714,304.0,4282,24.46857142857143,3.0,203404,1162.3085714285714,367.0,190,1.0857142857142856,66,0.37714285714285717,10,41,431,66,5101.2104,29.149773714285715,31.23267,5202.43099,29.728177085714286,31.54334,33.39743582857143,30.59066565714286,31.03660514285714,1162.3085714285714
Dior,4,2022,7,2022-07,33,112,10832,96.71428571428571,77.0,24398,217.83928571428572,39.5,43934,392.26785714285717,318.5,713,6.366071428571429,3.0,79877,713.1875,526.0,123,1.0982142857142858,40,0.35714285714285715,5,19,275,40,3632.21514,32.43049232142857,34.23062,3602.93809,32.16909008928572,34.000085,32.99639910714286,32.629557053571425,32.787845982142855,713.1875
Dior,4,2022,8,2022-08,34,37,2587,69.91891891891892,64.0,5701,154.0810810810811,144.0,12885,348.2432432432432,301.0,137,3.7027027027027026,3.0,21310,575.9459459459459,498.0,30,0.8108108108108109,12,0.32432432432432434,0,13,79,12,1269.18953,34.302419729729735,37.20747,1240.00507,33.51365054054054,36.01316,33.341448108108104,33.69986081081081,33.71121135135135,575.9459459459459
Gucci,5,2019,6,2019-06,0,43,16765,389.8837209302326,25.0,913,21.232558139534884,2.0,32655,759.4186046511628,293.0,503,11.69767441860465,2.0,50836,1182.2325581395348,323.0,133,3.0930232558139537,27,0.627906976744186,9,6,203,27,1143.51805,26.593443023255812,29.34044,1198.8583899999999,27.880427674418602,29.73075,33.65967744186046,29.052574418604653,29.683968837209303,1182.2325581395348
Gucci,5,2019,7,2019-07,0,117,5293,45.23931623931624,37.0,386,3.299145299145299,2.0,45812,391.55555555555554,363.0,393,3.358974358974359,2.0,51884,443.45299145299145,406.0,344,2.9401709401709404,84,0.717948717948718,12,21,545,84,3340.3742,28.55020683760684,29.85167,3440.41495,29.40525598290598,30.24881,34.54155247863248,30.372497264957264,30.910977435897433,443.45299145299145
Gucci,5,2019,8,2019-08,0,65,26341,405.24615384615385,40.0,2965,45.61538461538461,3.0,143521,2208.0153846153844,377.0,1458,22.43076923076923,3.0,174285,2681.3076923076924,421.0,194,2.9846153846153847,18,0.27692307692307694,9,19,277,18,1910.69889,29.395367538461535,30.45029,1972.458,30.345507692307695,30.88572,35.67135353846154,31.389078923076923,31.964974307692305,2681.3076923076924
Gucci,5,2019,9,2019-09,0,117,61698,527.3333333333334,45.0,3683,31.478632478632477,3.0,125053,1068.8290598290598,328.0,3153,26.94871794871795,4.0,193587,1654.5897435897436,388.0,433,3.700854700854701,80,0.6837606837606838,4,42,630,80,3647.95771,31.179125726495727,31.3298,3688.83842,31.528533504273504,31.34599,35.89421786324786,32.28561034188034,32.74190478632478,1654.5897435897436
Gucci,5,2019,10,2019-10,0,114,15110,132.5438596491228,29.5,768,6.7368421052631575,3.0,74715,655.3947368421053,270.0,1174,10.298245614035087,2.0,91767,804.9736842105264,306.5,356,3.1228070175438596,75,0.6578947368421053,11,17,545,75,3223.15769,28.273313070175437,29.96935,3330.99911,29.21929043859649,30.015805,34.314847017543855,30.24168,30.798639210526318,804.9736842105264
Gucci,5,2019,11,2019-11,1,92,9816,106.69565217391305,35.5,465,5.054347826086956,2.0,59086,642.2391304347826,292.5,536,5.826086956521739,2.0,69903,759.8152173913044,325.0,295,3.2065217391304346,85,0.9239130434782609,19,15,472,85,2585.39261,28.10209358695652,30.111915,2678.45756,29.11366913043478,30.316065000000002,34.34966423913043,30.17461315217391,30.754955326086957,759.8152173913044
Gucci,5,2019,12,2019-12,2,71,98682,1389.887323943662,43.0,2476,34.87323943661972,4.0,180974,2548.9295774647885,307.0,1913,26.943661971830984,2.0,284045,4000.6338028169016,356.0,236,3.323943661971831,74,1.0422535211267605,19,15,381,74,2120.0263800000002,29.859526478873242,30.25338,2216.93981,31.22450436619718,30.5467,36.4973123943662,32.54474957746479,33.21323253521127,4000.6338028169016
Gucci,5,2020,1,2020-01,3,144,35234,244.68055555555554,40.0,1939,13.465277777777779,4.0,95880,665.8333333333334,334.0,2417,16.78472222222222,5.0,135470,940.7638888888889,388.5,591,4.104166666666667,117,0.8125,6,44,852,117,4399.33764,30.550955833333333,31.689245,4461.38262,30.981823750000004,31.69746,35.35757006944445,31.76719520833333,32.22590736111111,940.7638888888889
Gucci,5,2020,2,2020-02,4,147,20950,142.51700680272108,39.0,1102,7.496598639455782,3.0,119300,811.5646258503401,312.0,1673,11.380952380952381,3.0,143025,972.9591836734694,351.0,659,4.482993197278912,130,0.8843537414965986,9,41,936,130,4304.40761,29.28168442176871,30.49226,4426.47725,30.11209013605442,30.48531,35.12683231292517,31.08878537414966,31.629366258503403,972.9591836734694
Gucci,5,2020,3,2020-03,5,72,57871,803.7638888888889,42.5,2728,37.888888888888886,4.0,122452,1700.7222222222222,282.0,1969,27.34722222222222,2.5,185020,2569.722222222222,342.5,263,3.6527777777777777,68,0.9444444444444444,6,11,403,68,2188.65549,30.397992916666666,30.61194,2247.19484,31.211039444444445,30.885244999999998,35.625404027777776,32.219980416666665,32.74459291666667,2569.722222222222
Gucci,5,2020,4,2020-04,6,62,42172,680.1935483870968,45.0,1795,28.951612903225808,2.5,107436,1732.8387096774193,306.0,1405,22.661290322580644,2.5,152808,2464.6451612903224,367.5,173,2.7903225806451615,37,0.5967741935483871,4,5,272,37,1785.29189,28.795030483870967,30.214285,1842.25952,29.713863225806453,30.46387,34.875905,30.75279870967742,31.337920806451613,2464.6451612903224
Gucci,5,2020,5,2020-05,7,84,14354,170.88095238095238,37.0,934,11.119047619047619,3.0,69353,825.6309523809524,292.5,1427,16.988095238095237,3.0,86068,1024.6190476190477,336.0,231,2.75,56,0.6666666666666666,1,12,371,56,2435.66234,28.995980238095235,30.53038,2499.32769,29.753901071428572,30.555030000000002,34.636270714285715,30.692045595238092,31.221060238095237,1024.6190476190477
Gucci,5,2020,6,2020-06,8,60,2985,49.75,29.5,280,4.666666666666667,3.0,16979,282.98333333333335,247.0,242,4.033333333333333,2.0,20486,341.43333333333334,285.5,140,2.3333333333333335,79,1.3166666666666667,2,11,279,79,1546.54316,25.77571933333333,29.89839,1617.60203,26.960033833333334,30.04451,31.602276833333335,28.09380666666667,28.667514333333333,341.43333333333334
Gucci,5,2020,7,2020-07,9,98,8886,90.6734693877551,36.0,757,7.724489795918367,3.0,72988,744.7755102040817,312.0,964,9.83673469387755,3.0,83595,853.0102040816327,371.5,303,3.0918367346938775,25,0.25510204081632654,1,16,426,25,2896.91795,29.56038724489796,30.630305,2955.33909,30.156521326530612,30.903154999999998,35.17090795918367,31.007609285714288,31.519222755102042,853.0102040816327
Gucci,5,2020,8,2020-08,10,42,3596,85.61904761904762,36.0,514,12.238095238095237,4.0,21717,517.0714285714286,392.5,517,12.30952380952381,3.5,26344,627.2380952380952,438.0,148,3.5238095238095237,33,0.7857142857142857,0,9,223,33,1341.09722,31.930886190476194,31.089930000000003,1343.1479199999999,31.97971238095238,31.097720000000002,35.96903857142858,32.55603285714286,32.91987880952381,627.2380952380952
Gucci,5,2020,9,2020-09,11,72,15264,212.0,43.5,1780,24.72222222222222,4.0,77071,1070.4305555555557,355.0,2605,36.18055555555556,4.0,96720,1343.3333333333333,405.5,274,3.8055555555555554,59,0.8194444444444444,7,16,405,59,2280.61248,31.67517333333333,31.52109,2296.39304,31.894347777777778,31.39239,35.854015555555556,32.58178152777778,32.98786555555555,1343.3333333333333
Gucci,5,2020,10,2020-10,12,84,24303,289.32142857142856,34.5,1644,19.571428571428573,4.0,105114,1251.357142857143,404.0,2931,34.892857142857146,4.0,133992,1595.142857142857,441.0,302,3.5952380952380953,85,1.0119047619047619,10,17,471,85,2543.73874,30.282604047619046,31.339135,2587.03154,30.797994523809525,31.36896,35.498535238095236,31.61131047619048,32.086485952380954,1595.142857142857
Gucci,5,2020,11,2020-11,13,124,23403,188.73387096774192,24.0,3572,28.806451612903224,4.0,181457,1463.3629032258063,372.0,10233,82.5241935483871,3.0,218665,1763.4274193548388,400.0,470,3.7903225806451615,53,0.4274193548387097,26,18,647,53,3872.35828,31.22869580645161,31.06532,3901.55623,31.46416314516129,30.81895,36.16509370967742,32.107945,32.51612475806452,1763.4274193548388
Gucci,5,2020,12,2020-12,14,72,6174,85.75,22.5,1064,14.777777777777779,4.0,64953,902.125,296.0,1897,26.34722222222222,2.0,74088,1029.0,328.0,173,2.4027777777777777,25,0.3472222222222222,11,5,270,25,2152.62824,29.897614444444443,30.07243,2177.72579,30.24619152777778,30.05614,34.57009722222222,30.932749166666667,31.32858152777778,1029.0
Gucci,5,2021,1,2021-01,15,56,13683,244.33928571428572,51.5,856,15.285714285714286,7.0,103572,1849.5,494.0,1347,24.053571428571427,5.0,119458,2133.1785714285716,557.0,158,2.8214285714285716,46,0.8214285714285714,0,7,260,46,1873.16263,33.44933267857143,33.15544,1872.87664,33.444225714285714,33.16914,37.27196714285714,34.01613446428571,34.364925535714285,2133.1785714285716
Gucci,5,2021,2,2021-02,16,47,90964,1935.404255319149,45.0,4008,85.27659574468085,9.0,170034,3617.744680851064,480.0,4741,100.87234042553192,4.0,269747,5739.297872340426,534.0,175,3.723404255319149,32,0.6808510638297872,4,13,254,32,1635.79807,34.80421425531915,32.98337,1639.70638,34.88736978723404,32.89341,38.71536702127659,35.53729106382979,35.906856382978724,5739.297872340426
Gucci,5,2021,3,2021-03,17,65,71213,1095.5846153846153,38.0,3912,60.184615384615384,5.0,299985,4615.153846153846,410.0,11658,179.35384615384615,3.0,386768,5950.276923076923,444.0,241,3.707692307692308,73,1.123076923076923,11,22,379,73,2125.27108,32.69647815384615,31.68987,2163.766,33.288707692307696,31.77806,38.16029153846154,34.171657999999994,34.65784646153846,5950.276923076923
Gucci,5,2021,4,2021-04,18,101,48744,482.61386138613864,59.0,6631,65.65346534653466,7.0,338932,3355.762376237624,717.0,8735,86.48514851485149,7.0,403042,3990.5148514851485,795.0,318,3.1485148514851486,96,0.9504950495049505,16,25,515,96,3569.92778,35.34581960396039,34.19335,3564.75855,35.29463910891089,34.05726,39.79604386138614,35.85244920792079,36.223500693069305,3990.5148514851485
Gucci,5,2021,5,2021-05,19,62,21663,349.4032258064516,50.5,1494,24.096774193548388,7.0,116501,1879.0483870967741,742.0,1565,25.241935483870968,3.5,141223,2277.7903225806454,805.0,200,3.225806451612903,35,0.5645161290322581,4,20,297,35,2027.89098,32.70791903225806,32.766625,2063.22311,33.27779209677419,32.8778,38.3822135483871,34.12549403225807,34.59922016129032,2277.7903225806454
Gucci,5,2021,6,2021-06,20,79,26265,332.46835443037975,47.0,1921,24.31645569620253,5.0,157394,1992.3291139240507,614.0,2544,32.20253164556962,5.0,188124,2381.3164556962024,682.0,250,3.1645569620253164,47,0.5949367088607594,8,29,376,47,2625.55453,33.23486746835443,32.81545,2649.62296,33.53953113924051,32.67761,38.191565316455694,34.274504936708865,34.71342341772152,2381.3164556962024
Gucci,5,2021,7,2021-07,21,78,20190,258.84615384615387,55.5,1466,18.794871794871796,6.0,110484,1416.4615384615386,686.0,2596,33.282051282051285,4.0,134736,1727.3846153846155,746.0,265,3.3974358974358974,80,1.0256410256410255,2,24,423,80,2639.91286,33.845036666666665,32.63184,2665.4703799999997,34.17269717948717,32.811189999999996,39.007034230769236,34.9250558974359,35.374482564102564,1727.3846153846155
Gucci,5,2021,8,2021-08,22,51,7647,149.94117647058823,62.0,790,15.490196078431373,8.0,64925,1273.0392156862745,682.0,799,15.666666666666666,6.0,74161,1454.137254901961,762.0,107,2.0980392156862746,22,0.43137254901960786,0,14,180,22,1653.65895,32.424685294117644,33.08398,1679.1647,32.92479803921569,33.0431,37.676884117647056,33.76254,34.2401774509804,1454.137254901961
Gucci,5,2021,9,2021-09,23,83,9985,120.3012048192771,49.0,723,8.710843373493976,6.0,80205,966.3253012048193,573.0,1353,16.301204819277107,4.0,92266,1111.6385542168675,628.0,288,3.4698795180722892,75,0.9036144578313253,9,28,446,75,2611.30827,31.461545421686747,32.63537,2641.41952,31.82433156626506,32.58462,36.49781831325301,32.54652951807229,32.97345108433735,1111.6385542168675
Gucci,5,2021,10,2021-10,24,86,41714,485.04651162790697,52.0,4727,54.96511627906977,5.0,142170,1653.139534883721,581.0,4711,54.77906976744186,4.0,193322,2247.9302325581393,641.0,223,2.5930232558139537,40,0.46511627906976744,5,18,349,40,2809.73717,32.67136244186047,32.784639999999996,2842.70425,33.054700581395345,32.79014,37.52589627906977,33.8336073255814,34.27952348837209,2247.9302325581393
Gucci,5,2021,11,2021-11,25,115,68486,595.5304347826087,60.0,3496,30.4,7.0,203463,1769.2434782608696,586.0,5687,49.45217391304348,7.0,281132,2444.6260869565217,679.0,349,3.034782608695652,148,1.2869565217391303,2,29,612,148,3854.42141,33.516707913043476,33.52915,3862.97,33.591043478260865,33.45423,37.662082434782604,34.21919408695652,34.607568173913045,2444.6260869565217
Gucci,5,2021,12,2021-12,26,60,17475,291.25,65.0,2001,33.35,10.0,66865,1114.4166666666667,629.5,1746,29.1,7.0,88087,1468.1166666666666,715.5,160,2.6666666666666665,26,0.43333333333333335,1,15,246,26,2075.91753,34.598625500000004,34.343509999999995,2068.96198,34.48269966666667,34.182945000000004,38.251864,35.01024133333333,35.34092333333333,1468.1166666666666
Gucci,5,2022,1,2022-01,27,75,32430,432.4,68.0,3078,41.04,12.0,103608,1381.44,621.0,2207,29.426666666666666,6.0,141323,1884.3066666666666,723.0,224,2.986666666666667,31,0.41333333333333333,2,19,330,31,2601.20708,34.68276106666667,34.08208,2606.91586,34.75887813333333,34.22816,38.37275293333334,35.40949786666667,35.770423199999996,1884.3066666666666
Gucci,5,2022,2,2022-02,28,100,24810,248.1,59.5,3366,33.66,7.0,90068,900.68,516.5,2243,22.43,6.0,120487,1204.87,601.5,308,3.08,69,0.69,10,30,477,69,3203.26387,32.0326387,33.745615,3219.78776,32.1978776,33.503885,35.5847422,32.8637084,33.2261755,1204.87
Gucci,5,2022,3,2022-03,29,93,24954,268.3225806451613,50.0,2182,23.462365591397848,9.0,89665,964.1397849462365,423.0,1886,20.27956989247312,5.0,118687,1276.2043010752689,514.0,315,3.3870967741935485,107,1.1505376344086022,7,17,515,107,3094.51899,33.27439774193549,33.11527,3082.35924,33.14364774193549,32.80832,36.463641290322585,33.64917548387097,33.9534152688172,1276.2043010752689
Gucci,5,2022,4,2022-04,30,66,13564,205.5151515151515,58.0,1092,16.545454545454547,8.5,96387,1460.409090909091,436.0,880,13.333333333333334,5.0,111923,1695.8030303030303,509.0,215,3.257575757575758,51,0.7727272727272727,2,12,332,51,2258.93603,34.22630348484848,33.2883,2254.21226,34.154731212121206,32.89976,37.85310272727273,34.71043454545455,35.052021363636364,1695.8030303030303
Gucci,5,2022,5,2022-05,31,135,14682,108.75555555555556,51.0,2855,21.14814814814815,10.0,96528,715.0222222222222,419.0,2189,16.214814814814815,5.0,116254,861.1407407407407,482.0,472,3.4962962962962965,115,0.8518518518518519,10,51,722,115,4465.12951,33.0750334074074,33.41064,4460.60377,33.0415094074074,33.21529,36.556716074074075,33.5927682962963,33.91691874074074,861.1407407407407
Gucci,5,2022,6,2022-06,32,105,21651,206.2,48.0,1936,18.438095238095237,9.0,105695,1006.6190476190476,329.0,1790,17.047619047619047,3.0,131072,1248.304761904762,396.0,340,3.238095238095238,124,1.180952380952381,6,20,569,124,3457.86977,32.93209304761905,32.49717,3461.27628,32.964536,32.1959,36.21641323809524,33.56514076190476,33.89585219047619,1248.304761904762
Gucci,5,2022,7,2022-07,33,79,21700,274.6835443037975,91.0,1624,20.556962025316455,10.0,73656,932.3544303797469,352.0,1257,15.91139240506329,4.0,98237,1243.506329113924,462.0,238,3.0126582278481013,101,1.2784810126582278,4,14,418,101,2602.989,32.949227848101266,32.98033,2635.08886,33.355555189873414,33.0673,36.67872607594937,34.19846860759494,34.61984772151899,1243.506329113924
Gucci,5,2022,8,2022-08,34,33,6850,207.57575757575756,86.0,1654,50.121212121212125,11.0,28783,872.2121212121212,414.0,1564,47.39393939393939,4.0,38851,1177.3030303030303,516.0,95,2.878787878787879,20,0.6060606060606061,2,10,148,20,1107.9219,33.57339090909091,33.72769,1113.9851,33.75712424242425,33.53436,36.914081515151516,34.468856060606065,34.831551818181815,1177.3030303030303
LV,6,2018,8,2018-08,0,36,5144,142.88888888888889,135.0,398,11.055555555555555,9.5,33304,925.1111111111111,888.0,336,9.333333333333334,6.0,39182,1088.388888888889,1046.0,48,1.3333333333333333,8,0.2222222222222222,2,8,92,8,1188.84531,33.02348083333333,34.568635,1211.1447,33.64290833333334,34.94351,38.37884916666667,34.578829722222224,35.096156111111114,1088.388888888889
LV,6,2018,9,2018-09,0,31,10580,341.2903225806452,112.0,574,18.516129032258064,6.0,84092,2712.6451612903224,710.0,583,18.806451612903224,5.0,95829,3091.2580645161293,833.0,46,1.4838709677419355,1,0.03225806451612903,2,1,78,1,1020.0045,32.903370967741935,33.24494,1045.62346,33.72978903225807,33.44216,38.84373580645161,34.77857838709677,35.34801387096774,3091.2580645161293
LV,6,2018,10,2018-10,0,106,19900,187.73584905660377,75.5,1877,17.70754716981132,3.0,129036,1217.3207547169811,463.0,1869,17.632075471698112,3.0,152682,1440.3962264150944,536.5,191,1.8018867924528301,76,0.7169811320754716,0,25,373,76,3286.32557,31.00307141509434,31.255025,3377.81302,31.866160566037735,31.67931,37.2474629245283,32.91267924528302,33.51223169811321,1440.3962264150944
LV,6,2018,11,2018-11,0,81,9560,118.0246913580247,77.0,862,10.641975308641975,4.0,48193,594.9753086419753,518.0,755,9.320987654320987,3.0,59370,732.9629629629629,603.0,141,1.7407407407407407,30,0.37037037037037035,4,15,252,30,2522.76515,31.1452487654321,31.69174,2581.16099,31.866185061728395,32.10887,36.69297530864198,32.83308,33.37272567901235,732.9629629629629
LV,6,2018,12,2018-12,0,55,4293,78.05454545454545,74.0,208,3.7818181818181817,3.0,29461,535.6545454545454,529.0,194,3.5272727272727273,3.0,34156,621.0181818181818,612.0,96,1.7454545454545454,4,0.07272727272727272,0,18,155,4,1602.86393,29.142980545454545,31.20934,1665.58545,30.28337181818182,31.89694,35.66434909090909,31.450672545454548,32.07895890909091,621.0181818181818
LV,6,2019,1,2019-01,0,105,18282,174.11428571428573,74.0,1381,13.152380952380952,3.0,119341,1136.5809523809523,458.0,2707,25.78095238095238,5.0,141711,1349.6285714285714,537.0,189,1.8,135,1.2857142857142858,1,12,429,135,3185.50765,30.338168095238096,32.06389,3282.43051,31.261242952380954,32.17548,36.72875152380952,32.33076438095238,32.94352942857142,1349.6285714285714
LV,6,2019,2,2019-02,0,70,8290,118.42857142857143,64.5,627,8.957142857142857,3.5,62351,890.7285714285714,483.5,1261,18.014285714285716,3.0,72529,1036.1285714285714,554.0,166,2.3714285714285714,44,0.6285714285714286,0,15,280,44,2085.78216,29.796888000000003,31.632915,2154.2632,30.77518857142857,31.78237,36.19110657142858,31.857928285714284,32.46344985714286,1036.1285714285714
LV,6,2019,3,2019-03,0,86,22187,257.98837209302326,67.0,2102,24.441860465116278,3.0,115309,1340.8023255813953,459.5,3010,35.0,4.0,142608,1658.2325581395348,536.5,158,1.8372093023255813,79,0.9186046511627907,2,34,323,79,2681.3412200000002,31.17838627906977,31.711064999999998,2753.29975,32.015113372093026,32.192904999999996,37.34647627906977,33.041380465116276,33.62479825581395,1658.2325581395348
LV,6,2019,4,2019-04,0,60,12334,205.56666666666666,67.5,929,15.483333333333333,4.0,114481,1908.0166666666667,503.0,1597,26.616666666666667,5.0,129341,2155.6833333333334,587.5,96,1.6,19,0.31666666666666665,2,18,175,19,1935.34947,32.2558245,31.863715,1976.75279,32.945879833333336,32.206455,38.126948500000005,33.893583666666665,34.4330335,2155.6833333333334
LV,6,2019,5,2019-05,0,74,12706,171.7027027027027,85.5,863,11.662162162162161,4.5,75210,1016.3513513513514,594.5,1003,13.554054054054054,5.0,89782,1213.2702702702702,693.0,189,2.554054054054054,99,1.337837837837838,3,25,362,99,2389.35962,32.28864351351351,32.8407,2440.19146,32.97556027027027,33.134245,37.80589648648649,33.944177027027024,34.483667972972974,1213.2702702702702
LV,6,2019,6,2019-06,0,97,24722,254.8659793814433,75.0,3173,32.71134020618557,5.0,151306,1559.8556701030927,463.0,3698,38.123711340206185,5.0,182899,1885.5567010309278,544.0,219,2.2577319587628866,61,0.6288659793814433,0,67,377,61,3220.59659,33.20202670103093,32.93157,3267.87838,33.689467835051545,33.13852,38.360978659793815,34.55446010309279,35.05040319587629,1885.5567010309278
LV,6,2019,7,2019-07,0,47,8073,171.7659574468085,67.0,838,17.829787234042552,5.0,62380,1327.2340425531916,495.0,738,15.702127659574469,4.0,72029,1532.531914893617,564.0,86,1.8297872340425532,35,0.7446808510638298,0,19,168,35,1477.08341,31.427306595744678,31.95707,1519.11531,32.32160234042553,32.16778,37.46039851063829,33.36771659574468,33.92685234042553,1532.531914893617
LV,6,2019,8,2019-08,0,45,2270,50.44444444444444,48.0,202,4.488888888888889,4.0,17368,385.9555555555556,358.0,109,2.422222222222222,2.0,19949,443.31111111111113,408.0,91,2.022222222222222,24,0.5333333333333333,0,33,160,24,1254.9469100000001,27.887709111111114,30.3748,1309.9158,29.10924,30.7103,34.32494422222222,30.276052666666665,30.87272511111111,443.31111111111113
LV,6,2019,9,2019-09,0,57,11792,206.87719298245614,59.0,1234,21.649122807017545,4.0,66141,1160.3684210526317,407.0,1703,29.87719298245614,3.0,80870,1418.7719298245613,478.0,126,2.210526315789474,37,0.6491228070175439,12,23,220,37,1802.3429,31.620050877192984,31.5039,1841.35935,32.30455,31.71997,37.09258824561403,33.249185789473685,33.77117929824561,1418.7719298245613
LV,6,2019,10,2019-10,0,76,41393,544.6447368421053,57.5,1646,21.657894736842106,6.0,99536,1309.6842105263158,403.5,1796,23.63157894736842,3.0,144371,1899.6184210526317,501.5,188,2.473684210526316,70,0.9210526315789473,1,49,334,70,2397.31573,31.543628026315787,32.181754999999995,2453.10072,32.27764105263158,32.303105,36.48646197368421,33.27310947368421,33.78830578947368,1899.6184210526317
LV,6,2019,11,2019-11,1,68,22171,326.04411764705884,71.5,1288,18.941176470588236,6.0,113971,1676.0441176470588,498.5,2113,31.073529411764707,4.0,139543,2052.1029411764707,584.5,157,2.3088235294117645,33,0.4852941176470588,3,32,258,33,2299.63775,33.81820220588235,32.45442,2322.51017,34.154561323529414,32.7695,38.57078161764706,34.94282338235294,35.39957176470588,2052.1029411764707
LV,6,2019,12,2019-12,2,68,4977,73.19117647058823,65.0,445,6.544117647058823,5.0,38315,563.4558823529412,484.5,406,5.970588235294118,3.0,44143,649.1617647058823,551.0,142,2.088235294117647,14,0.20588235294117646,7,37,224,14,2079.67369,30.58343661764706,31.840805,2134.62397,31.391528970588237,32.190875000000005,36.232173823529415,32.3729725,32.89575735294118,649.1617647058823
LV,6,2020,1,2020-01,3,86,16152,187.8139534883721,86.0,1433,16.662790697674417,7.5,102035,1186.453488372093,648.5,2261,26.290697674418606,6.5,121881,1417.2209302325582,757.5,216,2.511627906976744,52,0.6046511627906976,5,43,354,52,2919.05344,33.942481860465115,34.16199,2941.65713,34.20531546511628,34.10562,38.388984069767446,34.9512961627907,35.37876325581396,1417.2209302325582
LV,6,2020,2,2020-02,4,69,7003,101.4927536231884,54.0,508,7.36231884057971,5.0,44682,647.5652173913044,455.0,466,6.753623188405797,2.0,52659,763.1739130434783,522.0,140,2.028985507246377,46,0.6666666666666666,0,43,255,46,2081.27472,30.163401739130432,31.44368,2137.87125,30.983641304347827,31.60946,35.905559420289855,31.96022347826087,32.48426014492754,763.1739130434783
LV,6,2020,3,2020-03,5,65,7132,109.72307692307692,58.0,631,9.707692307692307,3.0,58653,902.3538461538461,462.0,669,10.292307692307693,3.0,67085,1032.076923076923,536.0,132,2.0307692307692307,65,1.0,0,34,262,65,2001.53584,30.792859076923076,31.25503,2053.27612,31.588863384615383,31.65352,36.715915230769234,32.57055092307692,33.116245846153845,1032.076923076923
LV,6,2020,4,2020-04,6,38,5871,154.5,71.5,391,10.289473684210526,5.0,31842,837.9473684210526,560.0,547,14.394736842105264,3.0,38651,1017.1315789473684,636.0,85,2.236842105263158,29,0.7631578947368421,3,4,152,29,1199.37379,31.562468157894738,31.83582,1230.45688,32.38044421052631,32.34158,37.405431842105266,33.39360842105263,33.943579210526316,1017.1315789473684
LV,6,2020,5,2020-05,7,38,3788,99.6842105263158,98.0,317,8.342105263157896,6.5,28331,745.5526315789474,718.0,253,6.657894736842105,4.5,32689,860.2368421052631,816.0,73,1.9210526315789473,21,0.5526315789473685,1,3,132,21,1238.06091,32.580550263157896,33.116815,1259.33599,33.14042078947369,33.383880000000005,37.902341842105265,34.02184157894737,34.51685342105263,860.2368421052631
LV,6,2020,6,2020-06,8,48,6148,128.08333333333334,81.0,571,11.895833333333334,7.5,40915,852.3958333333334,775.5,620,12.916666666666666,6.0,48254,1005.2916666666666,879.0,107,2.2291666666666665,22,0.4583333333333333,2,19,177,22,1603.58514,33.40802375,34.064994999999996,1618.81093,33.725227708333335,34.28084,38.14289958333333,34.48505708333334,34.926369375,1005.2916666666666
LV,6,2020,7,2020-07,9,85,6811,80.12941176470588,65.0,623,7.329411764705882,4.0,54253,638.2705882352941,495.0,576,6.776470588235294,3.0,62263,732.5058823529412,564.0,196,2.3058823529411763,53,0.6235294117647059,9,51,334,53,2553.29202,30.038729647058823,31.55639,2635.39408,31.004636235294118,31.92745,36.24417541176471,32.06563658823529,32.63629505882353,732.5058823529412
LV,6,2020,8,2020-08,10,65,50790,781.3846153846154,86.0,1395,21.46153846153846,7.0,187919,2891.0615384615385,614.0,1844,28.369230769230768,8.0,241948,3722.276923076923,739.0,145,2.230769230769231,55,0.8461538461538461,2,41,265,55,2241.09053,34.47831584615385,33.93493,2249.11099,34.60170753846154,33.87809,38.71394276923077,35.28444246153846,35.69639461538461,3722.276923076923
LV,6,2020,9,2020-09,11,57,6669,117.0,57.0,340,5.964912280701754,3.0,40905,717.6315789473684,510.0,487,8.543859649122806,4.0,48401,849.140350877193,580.0,152,2.6666666666666665,47,0.8245614035087719,3,24,256,47,1760.16405,30.880071052631582,31.70165,1799.86793,31.576630350877192,32.19415,36.62818596491228,32.511172631578944,33.046791754385964,849.140350877193
LV,6,2020,10,2020-10,12,65,5467,84.1076923076923,59.0,477,7.338461538461538,4.0,44893,690.6615384615385,503.0,528,8.123076923076923,4.0,51365,790.2307692307693,566.0,131,2.0153846153846153,56,0.8615384615384616,0,39,252,56,2019.29365,31.066056153846155,32.27199,2063.65738,31.74857507692308,32.24747,36.73878830769231,32.67035138461538,33.191118461538466,790.2307692307693
LV,6,2020,11,2020-11,13,62,9324,150.38709677419354,46.0,784,12.64516129032258,4.0,73052,1178.258064516129,510.5,2268,36.58064516129032,5.0,85428,1377.8709677419354,568.0,144,2.3225806451612905,13,0.20967741935483872,10,10,219,13,2074.55621,33.46058403225807,32.53767,2068.08511,33.3562114516129,32.504315000000005,37.451248387096776,33.86298048387097,34.206620483870964,1377.8709677419354
LV,6,2020,12,2020-12,14,81,5053,62.382716049382715,51.0,541,6.679012345679013,5.0,46544,574.6172839506173,543.0,500,6.172839506172839,4.0,52638,649.8518518518518,606.0,161,1.9876543209876543,16,0.19753086419753085,9,29,258,16,2544.16183,31.409405308641976,32.40581,2575.56017,31.79703913580247,32.536,36.41818407407408,32.54086839506173,32.976965432098766,649.8518518518518
LV,6,2021,1,2021-01,15,80,217275,2715.9375,66.5,14572,182.15,9.0,729152,9114.4,694.0,35321,441.5125,6.0,996320,12454.0,786.0,149,1.8625,44,0.55,19,27,273,44,2770.04556,34.6255695,33.87944,2776.82386,34.71029825,33.8398,38.973554,35.34520075,35.730602625,12454.0
LV,6,2021,2,2021-02,16,52,3872,74.46153846153847,58.0,782,15.038461538461538,9.0,34532,664.0769230769231,590.5,518,9.961538461538462,4.0,39704,763.5384615384615,673.5,114,2.1923076923076925,32,0.6153846153846154,0,23,198,32,1699.05219,32.67408057692308,33.263575,1713.69125,32.955600961538465,33.368455,37.1090625,33.66022615384615,34.05098673076923,763.5384615384615
LV,6,2021,3,2021-03,17,89,53157,597.2696629213483,63.0,1825,20.50561797752809,8.0,249298,2801.1011235955057,616.0,1349,15.157303370786517,3.0,305629,3434.0337078651687,698.0,226,2.539325842696629,77,0.8651685393258427,11,55,392,77,2926.69241,32.884184382022475,32.58462,2973.62263,33.4114902247191,32.832,38.05313831460674,34.26581415730337,34.73294426966292,3434.0337078651687
LV,6,2021,4,2021-04,18,90,1575682,17507.577777777777,71.0,77727,863.6333333333333,8.0,4864673,54051.92222222222,918.0,107794,1197.7111111111112,4.0,6625876,73620.84444444445,1003.0,194,2.1555555555555554,49,0.5444444444444444,5,37,333,49,3519.29636,39.10329288888889,33.447154999999995,3580.24032,39.780448,33.491095,45.70028122222222,40.825012,41.41581333333333,73620.84444444445
LV,6,2021,5,2021-05,19,55,238095,4329.0,150.0,17547,319.03636363636366,21.0,766457,13935.581818181818,2287.0,10380,188.72727272727272,7.0,1032479,18772.345454545455,2468.0,144,2.618181818181818,46,0.8363636363636363,4,23,245,46,2122.89363,38.598066,36.44154,2150.63264,39.102411636363634,36.9888,44.886224181818186,40.017103454545456,40.54700381818182,18772.345454545455
LV,6,2021,6,2021-06,20,52,70848,1362.4615384615386,325.0,9287,178.59615384615384,53.0,469927,9037.057692307691,4281.5,2505,48.17307692307692,9.0,552567,10626.288461538461,4698.0,98,1.8846153846153846,44,0.8461538461538461,4,33,194,44,2104.49455,40.47104903846154,39.19393,2142.05164,41.193300769230774,40.220855,47.493213653846155,42.2472151923077,42.82930653846154,10626.288461538461
LV,6,2021,7,2021-07,21,86,2360469,27447.31395348837,344.5,310043,3605.1511627906975,38.5,8747315,101712.96511627907,8569.5,93851,1091.2906976744187,16.5,11511678,133856.72093023255,8909.5,235,2.7325581395348837,64,0.7441860465116279,11,32,385,64,4108.91717,47.77810662790697,40.79282,4196.34132,48.79466651162791,41.212135,56.70959313953489,50.14999244186046,50.91395220930233,133856.72093023255
LV,6,2021,8,2021-08,22,60,8072,134.53333333333333,103.5,1582,26.366666666666667,12.5,166808,2780.133333333333,2510.5,1762,29.366666666666667,4.0,178224,2970.4,2679.5,112,1.8666666666666667,27,0.45,1,39,199,27,2045.0104900000001,34.08350816666667,34.885985000000005,2108.94368,35.14906133333333,35.755705,41.982369,36.26554316666667,36.89189433333333,2970.4
LV,6,2021,9,2021-09,23,70,146812,2097.3142857142857,91.0,2864,40.91428571428571,12.0,662571,9465.3,1977.5,2445,34.92857142857143,5.0,814692,11638.457142857143,2088.5,142,2.0285714285714285,36,0.5142857142857142,2,30,248,36,2531.46427,36.16377528571429,34.94257,2579.38462,36.84835171428571,35.315475,43.23321085714286,37.79742157142857,38.35918614285715,11638.457142857143
LV,6,2021,10,2021-10,24,73,36962,506.32876712328766,81.0,3044,41.6986301369863,8.0,228309,3127.5205479452056,1445.0,3572,48.93150684931507,5.0,271887,3724.4794520547944,1531.0,163,2.232876712328767,61,0.8356164383561644,2,43,297,61,2570.32668,35.209954520547946,34.14901,2603.73368,35.66758465753424,34.87765,41.45439890410959,36.48498452054795,36.98624383561644,3724.4794520547944
LV,6,2021,11,2021-11,25,67,161061,2403.89552238806,89.0,7414,110.65671641791045,13.0,687563,10262.134328358208,1245.0,7689,114.76119402985074,6.0,863727,12891.44776119403,1352.0,129,1.9253731343283582,42,0.6268656716417911,3,37,238,42,2473.00592,36.910536119402984,35.00026,2493.54727,37.21712343283582,35.23269,42.4782504477612,37.9887995522388,38.4484604477612,12891.44776119403
LV,6,2021,12,2021-12,26,32,473858,14808.0625,106.0,5218,163.0625,21.5,1663228,51975.875,1690.5,5974,186.6875,10.0,2148278,67133.6875,1865.0,83,2.59375,28,0.875,4,11,143,28,1375.27268,42.97727125,37.04858,1405.84603,43.9326884375,36.927350000000004,50.787545625,45.217468124999996,45.9396840625,67133.6875
LV,6,2022,1,2022-01,27,72,590246,8197.861111111111,110.5,11559,160.54166666666666,12.0,2352656,32675.777777777777,1520.0,11828,164.27777777777777,7.5,2966289,41198.458333333336,1647.5,181,2.513888888888889,43,0.5972222222222222,2,32,296,43,2817.29327,39.129073194444445,35.718405000000004,2870.63074,39.86987138888889,35.941925,46.03668638888889,40.94446666666667,41.55412416666667,41198.458333333336
LV,6,2022,2,2022-02,28,36,3427,95.19444444444444,87.5,653,18.13888888888889,14.5,44392,1233.111111111111,1139.0,263,7.305555555555555,5.5,48735,1353.75,1243.5,77,2.138888888888889,11,0.3055555555555556,4,24,124,11,1273.54404,35.376223333333336,35.156365,1276.25984,35.45166222222222,35.298114999999996,39.98186833333333,36.068014444444444,36.44307666666666,1353.75
LV,6,2022,3,2022-03,29,72,10833,150.45833333333334,88.0,1817,25.23611111111111,11.0,113567,1577.3194444444443,957.0,1226,17.02777777777778,5.0,127443,1770.0416666666667,1053.5,209,2.9027777777777777,43,0.5972222222222222,1,30,324,43,2500.8907600000002,34.734593888888895,34.265905000000004,2522.51036,35.034866111111114,34.354884999999996,39.86158847222222,35.780569166666666,36.22056638888889,1770.0416666666667
LV,6,2022,4,2022-04,30,59,58843,997.3389830508474,85.0,1331,22.559322033898304,10.0,254271,4309.677966101695,792.0,921,15.610169491525424,4.0,315366,5345.186440677966,889.0,133,2.2542372881355934,11,0.1864406779661017,1,21,203,11,1954.6313499999999,33.12934491525424,34.02543,1988.05168,33.69579118644068,34.29742,38.36399762711864,34.58330881355932,35.06598033898305,5345.186440677966
LV,6,2022,5,2022-05,31,100,14796,147.96,81.0,2751,27.51,16.0,105023,1050.23,718.0,2294,22.94,6.0,124864,1248.64,812.5,278,2.78,94,0.94,3,33,472,94,3519.90543,35.1990543,34.811335,3521.32401,35.2132401,34.57168,38.9719681,35.8252655,36.1750816,1248.64
LV,6,2022,6,2022-06,32,94,41910,445.8510638297872,81.5,3428,36.46808510638298,16.0,260616,2772.5106382978724,663.0,2924,31.106382978723403,5.0,308878,3285.936170212766,771.5,185,1.9680851063829787,30,0.3191489361702128,3,59,309,30,3310.66769,35.21986904255319,34.623999999999995,3328.37625,35.408257978723405,34.707685,39.35153968085106,36.12222414893617,36.51230127659574,3285.936170212766
LV,6,2022,7,2022-07,33,60,6634,110.56666666666666,87.5,916,15.266666666666667,11.5,38140,635.6666666666666,541.0,300,5.0,2.0,45990,766.5,639.5,125,2.0833333333333335,23,0.38333333333333336,9,30,208,23,1879.85139,31.3308565,33.020835000000005,1936.10409,32.2684015,33.336585,36.65636666666667,33.346127833333334,33.868159166666665,766.5
LV,6,2022,8,2022-08,34,30,1847,61.56666666666667,60.0,395,13.166666666666666,10.0,13261,442.03333333333336,446.0,66,2.2,2.0,15569,518.9666666666667,508.5,46,1.5333333333333334,3,0.1,0,10,79,3,861.81202,28.72706733333333,31.53485,898.54795,29.951598333333333,31.84425,34.74827266666667,31.126138333333333,31.686314333333332,518.9666666666667
