public_post_id,brand,retweet_count,reply_count,like_count,quote_count
BP00001,Chanel,20,4,87,0
BP00002,Chanel,193,43,522,5
BP00003,Chanel,187,72,440,7
BP00004,Chanel,161,36,426,7
BP00005,Chanel,183,27,504,7
BP00006,Chanel,224,43,584,26
BP00007,Chanel,151,17,426,2
BP00008,Chanel,149,15,378,6
BP00009,Chanel,155,15,469,1
BP00010,Chanel,128,16,330,5
BP00011,Chanel,59,13,147,2
BP00012,Chanel,121,10,299,4
BP00013,Chanel,88,7,259,1
BP00014,Chanel,124,17,290,6
BP00015,Chanel,101,7,300,4
BP00016,Chanel,115,12,354,3
BP00017,Chanel,96,7,246,2
BP00018,Chanel,102,14,393,1
BP00019,Chanel,179,49,481,11
BP00020,Chanel,152,16,415,2
BP00021,Chanel,133,9,371,1
BP00022,Chanel,142,14,394,2
BP00023,Chanel,134,11,376,3
BP00024,Chanel,113,9,321,4
BP00025,Chanel,70,8,212,1
BP00026,Chanel,93,8,244,0
BP00027,Chanel,83,8,230,0
BP00028,Chanel,110,13,297,5
BP00029,Chanel,81,6,243,1
BP00030,Chanel,127,15,351,2
BP00031,Chanel,88,5,327,2
BP00032,Chanel,61,4,211,0
BP00033,Chanel,130,8,432,7
BP00034,Chanel,93,6,287,5
BP00035,Chanel,87,7,250,2
BP00036,Chanel,103,11,429,9
BP00037,Chanel,96,8,389,9
BP00038,Chanel,109,25,580,16
BP00039,Chanel,112,10,453,4
BP00040,Chanel,112,18,460,6
BP00041,Chanel,155,12,657,16
BP00042,Chanel,116,9,358,10
BP00043,Chanel,124,17,424,6
BP00044,Chanel,155,17,665,12
BP00045,Chanel,103,7,338,5
BP00046,Chanel,93,7,309,4
BP00047,Chanel,95,11,282,3
BP00048,Chanel,121,10,475,6
BP00049,Chanel,126,14,394,3
BP00050,Chanel,108,12,409,3
BP00051,Chanel,131,10,373,6
BP00052,Chanel,71,6,241,3
BP00053,Chanel,74,8,304,7
BP00054,Chanel,98,9,370,4
BP00055,Chanel,119,12,492,7
BP00056,Chanel,80,7,238,4
BP00057,Chanel,118,14,321,8
BP00058,Chanel,149,13,509,10
BP00059,Chanel,104,14,374,3
BP00060,Chanel,136,17,344,10
BP00061,Chanel,74,8,234,0
BP00062,Chanel,94,13,299,5
BP00063,Chanel,105,16,404,5
BP00064,Chanel,103,9,318,3
BP00065,Chanel,127,20,427,11
BP00066,Chanel,112,19,379,8
BP00067,Chanel,146,56,562,22
BP00068,Chanel,127,14,339,2
BP00069,Chanel,75,10,241,0
BP00070,Chanel,124,17,439,1
BP00071,Chanel,84,7,237,0
BP00072,Chanel,78,6,308,3
BP00073,Chanel,80,19,461,6
BP00074,Chanel,96,15,617,2
BP00075,Chanel,112,27,436,1
BP00076,Chanel,94,11,463,0
BP00077,Chanel,144,34,623,3
BP00078,Chanel,81,21,333,3
BP00079,Chanel,79,16,303,1
BP00080,Chanel,78,16,352,4
BP00081,Chanel,90,10,385,4
BP00082,Chanel,102,14,385,8
BP00083,Chanel,52,17,265,1
BP00084,Chanel,159,13,567,13
BP00085,Chanel,223,21,929,9
BP00086,Chanel,32,9,140,0
BP00087,Chanel,61,10,287,0
BP00088,Chanel,52,13,269,0
BP00089,Chanel,58,13,271,3
BP00090,Chanel,74,7,417,4
BP00091,Chanel,64,12,326,0
BP00092,Chanel,69,11,337,2
BP00093,Chanel,708,87,1195,48
BP00094,Chanel,56,14,325,0
BP00095,Chanel,186,14,433,10
BP00096,Chanel,50,8,277,2
BP00097,Chanel,101,14,317,3
BP00098,Chanel,66,12,282,2
BP00099,Chanel,73,10,348,1
BP00100,Chanel,56,14,316,1
BP00101,Chanel,64,11,356,0
BP00102,Chanel,1495,86,3317,130
BP00103,Chanel,29,8,160,0
BP00104,Chanel,34,9,185,3
BP00105,Chanel,36,8,199,4
BP00106,Chanel,30,9,161,0
BP00107,Chanel,28,11,160,3
BP00108,Chanel,34,10,166,4
BP00109,Chanel,40,12,215,2
BP00110,Chanel,119,19,536,3
BP00111,Chanel,5129,460,11697,157
BP00112,Chanel,50,8,230,5
BP00113,Chanel,48,10,241,3
BP00114,Chanel,63,12,274,1
BP00115,Chanel,42,9,214,3
BP00116,Chanel,49,9,259,5
BP00117,Chanel,42,7,216,3
BP00118,Chanel,59,10,335,4
BP00119,Chanel,72,12,302,3
BP00120,Chanel,46,7,270,2
BP00121,Chanel,62,12,314,6
BP00122,Chanel,46,11,321,1
BP00123,Chanel,57,15,288,0
BP00124,Chanel,77,13,447,5
BP00125,Chanel,90,17,409,5
BP00126,Chanel,79,13,363,4
BP00127,Chanel,92,16,437,7
BP00128,Chanel,53,12,248,3
BP00129,Chanel,104,15,481,7
BP00130,Chanel,242,29,994,20
BP00131,Chanel,62,15,264,1
BP00132,Chanel,45,9,246,6
BP00133,Chanel,41,8,246,5
BP00134,Chanel,61,22,337,7
BP00135,Chanel,90,19,426,8
BP00136,Chanel,63,15,267,4
BP00137,Chanel,56,16,283,4
BP00138,Chanel,70,9,311,3
BP00139,Chanel,62,20,280,4
BP00140,Chanel,308,16,1185,12
BP00141,Chanel,100,12,668,9
BP00142,Chanel,74,13,547,7
BP00143,Chanel,408,19,1234,28
BP00144,Chanel,403,17,1523,21
BP00145,Chanel,186,19,648,6
BP00146,Chanel,56,14,311,1
BP00147,Chanel,47,8,210,2
BP00148,Chanel,92,11,363,6
BP00149,Chanel,85,13,428,3
BP00150,Chanel,90,6,349,5
BP00151,Chanel,95,13,627,16
BP00152,Chanel,106,15,630,7
BP00153,Chanel,69,17,242,2
BP00154,Chanel,38,9,145,0
BP00155,Chanel,242,29,865,18
BP00156,Chanel,92,18,429,4
BP00157,Chanel,166,40,690,6
BP00158,Chanel,309,16,826,27
BP00159,Chanel,127,14,490,10
BP00160,Chanel,169,22,654,14
BP00161,Chanel,80,11,314,2
BP00162,Chanel,116,13,522,7
BP00163,Chanel,439,36,1426,34
BP00164,Chanel,126,16,576,8
BP00165,Chanel,90,11,410,1
BP00166,Chanel,4870,423,9778,592
BP00167,Chanel,90,13,437,6
BP00168,Chanel,158,13,769,15
BP00169,Chanel,122,14,461,6
BP00170,Chanel,47,10,320,2
BP00171,Chanel,607,68,1598,55
BP00172,Chanel,83,13,444,10
BP00173,Chanel,184,15,1139,16
BP00174,Chanel,93,14,445,3
BP00175,Chanel,169,29,658,7
BP00176,Chanel,449,51,1641,46
BP00177,Chanel,421,79,1097,42
BP00178,Chanel,116,17,472,6
BP00179,Chanel,73,6,322,5
BP00180,Chanel,136,15,552,13
BP00181,Chanel,42,8,292,2
BP00182,Chanel,82,7,510,10
BP00183,Chanel,211,21,673,43
BP00184,Chanel,496,132,1299,117
BP00185,Chanel,107,30,295,3
BP00186,Chanel,81,14,351,2
BP00187,Chanel,64,15,287,2
BP00188,Chanel,54,8,280,3
BP00189,Chanel,69,9,370,0
BP00190,Chanel,55,14,271,3
BP00191,Chanel,73,11,324,1
BP00192,Chanel,59,10,193,2
BP00193,Chanel,134,20,593,6
BP00194,Chanel,50,6,194,0
BP00195,Chanel,175,38,478,7
BP00196,Chanel,176,34,773,11
BP00197,Chanel,159,26,455,5
BP00198,Chanel,198,23,833,14
BP00199,Chanel,198,29,682,15
BP00200,Chanel,102,29,554,12
BP00201,Chanel,86,31,354,7
BP00202,Chanel,64,27,273,2
BP00203,Chanel,74,23,319,2
BP00204,Chanel,57,7,244,0
BP00205,Chanel,144,37,1276,5
BP00206,Chanel,52,19,221,0
BP00207,Chanel,61,4,269,1
BP00208,Chanel,54,5,223,1
BP00209,Chanel,41,20,219,2
BP00210,Chanel,56,4,260,0
BP00211,Chanel,63,5,278,4
BP00212,Chanel,74,8,326,2
BP00213,Chanel,83,10,351,1
BP00214,Chanel,71,19,302,1
BP00215,Chanel,53,42,270,5
BP00216,Chanel,71,40,362,4
BP00217,Chanel,47,31,264,2
BP00218,Chanel,51,27,222,5
BP00219,Chanel,62,12,346,11
BP00220,Chanel,72,12,324,5
BP00221,Chanel,90,32,709,4
BP00222,Chanel,792,60,2216,88
BP00223,Chanel,104,26,460,12
BP00224,Chanel,263,38,1099,8
BP00225,Chanel,47,6,208,1
BP00226,Chanel,129,7,475,5
BP00227,Chanel,83,29,298,2
BP00228,Chanel,32,28,208,0
BP00229,Chanel,129,28,620,6
BP00230,Chanel,860,56,2437,152
BP00231,Chanel,69,33,407,6
BP00232,Chanel,68,29,430,3
BP00233,Chanel,74,29,565,12
BP00234,Chanel,183,45,909,15
BP00235,Chanel,1748,185,5550,31
BP00236,Chanel,91,21,537,11
BP00237,Chanel,104,11,533,4
BP00238,Chanel,15970,1128,32197,612
BP00239,Chanel,82,7,395,2
BP00240,Chanel,91,24,474,6
BP00241,Chanel,82,5,463,2
BP00242,Chanel,47,4,290,2
BP00243,Chanel,1152,162,4020,18
BP00244,Chanel,57,5,357,1
BP00245,Chanel,152,13,687,11
BP00246,Chanel,152,28,865,20
BP00247,Chanel,90,11,556,6
BP00248,Chanel,342,33,1576,45
BP00249,Chanel,142,25,672,15
BP00250,Chanel,871,116,3274,33
BP00251,Chanel,72,30,330,2
BP00252,Chanel,65,7,335,0
BP00253,Chanel,114,40,495,3
BP00254,Chanel,112,26,433,8
BP00255,Chanel,439,200,1782,29
BP00256,Chanel,137,67,543,15
BP00257,Chanel,502,67,2098,15
BP00258,Chanel,318,42,1148,12
BP00259,Chanel,1074,159,3833,54
BP00260,Chanel,109,53,471,6
BP00261,Chanel,117,32,734,4
BP00262,Chanel,98,6,568,5
BP00263,Chanel,78,24,492,5
BP00264,Chanel,94,11,661,4
BP00265,Chanel,69,6,516,7
BP00266,Chanel,103,5,669,7
BP00267,Chanel,109,9,614,10
BP00268,Chanel,150,52,788,11
BP00269,Chanel,4177,303,11881,54
BP00270,Chanel,120,34,777,13
BP00271,Chanel,118,50,692,11
BP00272,Chanel,187,33,1234,17
BP00273,Chanel,84,30,353,3
BP00274,Chanel,91,11,469,5
BP00275,Chanel,6830,285,14869,187
BP00276,Chanel,878,64,3635,102
BP00277,Chanel,4266,223,12894,70
BP00278,Chanel,192,20,1061,13
BP00279,Chanel,6761,409,17635,151
BP00280,Chanel,98,29,368,7
BP00281,Chanel,164,25,1079,9
BP00282,Chanel,134,12,935,11
BP00283,Chanel,290,37,1984,35
BP00284,Chanel,7140,508,19563,161
BP00285,Chanel,40,3,303,3
BP00286,Chanel,56,4,388,1
BP00287,Chanel,86,22,382,5
BP00288,Chanel,86,8,547,1
BP00289,Chanel,83,8,597,4
BP00290,Chanel,112,9,512,10
BP00291,Chanel,98,6,588,2
BP00292,Chanel,80,22,529,3
BP00293,Chanel,76,6,462,6
BP00294,Chanel,80,4,436,8
BP00295,Chanel,70,3,332,5
BP00296,Chanel,57,3,312,1
BP00297,Chanel,76,2,387,8
BP00298,Chanel,69,5,352,2
BP00299,Chanel,77,6,478,3
BP00300,Chanel,72,3,394,1
BP00301,Chanel,67,5,486,6
BP00302,Chanel,52,4,302,7
BP00303,Chanel,46,1,245,8
BP00304,Chanel,74,6,383,7
BP00305,Chanel,67,2,353,3
BP00306,Chanel,67,4,435,2
BP00307,Chanel,52,2,351,4
BP00308,Chanel,84,6,491,4
BP00309,Chanel,82,7,593,6
BP00310,Chanel,53,2,389,2
BP00311,Chanel,63,7,460,6
BP00312,Chanel,126,24,555,23
BP00313,Chanel,63,7,409,4
BP00314,Chanel,126,28,657,31
BP00315,Chanel,57,6,265,8
BP00316,Chanel,45,4,217,2
BP00317,Chanel,83,11,317,14
BP00318,Chanel,34,8,200,2
BP00319,Chanel,160,22,673,22
BP00320,Chanel,53,3,310,2
BP00321,Chanel,71,9,372,3
BP00322,Chanel,45,5,299,2
BP00323,Chanel,62,5,376,3
BP00324,Chanel,73,11,573,5
BP00325,Chanel,75,9,586,3
BP00326,Chanel,63,5,410,1
BP00327,Chanel,52,7,360,1
BP00328,Chanel,61,5,322,5
BP00329,Chanel,58,3,409,6
BP00330,Chanel,66,9,388,1
BP00331,Chanel,73,3,403,3
BP00332,Chanel,55,9,444,5
BP00333,Chanel,67,5,355,1
BP00334,Chanel,88,27,526,6
BP00335,Chanel,2579,434,6447,70
BP00336,Chanel,81,9,387,4
BP00337,Chanel,124,49,551,13
BP00338,Chanel,143,61,874,21
BP00339,Chanel,177,37,924,10
BP00340,Chanel,138,45,693,9
BP00341,Chanel,129,27,712,12
BP00342,Chanel,89,8,394,9
BP00343,Chanel,107,12,582,8
BP00344,Chanel,60,3,356,1
BP00345,Chanel,110,23,696,11
BP00346,Chanel,64,5,318,8
BP00347,Chanel,109,10,651,6
BP00348,Chanel,96,20,425,8
BP00349,Chanel,55,2,328,5
BP00350,Chanel,67,6,379,4
BP00351,Chanel,63,21,316,1
BP00352,Chanel,54,7,254,0
BP00353,Chanel,61,5,283,0
BP00354,Chanel,68,3,431,1
BP00355,Chanel,117,5,722,10
BP00356,Chanel,107,3,502,12
BP00357,Chanel,77,4,368,6
BP00358,Chanel,60,2,272,5
BP00359,Chanel,38,2,219,3
BP00360,Chanel,38,3,213,3
BP00361,Chanel,69,6,457,3
BP00362,Chanel,73,5,454,7
BP00363,Chanel,74,18,476,8
BP00364,Chanel,56,5,391,2
BP00365,Chanel,72,2,404,2
BP00366,Chanel,41,41,276,1
BP00367,Chanel,36,3,271,1
BP00368,Chanel,50,3,335,1
BP00369,Chanel,52,0,342,0
BP00370,Chanel,37,1,340,1
BP00371,Chanel,96,19,527,15
BP00372,Chanel,87,22,630,7
BP00373,Chanel,69,0,444,5
BP00374,Chanel,62,2,399,0
BP00375,Chanel,61,22,445,8
BP00376,Chanel,118,6,476,12
BP00377,Chanel,79,6,502,7
BP00378,Chanel,183,24,736,9
BP00379,Chanel,118,5,488,7
BP00380,Chanel,105,5,502,4
BP00381,Chanel,184,27,777,14
BP00382,Chanel,150,22,701,9
BP00383,Chanel,245,23,1092,6
BP00384,Chanel,143,30,660,9
BP00385,Chanel,175,10,744,6
BP00386,Chanel,79,45,406,13
BP00387,Chanel,42,104,208,4
BP00388,Chanel,34,24,216,0
BP00389,Chanel,25,4,187,3
BP00390,Chanel,47,2,257,3
BP00391,Chanel,36,1,327,0
BP00392,Chanel,120,52,796,1
BP00393,Chanel,86,9,612,5
BP00394,Chanel,119,10,934,6
BP00395,Chanel,137,20,671,9
BP00396,Chanel,139,32,1001,6
BP00397,Chanel,70,9,417,2
BP00398,Chanel,83,21,439,6
BP00399,Chanel,76,10,372,0
BP00400,Chanel,53,6,350,3
BP00401,Chanel,60,10,354,4
BP00402,Chanel,47,4,282,0
BP00403,Chanel,88,9,470,1
BP00404,Chanel,79,5,414,5
BP00405,Chanel,78,2,561,5
BP00406,Chanel,50,4,329,2
BP00407,Chanel,54,5,331,2
BP00408,Chanel,84,18,467,6
BP00409,Chanel,315,33,1451,5
BP00410,Chanel,9358,730,23548,386
BP00411,Chanel,133,10,997,6
BP00412,Chanel,132,8,559,8
BP00413,Chanel,51,5,322,3
BP00414,Chanel,81,7,489,6
BP00415,Chanel,125,5,871,5
BP00416,Chanel,97,6,486,13
BP00417,Chanel,110,25,924,5
BP00418,Chanel,63,21,501,21
BP00419,Chanel,51,3,447,4
BP00420,Chanel,63,18,491,1
BP00421,Chanel,406,28,2053,36
BP00422,Chanel,90,7,678,3
BP00423,Chanel,254,24,1385,41
BP00424,Chanel,70,20,669,7
BP00425,Chanel,77,20,647,6
BP00426,Chanel,4406,165,11691,64
BP00427,Chanel,3684,151,9258,41
BP00428,Chanel,5932,412,12253,207
BP00429,Chanel,5529,677,12537,185
BP00430,Chanel,46,6,336,2
BP00431,Chanel,76,21,531,6
BP00432,Chanel,71,7,601,2
BP00433,Chanel,60,3,512,4
BP00434,Chanel,125,20,1010,13
BP00435,Chanel,90,8,895,13
BP00436,Chanel,79,8,660,1
BP00437,Chanel,59,4,503,2
BP00438,Chanel,101,8,513,6
BP00439,Chanel,106,20,644,9
BP00440,Chanel,73,9,517,4
BP00441,Chanel,63,6,561,7
BP00442,Chanel,70,4,432,5
BP00443,Chanel,91,18,634,11
BP00444,Chanel,49,3,453,5
BP00445,Chanel,81,5,476,8
BP00446,Chanel,65,8,442,2
BP00447,Chanel,77,5,485,7
BP00448,Chanel,50,3,404,3
BP00449,Chanel,96,21,748,9
BP00450,Chanel,79,3,588,5
BP00451,Chanel,59,3,403,6
BP00452,Chanel,98,4,666,7
BP00453,Chanel,61,2,441,2
BP00454,Chanel,315,20,943,19
BP00455,Chanel,73,5,499,3
BP00456,Chanel,62,3,527,2
BP00457,Chanel,105,7,670,6
BP00458,Chanel,61,5,385,6
BP00459,Chanel,39,3,297,5
BP00460,Chanel,95,4,600,5
BP00461,Chanel,65,4,398,3
BP00462,Chanel,101,8,662,11
BP00463,Chanel,61,6,341,1
BP00464,Chanel,12618,916,25210,746
BP00465,Chanel,53,8,348,1
BP00466,Chanel,64,3,621,4
BP00467,Chanel,63,2,439,7
BP00468,Chanel,44,3,388,4
BP00469,Chanel,46,5,327,2
BP00470,Chanel,42,2,429,2
BP00471,Chanel,56,5,504,2
BP00472,Chanel,104,11,707,15
BP00473,Chanel,64,3,472,6
BP00474,Chanel,109,7,595,16
BP00475,Chanel,98,7,552,8
BP00476,Chanel,65,4,498,9
BP00477,Chanel,90,2,537,3
BP00478,Chanel,67,7,496,10
BP00479,Chanel,40,2,268,0
BP00480,Chanel,35,2,233,0
BP00481,Chanel,37,2,267,1
BP00482,Chanel,34,2,255,1
BP00483,Chanel,68,8,483,2
BP00484,Chanel,195,22,860,35
BP00485,Chanel,80,6,575,4
BP00486,Chanel,144,6,931,25
BP00487,Chanel,89,4,611,4
BP00488,Chanel,134,8,767,17
BP00489,Chanel,92,8,510,13
BP00490,Chanel,101,5,768,8
BP00491,Chanel,162,6,809,12
BP00492,Chanel,135,6,754,14
BP00493,Chanel,135,21,722,14
BP00494,Chanel,688,278,2071,39
BP00495,Chanel,4655,1068,8952,707
BP00496,Chanel,4367,981,9924,294
BP00497,Chanel,205,9,1026,44
BP00498,Chanel,9506,2755,17489,796
BP00499,Chanel,47,22,359,2
BP00500,Chanel,366,25,1128,24
BP00501,Chanel,80,6,443,2
BP00502,Chanel,437,108,1889,29
BP00503,Chanel,100,27,685,11
BP00504,Chanel,166,42,1064,52
BP00505,Chanel,98,7,542,17
BP00506,Chanel,40,0,256,2
BP00507,Chanel,47,1,336,8
BP00508,Chanel,80,4,513,9
BP00509,Chanel,57,9,521,4
BP00510,Chanel,40,1,371,0
BP00511,Chanel,56,1,454,5
BP00512,Chanel,202,4,835,17
BP00513,Chanel,66,4,583,4
BP00514,Chanel,10922,1174,24712,526
BP00515,Chanel,50,24,490,4
BP00516,Chanel,70,16,571,2
BP00517,Chanel,122,30,914,2
BP00518,Chanel,65,7,550,2
BP00519,Chanel,75,35,585,10
BP00520,Chanel,55,4,414,6
BP00521,Chanel,56,3,455,7
BP00522,Chanel,70,7,451,5
BP00523,Chanel,58,25,298,5
BP00524,Chanel,51,4,271,3
BP00525,Chanel,51,3,296,1
BP00526,Chanel,155,27,1274,39
BP00527,Chanel,134,18,1124,16
BP00528,Chanel,136,22,888,23
BP00529,Chanel,82,20,579,13
BP00530,Chanel,278,42,1716,45
BP00531,Chanel,731,88,2954,146
BP00532,Chanel,63,43,576,5
BP00533,Chanel,41,20,401,1
BP00534,Chanel,101,9,865,5
BP00535,Chanel,62,54,593,69
BP00536,Chanel,70,27,435,2
BP00537,Chanel,392,30,1301,31
BP00538,Chanel,493,42,2363,78
BP00539,Chanel,228,20,1425,30
BP00540,Chanel,68,21,416,8
BP00541,Chanel,54,6,323,5
BP00542,Chanel,45,4,329,3
BP00543,Chanel,105,52,489,9
BP00544,Chanel,165,57,988,13
BP00545,Chanel,113,34,660,10
BP00546,Chanel,105,24,604,4
BP00547,Chanel,84,8,450,3
BP00548,Chanel,111,32,652,8
BP00549,Chanel,67,26,331,4
BP00550,Chanel,54,10,311,2
BP00551,Chanel,56,5,335,5
BP00552,Chanel,76,6,414,5
BP00553,Chanel,118,7,900,12
BP00554,Chanel,76,7,497,5
BP00555,Chanel,65,4,417,6
BP00556,Chanel,127,6,898,8
BP00557,Chanel,87,5,422,9
BP00558,Chanel,85,5,425,4
BP00559,Chanel,128,8,988,15
BP00560,Chanel,95,27,777,6
BP00561,Chanel,73,8,442,5
BP00562,Chanel,92,6,767,15
BP00563,Chanel,90,4,760,6
BP00564,Chanel,104,4,852,5
BP00565,Chanel,90,5,722,6
BP00566,Chanel,187,25,977,14
BP00567,Chanel,58,0,385,5
BP00568,Chanel,82,1,697,4
BP00569,Chanel,74,3,586,5
BP00570,Chanel,100,22,769,9
BP00571,Chanel,94,8,575,2
BP00572,Chanel,127,5,792,5
BP00573,Chanel,74,3,587,2
BP00574,Chanel,70,3,402,5
BP00575,Chanel,60,4,394,4
BP00576,Chanel,58,0,357,3
BP00577,Chanel,77,9,565,7
BP00578,Chanel,86,5,462,11
BP00579,Chanel,63,3,460,2
BP00580,Chanel,54,3,561,5
BP00581,Chanel,81,6,467,2
BP00582,Chanel,56,6,353,2
BP00583,Chanel,76,7,522,3
BP00584,Chanel,76,20,552,6
BP00585,Chanel,72,7,498,9
BP00586,Chanel,39,2,295,3
BP00587,Chanel,65,8,518,7
BP00588,Chanel,53,3,459,3
BP00589,Chanel,82,4,676,5
BP00590,Chanel,62,3,435,3
BP00591,Chanel,59,3,359,8
BP00592,Chanel,59,4,510,6
BP00593,Chanel,54,4,412,5
BP00594,Chanel,123,8,889,10
BP00595,Chanel,157,28,944,15
BP00596,Chanel,168,25,956,24
BP00597,Chanel,98,20,809,8
BP00598,Chanel,147,27,991,14
BP00599,Chanel,938,62,5407,168
BP00600,Chanel,34,5,400,1
BP00601,Chanel,65,3,538,2
BP00602,Chanel,31,1,360,2
BP00603,Chanel,55,4,472,4
BP00604,Chanel,63,3,495,0
BP00605,Chanel,74,4,612,2
BP00606,Chanel,44,2,312,0
BP00607,Chanel,134,22,751,10
BP00608,Chanel,104,5,1014,1
BP00609,Chanel,107,12,701,10
BP00610,Chanel,149,23,737,14
BP00611,Chanel,94,6,697,9
BP00612,Chanel,96,20,447,9
BP00613,Chanel,63,9,425,7
BP00614,Chanel,63,3,370,10
BP00615,Chanel,78,5,424,12
BP00616,Chanel,77,5,516,7
BP00617,Chanel,311,66,978,72
BP00618,Chanel,65,23,477,3
BP00619,Chanel,55,7,417,2
BP00620,Chanel,73,7,570,4
BP00621,Chanel,70,2,493,5
BP00622,Chanel,72,6,523,2
BP00623,Chanel,57,4,393,3
BP00624,Chanel,126,10,852,13
BP00625,Chanel,109,9,1120,15
BP00626,Chanel,166,26,2046,44
BP00627,Chanel,196,63,958,83
BP00628,Chanel,60,6,381,8
BP00629,Chanel,92,6,513,7
BP00630,Chanel,84,5,644,1
BP00631,Chanel,79,1,558,2
BP00632,Chanel,62,7,535,2
BP00633,Chanel,73,4,612,3
BP00634,Chanel,60,2,486,1
BP00635,Chanel,84,4,644,2
BP00636,Chanel,78,4,573,3
BP00637,Chanel,125,10,669,6
BP00638,Chanel,72,2,501,0
BP00639,Chanel,51,1,355,0
BP00640,Chanel,252,8,976,21
BP00641,Chanel,223,9,828,19
BP00642,Chanel,214,14,937,9
BP00643,Chanel,192,7,822,8
BP00644,Chanel,258,4,863,12
BP00645,Chanel,61,2,427,2
BP00646,Chanel,113,23,523,6
BP00647,Chanel,128,9,638,10
BP00648,Chanel,124,39,786,5
BP00649,Chanel,104,6,681,2
BP00650,Chanel,140,22,721,18
BP00651,Chanel,113,33,740,9
BP00652,Chanel,51,8,415,1
BP00653,Chanel,100,24,831,8
BP00654,Chanel,89,34,638,9
BP00655,Chanel,102,22,813,5
BP00656,Chanel,157,44,982,17
BP00657,Chanel,116,24,861,11
BP00658,Chanel,114,21,802,10
BP00659,Chanel,114,19,614,25
BP00660,Chanel,98,18,626,7
BP00661,Chanel,120,6,775,12
BP00662,Chanel,92,3,581,2
BP00663,Chanel,127,19,605,6
BP00664,Chanel,106,18,640,11
BP00665,Chanel,114,19,635,9
BP00666,Chanel,85,9,506,8
BP00667,Chanel,56,20,373,2
BP00668,Chanel,46,4,320,3
BP00669,Chanel,53,3,338,3
BP00670,Chanel,52,4,284,2
BP00671,Chanel,38,1,334,5
BP00672,Chanel,97,6,712,8
BP00673,Chanel,116,7,616,5
BP00674,Chanel,91,2,438,5
BP00675,Chanel,51,5,332,4
BP00676,Chanel,105,5,764,3
BP00677,Chanel,72,20,512,2
BP00678,Chanel,71,8,499,1
BP00679,Chanel,66,6,506,5
BP00680,Chanel,35,4,284,0
BP00681,Chanel,73,3,450,2
BP00682,Chanel,55,19,327,1
BP00683,Chanel,82,1,583,3
BP00684,Chanel,68,4,459,3
BP00685,Chanel,77,9,494,3
BP00686,Chanel,57,3,338,1
BP00687,Chanel,63,5,465,5
BP00688,Chanel,73,8,446,1
BP00689,Chanel,81,7,571,7
BP00690,Chanel,80,19,508,6
BP00691,Chanel,52,6,360,4
BP00692,Chanel,125,25,820,11
BP00693,Chanel,81,2,527,7
BP00694,Chanel,57,4,311,3
BP00695,Chanel,76,5,465,1
BP00696,Chanel,98,5,601,7
BP00697,Chanel,193,19,1147,24
BP00698,Chanel,76,9,400,8
BP00699,Chanel,153,18,540,29
BP00700,Chanel,91,9,420,9
BP00701,Chanel,68,3,429,0
BP00702,Chanel,62,1,439,1
BP00703,Chanel,63,3,400,1
BP00704,Chanel,51,2,358,1
BP00705,Chanel,52,2,354,3
BP00706,Chanel,74,4,480,2
BP00707,Chanel,97,21,562,4
BP00708,Chanel,127,18,593,5
BP00709,Chanel,156,41,1087,24
BP00710,Chanel,41,6,305,1
BP00711,Chanel,47,5,296,3
BP00712,Chanel,51,4,299,1
BP00713,Chanel,48,6,296,0
BP00714,Chanel,51,6,325,0
BP00715,Chanel,42,4,281,0
BP00716,Chanel,54,6,307,1
BP00717,Chanel,43,4,253,1
BP00718,Chanel,56,6,346,0
BP00719,Chanel,46,6,331,1
BP00720,Chanel,51,6,287,2
BP00721,Chanel,68,8,421,5
BP00722,Chanel,160,8,1265,12
BP00723,Chanel,188,19,1370,24
BP00724,Chanel,88,45,580,10
BP00725,Chanel,77,16,478,12
BP00726,Chanel,70,16,488,6
BP00727,Chanel,3448,279,12626,168
BP00728,Chanel,178,33,1138,17
BP00729,Chanel,136,29,632,23
BP00730,Chanel,89,20,513,4
BP00731,Chanel,57,8,396,2
BP00732,Chanel,64,6,373,2
BP00733,Chanel,59,20,579,2
BP00734,Chanel,92,6,628,5
BP00735,Chanel,77,6,539,1
BP00736,Chanel,102,6,734,9
BP00737,Chanel,97,9,605,9
BP00738,Chanel,178,22,717,25
BP00739,Chanel,50,17,280,2
BP00740,Chanel,52,3,374,2
BP00741,Chanel,111,20,649,8
BP00742,Chanel,72,18,479,3
BP00743,Chanel,53,20,477,2
BP00744,Chanel,79,17,580,5
BP00745,Chanel,116,18,743,12
BP00746,Chanel,83,9,732,8
BP00747,Chanel,57,5,344,4
BP00748,Chanel,56,21,525,6
BP00749,Chanel,155,53,1011,26
BP00750,Chanel,15048,1096,34251,2045
BP00751,Chanel,94,18,433,8
BP00752,Chanel,70,9,406,2
BP00753,Chanel,92,5,527,0
BP00754,Chanel,47,9,434,2
BP00755,Chanel,96,3,466,1
BP00756,Chanel,62,5,484,3
BP00757,Chanel,58,5,360,4
BP00758,Chanel,59,8,369,2
BP00759,Chanel,65,7,416,11
BP00760,Chanel,87,7,546,35
BP00761,Chanel,57,7,311,1
BP00762,Chanel,55,5,378,1
BP00763,Chanel,51,8,287,3
BP00764,Chanel,39,4,254,1
BP00765,Chanel,35,7,263,3
BP00766,Chanel,66,5,478,3
BP00767,Chanel,54,6,285,2
BP00768,Chanel,58,6,388,3
BP00769,Chanel,62,18,551,3
BP00770,Chanel,83,8,439,6
BP00771,Chanel,75,7,392,3
BP00772,Chanel,41,4,267,2
BP00773,Chanel,69,3,374,3
BP00774,Chanel,67,3,416,3
BP00775,Chanel,90,8,629,5
BP00776,Chanel,129,16,639,14
BP00777,Chanel,63,4,420,4
BP00778,Chanel,83,6,524,11
BP00779,Chanel,146,22,623,29
BP00780,Chanel,5851,697,16101,1153
BP00781,Chanel,404,61,1075,34
BP00782,Chanel,2048,77,5682,105
BP00783,Chanel,351,25,1484,45
BP00784,Chanel,5864,724,16752,276
BP00785,Chanel,12972,571,24478,2440
BP00786,Chanel,1105,124,2451,210
BP00787,Chanel,78,5,389,9
BP00788,Chanel,53,8,382,9
BP00789,Chanel,135,14,699,31
BP00790,Chanel,24637,2646,52680,2126
BP00791,Chanel,49,3,279,0
BP00792,Chanel,39,5,303,0
BP00793,Chanel,44,4,310,1
BP00794,Chanel,46,3,372,0
BP00795,Chanel,64,6,366,0
BP00796,Chanel,58,4,387,3
BP00797,Chanel,78,7,479,4
BP00798,Chanel,137,15,482,4
BP00799,Chanel,72,15,423,4
BP00800,Chanel,122,22,552,5
BP00801,Chanel,89,23,551,10
BP00802,Chanel,95,7,517,5
BP00803,Chanel,243,49,1127,32
BP00804,Chanel,44,4,394,0
BP00805,Chanel,62,15,448,2
BP00806,Chanel,63,6,473,1
BP00807,Chanel,58,3,438,1
BP00808,Chanel,54,3,439,0
BP00809,Chanel,63,4,472,1
BP00810,Chanel,77,14,657,7
BP00811,Chanel,76,13,510,3
BP00812,Chanel,59,4,492,3
BP00813,Chanel,59,3,464,5
BP00814,Chanel,80,4,577,5
BP00815,Chanel,106,22,530,13
BP00816,Chanel,59,8,429,5
BP00817,Chanel,100,8,722,7
BP00818,Chanel,63,8,319,2
BP00819,Chanel,109,41,809,8
BP00820,Chanel,133,49,590,10
BP00821,Chanel,139,22,627,7
BP00822,Chanel,134,8,654,7
BP00823,Chanel,112,7,567,6
BP00824,Chanel,65,9,415,4
BP00825,Chanel,201,9,1524,14
BP00826,Chanel,82,3,696,4
BP00827,Chanel,261,16,1045,36
BP00828,Chanel,69,3,555,2
BP00829,Chanel,64,5,418,1
BP00830,Chanel,124,23,561,58
BP00831,Chanel,62,4,323,1
BP00832,Chanel,100,1,468,3
BP00833,Chanel,138,8,767,6
BP00834,Chanel,103,4,583,11
BP00835,Chanel,105,14,719,11
BP00836,Chanel,125,9,925,13
BP00837,Chanel,144,9,690,16
BP00838,Chanel,69,4,457,1
BP00839,Chanel,106,4,684,6
BP00840,Chanel,118,8,661,7
BP00841,Chanel,68,1,448,2
BP00842,Chanel,110,8,675,7
BP00843,Chanel,59,5,478,2
BP00844,Chanel,77,1,485,2
BP00845,Chanel,159,4,928,18
BP00846,Chanel,111,4,766,10
BP00847,Chanel,199,22,1126,11
BP00848,Chanel,67,1,582,6
BP00849,Chanel,149,7,894,14
BP00850,Chanel,57,2,435,4
BP00851,Chanel,117,7,694,12
BP00852,Chanel,55,5,539,4
BP00853,Chanel,338,21,1497,61
BP00854,Chanel,393,25,1233,82
BP00855,Chanel,203,8,803,27
BP00856,Chanel,98,7,684,3
BP00857,Chanel,101,4,664,7
BP00858,Chanel,64,0,431,3
BP00859,Chanel,97,7,587,5
BP00860,Chanel,159,8,682,33
BP00861,Chanel,49,0,351,2
BP00862,Chanel,55,3,404,3
BP00863,Chanel,50,3,404,0
BP00864,Chanel,76,5,358,9
BP00865,Chanel,57,1,441,2
BP00866,Chanel,43,6,402,1
BP00867,Chanel,74,5,528,0
BP00868,Chanel,129,4,693,18
BP00869,Chanel,50,20,295,2
BP00870,Chanel,44,8,284,2
BP00871,Chanel,37,6,294,3
BP00872,Chanel,47,9,296,1
BP00873,Chanel,58,1,318,7
BP00874,Chanel,48,0,382,3
BP00875,Chanel,83,5,425,5
BP00876,Chanel,82,21,458,6
BP00877,Chanel,71,3,521,8
BP00878,Chanel,61,4,383,4
BP00879,Chanel,122,44,720,5
BP00880,Chanel,183,46,1349,23
BP00881,Chanel,87,21,631,6
BP00882,Chanel,84,8,534,12
BP00883,Chanel,74,31,621,6
BP00884,Chanel,58,7,430,5
BP00885,Chanel,48,17,569,7
BP00886,Chanel,44,4,299,6
BP00887,Chanel,54,6,457,6
BP00888,Chanel,54,5,374,4
BP00889,Chanel,49,6,546,7
BP00890,Chanel,39,2,318,2
BP00891,Chanel,67,25,648,12
BP00892,Chanel,79,20,626,9
BP00893,Chanel,43,4,309,3
BP00894,Chanel,129,9,1001,10
BP00895,Chanel,107,17,745,29
BP00896,Chanel,88,4,826,25
BP00897,Chanel,102,14,685,19
BP00898,Chanel,58,5,415,5
BP00899,Chanel,88,8,540,15
BP00900,Chanel,53,5,528,6
BP00901,Chanel,119,20,829,39
BP00902,Chanel,58,11,651,4
BP00903,Chanel,75,3,545,7
BP00904,Chanel,102,7,981,12
BP00905,Chanel,106,6,710,14
BP00906,Chanel,66,3,491,8
BP00907,Chanel,104,9,717,15
BP00908,Chanel,135,3,851,20
BP00909,Chanel,87,2,601,16
BP00910,Chanel,83,7,707,28
BP00911,Chanel,87,8,587,9
BP00912,Chanel,79,2,670,8
BP00913,Chanel,118,121,1283,88
BP00914,Chanel,72,5,544,13
BP00915,Chanel,2544,1256,19085,996
BP00916,Chanel,3329,366,24608,1499
BP00917,Chanel,50,1,323,4
BP00918,Chanel,37,2,284,8
BP00919,Chanel,35,2,223,2
BP00920,Chanel,34,4,255,3
BP00921,Chanel,66,1,433,8
BP00922,Chanel,43,2,341,9
BP00923,Chanel,48,2,396,6
BP00924,Chanel,49,3,439,3
BP00925,Chanel,55,3,319,3
BP00926,Chanel,58,2,401,3
BP00927,Chanel,68,6,431,1
BP00928,Chanel,109,3,466,9
BP00929,Chanel,52,4,466,11
BP00930,Chanel,59,1,476,6
BP00931,Chanel,243,32,1306,50
BP00932,Chanel,66,2,621,9
BP00933,Chanel,28,3,323,2
BP00934,Chanel,45,13,468,3
BP00935,Chanel,334,30,1952,47
BP00936,Chanel,57,14,483,5
BP00937,Chanel,59,5,529,11
BP00938,Chanel,66,5,612,15
BP00939,Chanel,46,5,485,8
BP00940,Chanel,45,3,296,6
BP00941,Chanel,42,18,339,6
BP00942,Chanel,97,22,568,7
BP00943,Chanel,59,3,459,4
BP00944,Chanel,89,15,824,6
BP00945,Chanel,255,47,1890,57
BP00946,Chanel,337,74,1526,274
BP00947,Chanel,136,38,1042,19
BP00948,Chanel,220,39,1322,54
BP00949,Chanel,64,18,430,8
BP00950,Chanel,72,9,615,6
BP00951,Chanel,66,8,497,9
BP00952,Chanel,49,4,434,2
BP00953,Chanel,89,6,486,10
BP00954,Chanel,72,6,470,3
BP00955,Chanel,59,19,433,7
BP00956,Chanel,41,5,350,1
BP00957,Chanel,66,4,346,5
BP00958,Chanel,136,8,708,6
BP00959,Chanel,73,7,420,5
BP00960,Chanel,89,6,403,1
BP00961,Chanel,77,8,391,4
BP00962,Chanel,88,4,492,4
BP00963,Chanel,160,14,1169,12
BP00964,Chanel,84,7,689,6
BP00965,Chanel,243,32,928,32
BP00966,Chanel,157,9,639,13
BP00967,Chanel,94,7,623,2
BP00968,Chanel,32,1,284,2
BP00969,Chanel,7474,403,15005,1274
BP00970,Chanel,55,8,290,3
BP00971,Chanel,519,26,1704,69
BP00972,Chanel,22,4,221,1
BP00973,Chanel,29,3,267,1
BP00974,Chanel,38,5,272,0
BP00975,Chanel,203,19,829,34
BP00976,Chanel,90,49,392,15
BP00977,Chanel,9110,414,22659,389
BP00978,Chanel,52,0,342,0
BP00979,Chanel,36,3,259,0
BP00980,Chanel,35,0,291,3
BP00981,Chanel,93,3,447,9
BP00982,Chanel,48,3,286,3
BP00983,Chanel,114,7,651,11
BP00984,Chanel,44,0,271,2
BP00985,Chanel,35,0,268,1
BP00986,Chanel,44,0,285,1
BP00987,Chanel,60,4,434,9
BP00988,Chanel,36,0,262,1
BP00989,Chanel,3650,276,25429,666
BP00990,Chanel,176,23,853,17
BP00991,Chanel,60,4,329,6
BP00992,Chanel,35,1,302,1
BP00993,Chanel,39,3,293,0
BP00994,Chanel,57,2,362,1
BP00995,Chanel,315,20,1335,38
BP00996,Chanel,188,5,837,29
BP00997,Chanel,156,5,848,6
BP00998,Chanel,185,9,880,10
BP00999,Chanel,85,8,358,11
BP01000,Chanel,125,9,472,15
BP01001,Chanel,325,48,1198,57
BP01002,Chanel,174,5,755,17
BP01003,Chanel,211,8,944,31
BP01004,Chanel,72,2,334,4
BP01005,Chanel,77,18,407,7
BP01006,Chanel,64,1,379,6
BP01007,Chanel,81,6,465,15
BP01008,Chanel,68,7,537,8
BP01009,Chanel,71,26,462,4
BP01010,Chanel,69,4,533,6
BP01011,Chanel,68,3,430,0
BP01012,Chanel,80,16,485,5
BP01013,Chanel,65,4,409,1
BP01014,Chanel,70,4,462,2
BP01015,Chanel,94,9,504,3
BP01016,Chanel,50,1,407,0
BP01017,Chanel,80,9,615,4
BP01018,Chanel,29,3,243,1
BP01019,Chanel,30,1,314,0
BP01020,Chanel,85,4,648,1
BP01021,Chanel,83,9,495,4
BP01022,Chanel,69,7,444,3
BP01023,Chanel,87,6,448,3
BP01024,Chanel,140,17,689,14
BP01025,Chanel,136,8,989,16
BP01026,Chanel,45,8,377,2
BP01027,Chanel,32,6,321,0
BP01028,Chanel,76,9,636,9
BP01029,Chanel,160,8,896,9
BP01030,Chanel,50,1,452,9
BP01031,Chanel,79,3,492,6
BP01032,Chanel,72,11,591,5
BP01033,Chanel,217,25,1327,11
BP01034,Chanel,187,15,1137,8
BP01035,Chanel,198,8,1372,14
BP01036,Chanel,133,21,602,12
BP01037,Chanel,53,10,374,4
BP01038,Chanel,124,19,714,9
BP01039,Chanel,118,8,579,9
BP01040,Chanel,222,7,1020,11
BP01041,Chanel,248,8,1524,8
BP01042,Chanel,140,8,650,5
BP01043,Chanel,245,10,1249,21
BP01044,Chanel,240,12,1173,16
BP01045,Chanel,101,5,613,0
BP01046,Chanel,116,10,636,9
BP01047,Chanel,173,13,887,23
BP01048,Chanel,112,6,711,8
BP01049,Chanel,93,9,680,13
BP01050,Chanel,95,7,641,5
BP01051,Chanel,107,10,886,6
BP01052,Chanel,79,7,640,4
BP01053,Chanel,133,8,946,24
BP01054,Chanel,78,3,666,9
BP01055,Chanel,80,7,647,4
BP01056,Chanel,86,8,563,10
BP01057,Chanel,130,8,923,11
BP01058,Chanel,80,3,645,5
BP01059,Chanel,118,16,764,16
BP01060,Chanel,75,4,627,8
BP01061,Chanel,96,2,801,3
BP01062,Chanel,141,15,800,10
BP01063,Chanel,90,7,717,2
BP01064,Chanel,65,5,393,4
BP01065,Chanel,105,11,710,1
BP01066,Chanel,101,5,703,6
BP01067,Chanel,94,6,887,1
BP01068,Chanel,119,4,794,11
BP01069,Chanel,47,1,384,4
BP01070,Chanel,75,6,610,4
BP01071,Chanel,126,7,737,11
BP01072,Chanel,93,4,596,9
BP01073,Chanel,48,3,610,5
BP01074,Chanel,98,1,541,7
BP01075,Chanel,115,7,954,9
BP01076,Chanel,80,4,624,3
BP01077,Chanel,136,5,789,12
BP01078,Chanel,83,15,443,5
BP01079,Chanel,35,1,266,2
BP01080,Chanel,38,1,297,2
BP01081,Chanel,31,1,245,0
BP01082,Chanel,32,2,234,1
BP01083,Chanel,60,6,493,10
BP01084,Chanel,38,1,278,1
BP01085,Chanel,32,0,241,0
BP01086,Chanel,30,2,255,2
BP01087,Chanel,64,5,354,7
BP01088,Chanel,24,2,236,0
BP01089,Chanel,31,1,324,0
BP01090,Chanel,70,2,375,7
BP01091,Chanel,40,1,310,2
BP01092,Chanel,46,2,433,2
BP01093,Chanel,49,1,372,1
BP01094,Chanel,35,0,237,2
BP01095,Chanel,29,0,292,1
BP01096,Chanel,39,3,298,0
BP01097,Chanel,32,0,245,4
BP01098,Chanel,59,3,441,2
BP01099,Chanel,80,10,593,9
BP01100,Chanel,29,2,288,1
BP01101,Chanel,36,1,310,4
BP01102,Chanel,935,260,7033,239
BP01103,Chanel,51,2,343,4
BP01104,Chanel,51,1,321,5
BP01105,Chanel,47,0,324,0
BP01106,Chanel,60,2,500,6
BP01107,Chanel,69,1,406,6
BP01108,Chanel,52,3,341,3
BP01109,Chanel,57,4,386,2
BP01110,Chanel,44,2,290,7
BP01111,Chanel,143,9,621,25
BP01112,Chanel,46,2,382,0
BP01113,Chanel,82,1,615,7
BP01114,Chanel,83,1,559,3
BP01115,Chanel,71,4,590,3
BP01116,Chanel,117,7,1071,9
BP01117,Chanel,104,5,646,12
BP01118,Chanel,141,2,719,8
BP01119,Chanel,106,4,705,4
BP01120,Chanel,93,15,571,7
BP01121,Chanel,101,16,642,14
BP01122,Chanel,91,17,580,9
BP01123,Chanel,84,5,624,5
BP01124,Chanel,78,7,550,7
BP01125,Chanel,86,10,592,10
BP01126,Chanel,130,37,757,9
BP01127,Chanel,73,11,393,2
BP01128,Chanel,96,9,551,4
BP01129,Chanel,113,14,785,6
BP01130,Chanel,67,5,465,4
BP01131,Chanel,54,7,352,2
BP01132,Chanel,56,8,357,3
BP01133,Chanel,57,5,401,2
BP01134,Chanel,79,10,487,8
BP01135,Chanel,78,6,488,6
BP01136,Chanel,68,5,361,4
BP01137,Chanel,57,4,306,0
BP01138,Chanel,74,10,437,4
BP01139,Chanel,134,8,716,8
BP01140,Chanel,77,4,388,6
BP01141,Chanel,51,7,371,4
BP01142,Chanel,83,3,512,5
BP01143,Chanel,174,7,1139,16
BP01144,Chanel,78,5,367,2
BP01145,Chanel,65,5,433,3
BP01146,Chanel,83,12,571,6
BP01147,Chanel,55,4,343,2
BP01148,Chanel,60,7,396,2
BP01149,Chanel,153,12,705,10
BP01150,Chanel,264,7,1186,6
BP01151,Chanel,101,2,534,2
BP01152,Chanel,98,2,464,4
BP01153,Chanel,145,7,817,6
BP01154,Chanel,104,10,739,4
BP01155,Chanel,128,6,850,16
BP01156,Chanel,98,8,673,13
BP01157,Chanel,94,6,735,8
BP01158,Chanel,152,19,1131,23
BP01159,Chanel,78,7,592,11
BP01160,Chanel,73,3,384,2
BP01161,Chanel,66,8,517,3
BP01162,Chanel,69,5,458,4
BP01163,Chanel,77,10,417,8
BP01164,Chanel,85,6,502,3
BP01165,Chanel,73,4,391,3
BP01166,Chanel,114,32,490,7
BP01167,Chanel,139,47,682,14
BP01168,Chanel,65,21,327,2
BP01169,Chanel,194,15,1042,15
BP01170,Chanel,70,4,449,2
BP01171,Chanel,238,9,1262,12
BP01172,Chanel,79,2,513,4
BP01173,Chanel,176,9,977,6
BP01174,Chanel,65,4,479,3
BP01175,Chanel,140,8,738,9
BP01176,Chanel,72,2,414,1
BP01177,Chanel,59,4,358,2
BP01178,Chanel,113,9,669,14
BP01179,Chanel,89,8,760,2
BP01180,Chanel,65,3,421,3
BP01181,Chanel,37,1,267,3
BP01182,Chanel,86,1,684,7
BP01183,Chanel,94,6,691,6
BP01184,Chanel,102,3,635,6
BP01185,Chanel,160,7,1031,11
BP01186,Chanel,111,7,590,7
BP01187,Chanel,202,10,1026,10
BP01188,Chanel,137,4,717,11
BP01189,Chanel,72,5,554,9
BP01190,Chanel,50,1,373,0
BP01191,Chanel,48,3,328,4
BP01192,Chanel,52,2,399,0
BP01193,Chanel,45,2,374,0
BP01194,Chanel,62,0,418,4
BP01195,Chanel,1800,90,10757,160
BP01196,Chanel,39,1,346,2
BP01197,Chanel,66,3,384,2
BP01198,Chanel,49,5,419,1
BP01199,Chanel,40,4,349,1
BP01200,Chanel,62,6,444,0
BP01201,Chanel,50,0,349,2
BP01202,Chanel,55,6,338,1
BP01203,Chanel,61,6,439,3
BP01204,Chanel,39,2,306,2
BP01205,Chanel,68,2,428,3
BP01206,Chanel,5039,242,26208,608
BP01207,Chanel,45,2,353,2
BP01208,Chanel,48,0,370,0
BP01209,Chanel,75,2,465,5
BP01210,Chanel,45,0,347,0
BP01211,Chanel,28,0,191,0
BP01212,Chanel,22,0,152,0
BP01213,Chanel,33,0,177,1
BP01214,Chanel,18,0,148,0
BP01215,Chanel,28,0,155,1
BP01216,Chanel,23,1,197,0
BP01217,Chanel,25,0,170,2
BP01218,Chanel,33,0,294,4
BP01219,Chanel,83,3,449,4
BP01220,Chanel,39,1,281,1
BP01221,Chanel,55,2,349,1
BP01222,Chanel,25,0,223,0
BP01223,Chanel,43,1,291,0
BP01224,Chanel,109,4,530,5
BP01225,Chanel,187,19,579,23
BP01226,Chanel,93,0,454,4
BP01227,Chanel,85,6,474,3
BP01228,Chanel,107,5,530,4
BP01229,Chanel,111,8,598,4
BP01230,Chanel,1296,67,8475,73
BP01231,Chanel,176,8,801,12
BP01232,Chanel,105,1,493,6
BP01233,Chanel,108,7,649,6
BP01234,Chanel,112,5,625,4
BP01235,Chanel,78,1,434,2
BP01236,Chanel,154,9,773,3
BP01237,Chanel,117,4,497,3
BP01238,Chanel,61,3,409,1
BP01239,Chanel,69,1,426,1
BP01240,Chanel,69,3,472,3
BP01241,Chanel,51,0,315,0
BP01242,Chanel,395,13,1304,10
BP01243,Chanel,134,3,640,3
BP01244,Chanel,175,2,820,5
BP01245,Chanel,174,5,746,7
BP01246,Chanel,529,13,1675,56
BP01247,Chanel,140,5,564,1
BP01248,Chanel,230,4,907,6
BP01249,Chanel,230,3,964,10
BP01250,Chanel,581,18,2237,67
BP01251,Chanel,86,4,544,0
BP01252,Chanel,110,5,701,8
BP01253,Chanel,87,6,567,17
BP01254,Chanel,100,11,618,13
BP01255,Chanel,95,7,600,6
BP01256,Chanel,123,6,534,3
BP01257,Chanel,167,14,784,9
BP01258,Chanel,150,10,1004,7
BP01259,Chanel,228,23,1771,15
BP01260,Chanel,70,3,588,1
BP01261,Chanel,69,5,499,2
BP01262,Chanel,102,6,696,9
BP01263,Chanel,57,3,485,5
BP01264,Chanel,84,1,624,1
BP01265,Chanel,139,16,895,7
BP01266,Chanel,158,9,1030,3
BP01267,Chanel,75,9,673,5
BP01268,Chanel,53,2,427,4
BP01269,Chanel,41,0,337,2
BP01270,Chanel,154,4,732,21
BP01271,Chanel,73,5,481,1
BP01272,Chanel,122,5,626,4
BP01273,Chanel,114,5,796,4
BP01274,Chanel,123,7,949,7
BP01275,Chanel,62,5,390,5
BP01276,Chanel,54,5,464,4
BP01277,Chanel,87,5,524,5
BP01278,Chanel,30,1,232,1
BP01279,Chanel,30,1,272,1
BP01280,Chanel,95,3,569,5
BP01281,Chanel,2866,129,9556,315
BP01282,Chanel,66,7,481,0
BP01283,Chanel,113,4,670,7
BP01284,Chanel,1915,76,12395,63
BP01285,Chanel,66,2,541,2
BP01286,Chanel,2885,407,14250,392
BP01287,Chanel,6014,159,10628,298
BP01288,Chanel,104,6,711,13
BP01289,Chanel,59,6,362,3
BP01290,Chanel,90,4,491,6
BP01291,Chanel,51,2,289,2
BP01292,Chanel,95,3,453,4
BP01293,Chanel,133,3,746,9
BP01294,Chanel,160,8,817,14
BP01295,Chanel,65,2,400,2
BP01296,Chanel,158,6,615,16
BP01297,Chanel,108,5,502,3
BP01298,Chanel,111,6,599,4
BP01299,Chanel,115,7,641,6
BP01300,Chanel,127,8,700,6
BP01301,Chanel,218,15,1052,12
BP01302,Chanel,182,25,946,10
BP01303,Chanel,135,8,714,7
BP01304,Chanel,66,2,393,4
BP01305,Chanel,119,6,620,2
BP01306,Chanel,107,6,745,8
BP01307,Chanel,68,8,458,2
BP01308,Chanel,66,4,517,2
BP01309,Chanel,94,6,616,6
BP01310,Chanel,120,12,766,2
BP01311,Chanel,45,3,416,2
BP01312,Chanel,126,4,812,2
BP01313,Chanel,209,21,1175,11
BP01314,Chanel,74,13,647,2
BP01315,Chanel,50,5,361,1
BP01316,Chanel,116,7,758,1
BP01317,Chanel,143,21,860,5
BP01318,Chanel,263,34,1211,15
BP01319,Chanel,115,13,701,9
BP01320,Chanel,273,15,1022,20
BP01321,Chanel,156,10,958,9
BP01322,Chanel,96,3,524,3
BP01323,Chanel,94,3,544,3
BP01324,Chanel,134,3,748,4
BP01325,Chanel,127,6,719,3
BP01326,Chanel,187,13,1205,5
BP01327,Chanel,152,6,687,4
BP01328,Chanel,115,5,717,1
BP01329,Chanel,120,5,861,2
BP01330,Chanel,138,4,946,7
BP01331,Chanel,1427,76,7438,160
BP01332,Chanel,107,4,590,3
BP01333,Chanel,81,1,513,3
BP01334,Chanel,738,57,4445,63
BP01335,Chanel,126,5,655,5
BP01336,Chanel,112,4,638,3
BP01337,Chanel,394,21,1675,42
BP01338,Chanel,444,25,1462,43
BP01339,Chanel,3855,85,16787,265
BP01340,Chanel,170,4,748,8
BP01341,Chanel,128,5,569,12
BP01342,Chanel,679,35,4047,63
BP01343,Chanel,748,53,3997,60
BP01344,Chanel,1083,63,5494,63
BP01345,Chanel,189,18,1342,13
BP01346,Chanel,91,3,608,4
BP01347,Chanel,349,16,1484,21
BP01348,Chanel,70,16,471,0
BP01349,Chanel,74,6,458,3
BP01350,Chanel,85,24,700,7
BP01351,Chanel,159,19,848,14
BP01352,Chanel,123,11,803,9
BP01353,Chanel,83,15,411,4
BP01354,Chanel,4856,239,11806,181
BP01355,Chanel,117,7,691,6
BP01356,Chanel,55,3,335,2
BP01357,Chanel,92,5,643,4
BP01358,Chanel,44,3,242,1
BP01359,Chanel,48,3,374,0
BP01360,Chanel,88,7,467,3
BP01361,Chanel,45,6,318,2
BP01362,Chanel,99,7,638,4
BP01363,Chanel,40,2,291,3
BP01364,Chanel,98,4,515,2
BP01365,Chanel,128,11,675,11
BP01366,Chanel,263,24,1445,36
BP01367,Chanel,189,12,1024,9
BP01368,Chanel,70,3,436,4
BP01369,Chanel,42,2,287,2
BP01370,Chanel,76,6,527,4
BP01371,Chanel,95,5,495,5
BP01372,Chanel,178,6,729,7
BP01373,Chanel,64,3,341,9
BP01374,Chanel,108,6,654,6
BP01375,Chanel,137,5,773,11
BP01376,Chanel,60,16,416,2
BP01377,Chanel,51,6,325,7
BP01378,Chanel,49,9,345,2
BP01379,Chanel,80,10,516,6
BP01380,Chanel,66,7,388,3
BP01381,Chanel,124,6,743,12
BP01382,Chanel,121,10,727,12
BP01383,Chanel,100,5,536,8
BP01384,Chanel,78,8,440,10
BP01385,Chanel,140,10,712,12
BP01386,Chanel,47,3,208,2
BP01387,Chanel,237,15,1012,11
BP01388,Chanel,70,6,506,5
BP01389,Chanel,134,9,633,8
BP01390,Chanel,157,3,961,6
BP01391,Chanel,270,20,1040,46
BP01392,Chanel,69,9,410,1
BP01393,Chanel,95,7,513,4
BP01394,Chanel,123,7,567,9
BP01395,Chanel,280,15,956,34
BP01396,Chanel,117,4,680,5
BP01397,Chanel,134,8,762,12
BP01398,Chanel,186,10,1029,26
BP01399,Chanel,258,26,1380,45
BP01400,Chanel,88,8,606,2
BP01401,Chanel,44,3,242,3
BP01402,Chanel,66,6,513,2
BP01403,Chanel,120,8,825,4
BP01404,Chanel,94,5,682,4
BP01405,Chanel,136,7,726,9
BP01406,Chanel,86,4,421,6
BP01407,Chanel,89,4,708,2
BP01408,Chanel,101,7,655,4
BP01409,Chanel,357,19,1602,28
BP01410,Chanel,240,7,1509,10
BP01411,Chanel,123,4,746,5
BP01412,Chanel,147,6,944,8
BP01413,Chanel,70,1,530,2
BP01414,Chanel,175,14,777,27
BP01415,Chanel,403,10,2234,34
BP01416,Chanel,156,7,935,8
BP01417,Chanel,965,87,5523,92
BP01418,Chanel,122,7,801,3
BP01419,Chanel,352,7,1809,31
BP01420,Chanel,179,9,1061,8
BP01421,Chanel,1247,74,8235,94
BP01422,Chanel,150,7,961,1
BP01423,Chanel,761,76,5320,68
BP01424,Chanel,116,10,737,6
BP01425,Chanel,129,4,595,2
BP01426,Chanel,2505,291,13349,362
BP01427,Chanel,135,10,954,6
BP01428,Chanel,163,9,822,7
BP01429,Chanel,166,5,868,7
BP01430,Chanel,12796,1029,23202,690
BP01431,Chanel,4332,106,18820,314
BP01432,Chanel,147,11,676,12
BP01433,Chanel,1159,239,4275,162
BP01434,Chanel,242,55,929,38
BP01435,Chanel,554,98,1776,37
BP01436,Chanel,186,10,822,10
BP01437,Chanel,93,15,523,4
BP01438,Chanel,56,4,336,3
BP01439,Chanel,468,14,1538,27
BP01440,Chanel,59,16,306,7
BP01441,Chanel,35,3,294,0
BP01442,Chanel,62,7,487,3
BP01443,Chanel,60,17,380,8
BP01444,Chanel,243,5,816,6
BP01445,Chanel,98,2,473,3
BP01446,Chanel,581,6,2445,24
BP01447,Chanel,268,6,1104,11
BP01448,Chanel,63,2,431,0
BP01449,Chanel,551,5,2212,23
BP01450,Chanel,3237,27,10532,191
BP01451,Chanel,96,2,527,4
BP01452,Chanel,41,4,272,0
BP01453,Chanel,54,5,326,0
BP01454,Chanel,72,7,456,8
BP01455,Chanel,75,2,590,9
BP01456,Chanel,31,2,223,2
BP01457,Chanel,32,1,187,1
BP01458,Chanel,150,2,769,7
BP01459,Chanel,51,1,349,1
BP01460,Chanel,30,0,238,1
BP01461,Chanel,40,3,253,1
BP01462,Chanel,51,2,302,2
BP01463,Chanel,212,3,766,5
BP01464,Chanel,212,4,765,7
BP01465,Chanel,33,3,288,0
BP01466,Chanel,397,13,1576,15
BP01467,Chanel,43,3,353,1
BP01468,Chanel,36,1,276,0
BP01469,Chanel,47,1,263,0
BP01470,Chanel,39,3,285,0
BP01471,Chanel,56,3,428,1
BP01472,Chanel,29,0,261,3
BP01473,Chanel,142,13,722,11
BP01474,Chanel,62,6,372,2
BP01475,Chanel,42,2,253,3
BP01476,Chanel,61,3,496,3
BP01477,Chanel,97,2,674,2
BP01478,Chanel,78,6,519,5
BP01479,Chanel,152,7,1011,10
BP01480,Chanel,58,0,365,5
BP01481,Chanel,91,4,549,5
BP01482,Chanel,297,16,1043,7
BP01483,Chanel,45,4,319,0
BP01484,Chanel,44,9,398,2
BP01485,Chanel,54,4,421,0
BP01486,Chanel,82,2,605,1
BP01487,Chanel,81,5,482,1
BP01488,Chanel,143,8,903,8
BP01489,Chanel,596,38,2427,43
BP01490,Chanel,333,34,1404,95
BP01491,Chanel,330,21,1795,15
BP01492,Chanel,168,6,844,6
BP01493,Chanel,105,1,650,6
BP01494,Chanel,105,5,718,3
BP01495,Chanel,144,6,852,4
BP01496,Chanel,108,7,672,3
BP01497,Chanel,194,6,1038,8
BP01498,Chanel,100,5,709,2
BP01499,Chanel,95,2,556,1
BP01500,Chanel,77,3,527,4
BP01501,Chanel,104,3,711,4
BP01502,Chanel,66,3,475,0
BP01503,Chanel,296,12,1366,15
BP01504,Chanel,50,3,437,2
BP01505,Chanel,184,10,1095,5
BP01506,Chanel,189,8,1040,14
BP01507,Chanel,357,12,1988,24
BP01508,Chanel,146,8,889,5
BP01509,Chanel,52,2,394,1
BP01510,Chanel,157,4,925,3
BP01511,Chanel,38,4,280,1
BP01512,Chanel,45,3,255,3
BP01513,Chanel,30,2,233,0
BP01514,Chanel,68,2,350,2
BP01515,Chanel,63,2,385,1
BP01516,Chanel,209,31,1141,11
BP01517,Chanel,40,3,324,1
BP01518,Chanel,71,6,475,8
BP01519,Chanel,141,8,885,6
BP01520,Chanel,99,5,539,2
BP01521,Chanel,91,6,519,2
BP01522,Chanel,114,5,620,6
BP01523,Chanel,70,6,377,4
BP01524,Chanel,134,9,730,5
BP01525,Chanel,107,7,714,5
BP01526,Chanel,120,5,559,7
BP01527,Chanel,165,17,1040,17
BP01528,Chanel,85,4,522,3
BP01529,Chanel,79,1,370,2
BP01530,Chanel,84,5,459,4
BP01531,Chanel,62,4,501,3
BP01532,Chanel,274,15,1750,16
BP01533,Chanel,86,2,377,3
BP01534,Chanel,80,5,518,4
BP01535,Chanel,193,8,872,11
BP01536,Chanel,59,2,307,1
BP01537,Chanel,61,8,330,2
BP01538,Chanel,80,10,490,10
BP01539,Chanel,104,8,608,5
BP01540,Chanel,161,6,767,5
BP01541,Chanel,190,10,1067,5
BP01542,Chanel,179,11,970,5
BP01543,Chanel,199,12,1048,10
BP01544,Chanel,115,7,740,6
BP01545,Chanel,116,7,802,9
BP01546,Chanel,83,6,575,2
BP01547,Chanel,168,10,1050,11
BP01548,Chanel,3898,159,21386,430
BP01549,Chanel,157,7,793,9
BP01550,Chanel,115,5,606,3
BP01551,Chanel,128,3,734,3
BP01552,Chanel,77,5,465,2
BP01553,Chanel,95,4,525,5
BP01554,Chanel,84,6,556,3
BP01555,Chanel,92,6,603,2
BP01556,Chanel,2388,222,11359,391
BP01557,Chanel,103,5,631,2
BP01558,Chanel,127,0,672,4
BP01559,Chanel,157,5,640,7
BP01560,Chanel,71,3,373,2
BP01561,Chanel,162,1,830,17
BP01562,Chanel,2873,87,14134,249
BP01563,Chanel,106,2,657,7
BP01564,Chanel,60,3,330,3
BP01565,Chanel,153,7,783,14
BP01566,Chanel,87,6,556,4
BP01567,Chanel,81,5,418,6
BP01568,Chanel,321,10,1277,68
BP01569,Chanel,75,2,372,6
BP01570,Chanel,186,5,873,8
BP01571,Chanel,125,17,527,15
BP01572,Chanel,162,6,876,10
BP01573,Chanel,73,2,538,2
BP01574,Chanel,95,6,641,4
BP01575,Chanel,94,6,639,5
BP01576,Chanel,38,6,278,1
BP01577,Chanel,42,4,336,2
BP01578,Chanel,32,0,273,0
BP01579,Chanel,453,22,1714,35
BP01580,Chanel,91,1,571,3
BP01581,Chanel,257,5,915,6
BP01582,Chanel,128,6,777,9
BP01583,Chanel,202,13,1063,11
BP01584,Chanel,201,16,1009,10
BP01585,Chanel,182,11,767,11
BP01586,Chanel,345,8,1460,19
BP01587,Chanel,143,67,637,11
BP01588,Chanel,77,13,463,2
BP01589,Chanel,511,42,1035,42
BP01590,Chanel,132,8,727,1
BP01591,Chanel,171,18,849,13
BP01592,Chanel,67,6,376,4
BP01593,Chanel,64,4,373,2
BP01594,Chanel,119,5,662,3
BP01595,Chanel,586,22,2924,48
BP01596,Chanel,77,4,580,8
BP01597,Chanel,73,6,536,2
BP01598,Chanel,50,4,426,4
BP01599,Chanel,60,3,496,4
BP01600,Chanel,93,6,545,1
BP01601,Chanel,53,3,400,1
BP01602,Chanel,267,63,1849,36
BP01603,Chanel,79,5,496,2
BP01604,Chanel,74,4,534,7
BP01605,Chanel,141,8,680,7
BP01606,Chanel,65,3,461,0
BP01607,Chanel,122,6,595,4
BP01608,Chanel,113,8,665,6
BP01609,Chanel,134,147,645,5
BP01610,Chanel,37,3,308,1
BP01611,Chanel,53,1,345,0
BP01612,Chanel,1293,52,2375,81
BP01613,Chanel,1904,76,3265,107
BP01614,Chanel,1094,67,1923,29
BP01615,Chanel,283,6,1416,11
BP01616,Chanel,311,8,961,14
BP01617,Chanel,183,3,940,5
BP01618,Chanel,164,2,745,2
BP01619,Chanel,182,8,1015,12
BP01620,Chanel,74,8,640,3
BP01621,Chanel,60,3,452,4
BP01622,Chanel,41,4,400,3
BP01623,Chanel,375,14,3192,14
BP01624,Chanel,122,4,699,4
BP01625,Chanel,64,307,400,3
BP01626,Chanel,53,27,309,10
BP01627,Chanel,87,41,507,20
BP01628,Chanel,85,6,618,3
BP01629,Chanel,97,3,546,7
BP01630,Chanel,105,4,854,7
BP01631,Chanel,94,5,628,9
BP01632,Chanel,27,2,241,1
BP01633,Chanel,54,5,370,8
BP01634,Chanel,77,9,569,4
BP01635,Chanel,29,3,266,0
BP01636,Chanel,95,6,621,6
BP01637,Chanel,39,4,302,3
BP01638,Chanel,60,4,500,2
BP01639,Chanel,33,4,240,1
BP01640,Chanel,57,10,427,4
BP01641,Chanel,351,15,2484,53
BP01642,Chanel,44,14,362,1
BP01643,Chanel,273,17,1411,36
BP01644,Chanel,170,14,1003,15
BP01645,Chanel,53,4,448,2
BP01646,Chanel,212,12,892,11
BP01647,Chanel,129,14,675,4
BP01648,Chanel,901,34,4197,40
BP01649,Chanel,116,11,671,2
BP01650,Chanel,90,5,528,3
BP01651,Chanel,49,7,429,0
BP01652,Chanel,57,4,425,1
BP01653,Chanel,146,8,741,12
BP01654,Chanel,85,8,570,3
BP01655,Chanel,24,2,250,0
BP01656,Chanel,68,6,507,8
BP01657,Chanel,22,3,252,1
BP01658,Chanel,53,10,470,3
BP01659,Chanel,50,9,403,1
BP01660,Chanel,126,5,814,8
BP01661,Chanel,68,5,507,1
BP01662,Chanel,123,11,801,12
BP01663,Chanel,58,8,421,3
BP01664,Chanel,116,13,756,7
BP01665,Chanel,117,33,636,2
BP01666,Chanel,373,18,1367,21
BP01667,Chanel,93,6,717,3
BP01668,Chanel,712,37,3338,74
BP01669,Chanel,154,5,901,5
BP01670,Chanel,69,3,585,3
BP01671,Chanel,190,9,1084,13
BP01672,Chanel,197,3,1209,14
BP01673,Chanel,267,13,1709,7
BP01674,Chanel,72,4,466,4
BP01675,Chanel,283,8,1762,27
BP01676,Chanel,167,6,966,10
BP01677,Chanel,392,14,2097,33
BP01678,Chanel,223,5,1231,9
BP01679,Chanel,588,31,3097,64
BP01680,Chanel,3757,503,17257,350
BP01681,Chanel,133,10,800,6
BP01682,Chanel,170,4,1103,8
BP01683,Chanel,256,9,1213,8
BP01684,Chanel,119,2,783,4
BP01685,Chanel,1888,92,10207,115
BP01686,Chanel,105,4,548,5
BP01687,Chanel,104,5,476,6
BP01688,Chanel,295,21,1573,44
BP01689,Chanel,394,21,1801,50
BP01690,Chanel,129,2,594,7
BP01691,Chanel,431,13,2147,41
BP01692,Chanel,110,13,494,5
BP01693,Chanel,557,28,3842,33
BP01694,Chanel,53,6,327,3
BP01695,Chanel,69,5,438,0
BP01696,Chanel,58,2,400,1
BP01697,Chanel,88,4,502,0
BP01698,Chanel,128,7,626,6
BP01699,Chanel,182,15,902,11
BP01700,Chanel,115,5,599,3
BP01701,Chanel,239,10,949,11
BP01702,Chanel,301,49,1083,25
BP01703,Chanel,106,3,553,1
BP01704,Chanel,57,3,420,0
BP01705,Chanel,78,19,475,8
BP01706,Chanel,105,4,577,5
BP01707,Chanel,111,4,588,7
BP01708,Chanel,43,2,310,1
BP01709,Chanel,133,10,629,4
BP01710,Chanel,90,9,551,1
BP01711,Chanel,83,8,588,2
BP01712,Chanel,80,7,592,3
BP01713,Chanel,216,9,996,8
BP01714,Chanel,178,8,633,12
BP01715,Chanel,85,2,449,2
BP01716,Chanel,60,4,339,1
BP01717,Chanel,57,2,351,2
BP01718,Chanel,44,5,315,1
BP01719,Chanel,48,2,329,3
BP01720,Chanel,95,4,397,5
BP01721,Chanel,49,1,298,1
BP01722,Chanel,127,7,555,8
BP01723,Chanel,136,1,676,5
BP01724,Chanel,96,4,596,4
BP01725,Chanel,131,4,707,4
BP01726,Chanel,173,16,932,4
BP01727,Chanel,172,11,1140,10
BP01728,Chanel,115,3,638,7
BP01729,Chanel,158,15,931,14
BP01730,Chanel,138,7,792,4
BP01731,Chanel,128,8,723,8
BP01732,Chanel,175,15,959,3
BP01733,Chanel,145,10,791,7
BP01734,Chanel,257,9,1147,17
BP01735,Chanel,143,24,779,12
BP01736,Chanel,1824,75,5833,63
BP01737,Chanel,3653,58,7550,42
BP01738,Chanel,139,14,602,11
BP01739,Chanel,549,19,2383,40
BP01740,Chanel,76,2,344,1
BP01741,Chanel,79,3,461,4
BP01742,Chanel,66,4,410,3
BP01743,Chanel,34,3,312,0
BP01744,Chanel,124,6,616,5
BP01745,Chanel,65,1,456,2
BP01746,Chanel,56,7,339,0
BP01747,Chanel,66,3,456,3
BP01748,Chanel,46,2,313,6
BP01749,Chanel,87,6,594,5
BP01750,Chanel,47,6,281,1
BP01751,Chanel,67,6,394,0
BP01752,Chanel,150,9,834,7
BP01753,Chanel,390,51,1524,85
BP01754,Chanel,146,6,747,6
BP01755,Chanel,217,12,1248,1
BP01756,Chanel,164,9,1157,8
BP01757,Chanel,185,7,1029,6
BP01758,Chanel,431,11,2292,26
BP01759,Chanel,256,7,1322,9
BP01760,Chanel,883,21,3771,51
BP01761,Chanel,123,4,582,4
BP01762,Chanel,191,8,985,6
BP01763,Chanel,96,4,666,1
BP01764,Chanel,401,14,2010,12
BP01765,Chanel,6062,640,33558,864
BP01766,Chanel,204,4,962,10
BP01767,Chanel,222,10,1157,16
BP01768,Chanel,359,13,1830,11
BP01769,Chanel,1682,91,9739,229
BP01770,Chanel,203,4,1042,12
BP01771,Chanel,155,2,1093,8
BP01772,Chanel,443,53,1322,47
BP01773,Chanel,124,4,729,6
BP01774,Chanel,8512,435,33605,1283
BP01775,Chanel,367,14,1870,32
BP01776,Chanel,8563,270,17275,432
BP01777,Chanel,801,22,2874,72
BP01778,Chanel,589,27,1918,43
BP01779,Chanel,608,12,2069,30
BP01780,Chanel,144,9,759,9
BP01781,Chanel,291,14,1272,22
BP01782,Chanel,186,12,1109,6
BP01783,Chanel,400,10,1644,40
BP01784,Chanel,150,8,769,7
BP01785,Chanel,217,6,1028,11
BP01786,Chanel,164,9,671,10
BP01787,Chanel,1682,71,5876,157
BP01788,Chanel,224,12,1053,10
BP01789,Chanel,165,7,758,10
BP01790,Chanel,822,41,4058,51
BP01791,Chanel,142,11,887,12
BP01792,Chanel,837,80,2201,100
BP01793,Chanel,106,5,742,2
BP01794,Chanel,148,15,732,4
BP01795,Chanel,121,8,897,6
BP01796,Chanel,195,15,1321,23
BP01797,Chanel,113,9,938,5
BP01798,Chanel,237,11,1196,8
BP01799,Chanel,129,9,770,13
BP01800,Chanel,119,9,847,6
BP01801,Chanel,139,10,850,14
BP01802,Chanel,104,4,619,11
BP01803,Chanel,75,5,555,4
BP01804,Chanel,183,17,1121,15
BP01805,Chanel,160,14,1034,6
BP01806,Chanel,120,13,744,7
BP01807,Chanel,88,19,550,1
BP01808,Chanel,151,12,1054,13
BP01809,Chanel,123,8,832,3
BP01810,Chanel,210,6,1245,4
BP01811,Chanel,133,10,635,11
BP01812,Chanel,6960,357,13478,1191
BP01813,Chanel,209,17,1199,19
BP01814,Chanel,120,13,923,9
BP01815,Chanel,123,9,741,8
BP01816,Chanel,72,3,510,5
BP01817,Chanel,156,7,852,3
BP01818,Chanel,79,10,527,3
BP01819,Chanel,306,20,1928,22
BP01820,Chanel,57,3,482,3
BP01821,Chanel,162,9,1045,5
BP01822,Chanel,124,9,893,4
BP01823,Chanel,237,17,1429,19
BP01824,Chanel,181,13,1116,2
BP01825,Chanel,175,15,967,9
BP01826,Chanel,205,14,966,10
BP01827,Chanel,215,11,1065,7
BP01828,Chanel,105,6,498,7
BP01829,Chanel,123,5,778,3
BP01830,Chanel,125,2,584,2
BP01831,Chanel,122,4,762,7
BP01832,Chanel,182,7,1012,6
BP01833,Chanel,156,6,848,9
BP01834,Chanel,287,12,1482,15
BP01835,Chanel,387,13,1559,42
BP01836,Chanel,220,9,1120,14
BP01837,Chanel,572,16,2522,28
BP01838,Chanel,171,5,1018,12
BP01839,Chanel,379,4,1737,22
BP01840,Chanel,183,4,933,15
BP01841,Chanel,266,7,937,17
BP01842,Chanel,83,3,475,1
BP01843,Chanel,274,5,1387,7
BP01844,Chanel,73,8,463,4
BP01845,Chanel,508,26,1950,64
BP01846,Chanel,225,11,1149,17
BP01847,Chanel,366,19,1342,22
BP01848,Chanel,814,27,3823,56
BP01849,Chanel,125,4,655,3
BP01850,Chanel,211,4,866,8
BP01851,Chanel,261,10,1059,30
BP01852,Chanel,93,8,527,5
BP01853,Chanel,333,11,1353,34
BP01854,Chanel,271,11,1234,12
BP01855,Chanel,94,2,410,2
BP01856,Chanel,258,15,845,21
BP01857,Chanel,177,5,754,12
BP01858,Chanel,318,11,1425,13
BP01859,Chanel,207,10,816,18
BP01860,Chanel,141,6,830,5
BP01861,Chanel,112,7,633,7
BP01862,Chanel,103,7,658,0
BP01863,Chanel,86,6,536,0
BP01864,Chanel,134,7,777,1
BP01865,Chanel,157,11,860,9
BP01866,Chanel,169,16,951,13
BP01867,Chanel,219,7,851,30
BP01868,Chanel,121,4,552,3
BP01869,Chanel,172,11,832,4
BP01870,Chanel,515,28,1644,58
BP01871,Chanel,68,7,412,7
BP01872,Chanel,556,17,1568,88
BP01873,Chanel,60,3,359,2
BP01874,Chanel,539,20,1474,103
BP01875,Chanel,54,6,296,1
BP01876,Chanel,52,4,381,1
BP01877,Chanel,53,3,267,0
BP01878,Chanel,99,6,564,4
BP01879,Chanel,204,4,890,10
BP01880,Chanel,269,12,1255,16
BP01881,Chanel,171,7,827,14
BP01882,Chanel,96,4,521,4
BP01883,Chanel,180,6,824,13
BP01884,Chanel,97,5,557,1
BP01885,Chanel,149,3,770,6
BP01886,Chanel,175,3,792,8
BP01887,Chanel,100,8,511,10
BP01888,Chanel,135,11,766,5
BP01889,Chanel,163,11,954,4
BP01890,Chanel,71,2,352,3
BP01891,Chanel,96,4,636,5
BP01892,Chanel,4616,211,24385,514
BP01893,Chanel,123,9,712,5
BP01894,Chanel,111,3,506,4
BP01895,Chanel,1543,131,11529,138
BP01896,Chanel,176,7,805,11
BP01897,Chanel,162,3,736,6
BP01898,Chanel,129,2,636,5
BP01899,Chanel,95,11,453,3
BP01900,Chanel,245,21,992,13
BP01901,Chanel,183,7,1129,6
BP01902,Chanel,114,7,572,6
BP01903,Chanel,125,4,549,5
BP01904,Chanel,126,6,842,6
BP01905,Chanel,133,5,694,6
BP01906,Chanel,164,6,1060,5
BP01907,Chanel,86,3,380,9
BP01908,Chanel,3048,301,15365,403
BP01909,Chanel,106,7,640,4
BP01910,Chanel,103,3,469,3
BP01911,Chanel,133,9,643,7
BP01912,Chanel,339,21,1537,18
BP01913,Chanel,147,2,546,6
BP01914,Chanel,89,5,428,5
BP01915,Chanel,59,4,332,10
BP01916,Chanel,88,8,462,5
BP01917,Chanel,108,5,588,6
BP01918,Chanel,145,5,693,4
BP01919,Chanel,166,4,707,9
BP01920,Chanel,104,3,537,7
BP01921,Chanel,74,2,423,0
BP01922,Chanel,209,9,954,9
BP01923,Chanel,88,5,449,6
BP01924,Chanel,147,5,749,7
BP01925,Chanel,712,15,2557,59
BP01926,Chanel,238,12,1046,20
BP01927,Chanel,118,3,569,3
BP01928,Chanel,144,4,771,5
BP01929,Chanel,177,3,697,8
BP01930,Chanel,81,2,378,2
BP01931,Chanel,592,23,3190,43
BP01932,Chanel,222,3,977,11
BP01933,Chanel,105,3,520,7
BP01934,Chanel,74,2,480,4
BP01935,Chanel,563,23,2748,24
BP01936,Chanel,225,7,1060,16
BP01937,Chanel,117,2,580,4
BP01938,Chanel,232,13,904,11
BP01939,Chanel,151,5,637,11
BP01940,Chanel,219,8,1218,16
BP01941,Chanel,278,10,1829,13
BP01942,Chanel,47,3,308,2
BP01943,Chanel,297,4,1494,10
BP01944,Chanel,146,4,667,11
BP01945,Chanel,72,2,454,0
BP01946,Chanel,232,18,1797,17
BP01947,Chanel,111,8,539,11
BP01948,Chanel,72,4,487,2
BP01949,Chanel,84,3,481,1
BP01950,Chanel,86,6,555,3
BP01951,Chanel,135,8,697,2
BP01952,Chanel,229,14,773,38
BP01953,Chanel,153,9,722,12
BP01954,Chanel,199,5,1120,13
BP01955,Chanel,128,5,607,7
BP01956,Chanel,171,5,947,20
BP01957,Chanel,348,6,964,11
BP01958,Chanel,125,4,568,1
BP01959,Chanel,208,3,742,7
BP01960,Chanel,196,15,933,25
BP01961,Chanel,113,6,606,6
BP01962,Chanel,139,4,671,7
BP01963,Chanel,198,8,957,15
BP01964,Chanel,143,10,752,6
BP01965,Chanel,347,18,861,32
BP01966,Chanel,304,16,1045,21
BP01967,Chanel,135,11,601,6
BP01968,Chanel,512,25,2740,21
BP01969,Chanel,87,10,609,3
BP01970,Chanel,189,17,831,11
BP01971,Chanel,104,11,470,2
BP01972,Chanel,112,6,630,5
BP01973,Chanel,591,25,2593,16
BP01974,Chanel,141,3,750,6
BP01975,Chanel,205,9,959,8
BP01976,Chanel,415,12,1955,24
BP01977,Chanel,199,5,1098,12
BP01978,Chanel,167,5,789,9
BP01979,Chanel,150,4,683,8
BP01980,Chanel,490,28,1910,42
BP01981,Chanel,183,8,897,7
BP01982,Chanel,78,2,525,2
BP01983,Chanel,4167,238,20161,435
BP01984,Chanel,178,3,808,10
BP01985,Chanel,116,4,638,9
BP01986,Chanel,275,8,1271,10
BP01987,Chanel,379,12,1559,42
BP01988,Chanel,202,6,1014,6
BP01989,Chanel,23110,600,66507,3590
BP01990,Chanel,139,4,754,7
BP01991,Chanel,434,7,1672,26
BP01992,Chanel,213,5,842,15
BP01993,Chanel,303,8,1282,23
BP01994,Chanel,4702,140,10707,146
BP01995,Chanel,385,6,1528,18
BP01996,Chanel,671,12,2338,90
BP01997,Chanel,339,11,1351,36
BP01998,Chanel,96,4,499,3
BP01999,Chanel,99,3,568,15
BP02000,Chanel,1749,59,4983,331
BP02001,Chanel,202,11,829,14
BP02002,Chanel,256,27,1150,18
BP02003,Chanel,490,8,2011,21
BP02004,Chanel,223,5,1071,3
BP02005,Chanel,86,2,443,4
BP02006,Chanel,249,10,1035,13
BP02007,Chanel,118,3,602,0
BP02008,Chanel,60,1,294,2
BP02009,Chanel,79,2,308,1
BP02010,Chanel,70,1,297,1
BP02011,Chanel,268,1,1010,13
BP02012,Chanel,101,4,600,4
BP02013,Chanel,62,5,461,3
BP02014,Chanel,119,7,547,5
BP02015,Chanel,104,6,530,3
BP02016,Chanel,186,5,937,8
BP02017,Chanel,111,2,507,5
BP02018,Chanel,114,12,571,5
BP02019,Chanel,70,3,399,3
BP02020,Chanel,348,7,1690,17
BP02021,Chanel,72,1,359,4
BP02022,Chanel,212,3,990,9
BP02023,Chanel,84,5,433,3
BP02024,Chanel,65,7,357,4
BP02025,Chanel,62,4,351,2
BP02026,Chanel,126,6,531,11
BP02027,Chanel,164,8,908,6
BP02028,Chanel,79,7,532,1
BP02029,Chanel,59,2,318,3
BP02030,Chanel,360,19,997,9
BP02031,Chanel,152,5,808,2
BP02032,Chanel,85,4,562,2
BP02033,Chanel,143,11,651,6
BP02034,Chanel,122,2,602,2
BP02035,Chanel,92,3,477,9
BP02036,Chanel,65,4,400,2
BP02037,Chanel,64,2,439,5
BP02038,Chanel,129,1,646,5
BP02039,Chanel,199,8,898,26
BP02040,Chanel,110,8,543,10
BP02041,Chanel,158,2,729,7
BP02042,Chanel,178,6,653,4
BP02043,Chanel,137,3,647,6
BP02044,Chanel,187,5,859,9
BP02045,Chanel,220,6,799,16
BP02046,Chanel,203,16,840,4
BP02047,Chanel,123,10,600,6
BP02048,Chanel,231,49,549,24
BP02049,Chanel,315,13,2295,20
BP02050,Chanel,184,13,1125,9
BP02051,Chanel,182,7,1075,9
BP02052,Chanel,141,4,910,7
BP02053,Chanel,461,10,2763,12
BP02054,Chanel,190,8,830,9
BP02055,Chanel,264,33,1172,41
BP02056,Chanel,89,0,572,5
BP02057,Chanel,128,1,635,5
BP02058,Chanel,113,8,523,4
BP02059,Chanel,144,5,752,7
BP02060,Chanel,154,6,870,10
BP02061,Chanel,146,6,754,2
BP02062,Chanel,147,20,811,7
BP02063,Chanel,101,4,527,2
BP02064,Chanel,133,5,694,3
BP02065,Chanel,364,12,1708,8
BP02066,Chanel,97,2,377,5
BP02067,Chanel,149,5,527,8
BP02068,Chanel,52,7,287,8
BP02069,Chanel,78,2,402,7
BP02070,Chanel,64,7,368,1
BP02071,Chanel,80,1,409,3
BP02072,Chanel,61,1,359,3
BP02073,Chanel,96,6,550,1
BP02074,Chanel,196,12,804,6
BP02075,Chanel,175,3,950,15
BP02076,Chanel,95,8,497,2
BP02077,Chanel,155,7,758,13
BP02078,Chanel,199,8,1302,18
BP02079,Chanel,107,1,508,1
BP02080,Chanel,157,3,771,5
BP02081,Chanel,139,14,706,6
BP02082,Chanel,94,3,536,1
BP02083,Chanel,124,3,655,7
BP02084,Chanel,182,3,750,5
BP02085,Chanel,256,17,1129,18
BP02086,Chanel,363,13,1703,18
BP02087,Chanel,169,4,799,3
BP02088,Chanel,202,13,1070,12
BP02089,Chanel,122,1,632,5
BP02090,Chanel,297,6,1256,11
BP02091,Chanel,195,7,829,3
BP02092,Chanel,181,7,718,8
BP02093,Chanel,293,20,1312,28
BP02094,Chanel,1734,85,8639,131
BP02095,Chanel,168,8,758,16
BP02096,Chanel,87,5,519,4
BP02097,Chanel,197,4,770,6
BP02098,Chanel,54,2,394,1
BP02099,Chanel,174,10,848,9
BP02100,Chanel,301,7,1335,15
BP02101,Chanel,95,3,486,4
BP02102,Chanel,198,5,940,6
BP02103,Chanel,143,8,801,6
BP02104,Chanel,479,11,1780,40
BP02105,Chanel,93,1,534,2
BP02106,Chanel,274,4,1193,16
BP02107,Chanel,62,4,296,0
BP02108,Chanel,107,3,598,5
BP02109,Chanel,135,3,690,9
BP02110,Chanel,293,14,1479,23
BP02111,Chanel,242,4,878,5
BP02112,Chanel,106,5,513,2
BP02113,Chanel,135,15,444,6
BP02114,Chanel,88,3,456,2
BP02115,Chanel,2287,343,9175,256
BP02116,Chanel,87,5,427,6
BP02117,Chanel,106,2,509,2
BP02118,Chanel,148,1,513,4
BP02119,Chanel,124,8,564,8
BP02120,Chanel,259,18,1116,26
BP02121,Chanel,263,3,917,20
BP02122,Chanel,607,6,2174,23
BP02123,Chanel,147,6,500,13
BP02124,Chanel,112,4,473,3
BP02125,Chanel,72,2,372,0
BP02126,Chanel,142,6,658,5
BP02127,Chanel,151,4,686,5
BP02128,Chanel,168,5,803,6
BP02129,Chanel,114,4,555,1
BP02130,Chanel,498,10,2085,25
BP02131,Chanel,87,7,372,5
BP02132,Chanel,164,3,830,3
BP02133,Chanel,94,4,491,6
BP02134,Chanel,253,8,908,13
BP02135,Chanel,172,5,755,8
BP02136,Chanel,90,5,429,3
BP02137,Chanel,116,4,525,1
BP02138,Chanel,153,3,757,2
BP02139,Chanel,192,4,1053,3
BP02140,Chanel,277,7,1222,11
BP02141,Chanel,108,1,546,2
BP02142,Chanel,84,4,526,4
BP02143,Chanel,83,2,399,1
BP02144,Chanel,150,2,665,4
BP02145,Chanel,182,3,875,6
BP02146,Chanel,60,1,338,1
BP02147,Chanel,240,5,1329,8
BP02148,Chanel,248,7,1204,12
BP02149,Chanel,112,1,534,2
BP02150,Chanel,165,6,797,11
BP02151,Chanel,202,2,837,8
BP02152,Chanel,152,10,826,11
BP02153,Chanel,194,7,920,8
BP02154,Chanel,132,6,535,4
BP02155,Chanel,47,2,236,2
BP02156,Chanel,71,1,356,4
BP02157,Chanel,70,1,322,1
BP02158,Chanel,50,0,250,0
BP02159,Chanel,64,1,351,1
BP02160,Chanel,83,1,372,1
BP02161,Chanel,176,6,822,12
BP02162,Chanel,116,2,644,3
BP02163,Chanel,343,6,1455,10
BP02164,Chanel,88,1,507,3
BP02165,Chanel,161,5,924,7
BP02166,Chanel,125,3,639,5
BP02167,Chanel,139,8,546,28
BP02168,Chanel,185,7,913,6
BP02169,Chanel,52,2,322,3
BP02170,Chanel,51,2,273,1
BP02171,Chanel,198,6,867,7
BP02172,Chanel,205,3,870,8
BP02173,Chanel,107,4,555,2
BP02174,Chanel,86,2,430,0
BP02175,Chanel,132,2,487,6
BP02176,Chanel,97,4,513,0
BP02177,Chanel,75,4,408,1
BP02178,Chanel,20,1,56,1
BP02179,Chanel,15,2,48,1
BP02180,Chanel,14,1,70,1
BP02181,Chanel,16,2,62,0
BP02182,Chanel,75,5,501,0
BP02183,Chanel,193,4,742,5
BP02184,Chanel,401,21,1468,20
BP02185,Chanel,40,4,298,1
BP02186,Chanel,346,10,995,14
BP02187,Chanel,152,2,903,9
BP02188,Chanel,57,4,379,1
BP02189,Chanel,379,11,1311,27
BP02190,Chanel,74,2,490,1
BP02191,Chanel,273,6,762,5
BP02192,Chanel,36,3,209,1
BP02193,Chanel,40,1,180,2
BP02194,Chanel,52,0,245,0
BP02195,Chanel,33,1,211,0
BP02196,Chanel,141,9,835,11
BP02197,Chanel,84,3,461,7
BP02198,Chanel,76,5,421,0
BP02199,Chanel,290,15,995,9
BP02200,Chanel,69,2,348,4
BP02201,Chanel,47,1,249,0
BP02202,Chanel,65,1,288,0
BP02203,Chanel,94,6,440,6
BP02204,Chanel,175,5,591,3
BP02205,Chanel,133,13,1332,7
BP02206,Chanel,69,2,370,1
BP02207,Chanel,124,4,743,9
BP02208,Chanel,75,1,434,2
BP02209,Chanel,98,3,581,1
BP02210,Chanel,71,2,433,2
BP02211,Chanel,52,1,330,2
BP02212,Chanel,105,3,513,4
BP02213,Chanel,95,6,526,2
BP02214,Chanel,138,4,735,3
BP02215,Chanel,129,1,668,4
BP02216,Chanel,49,3,248,1
BP02217,Chanel,401,14,1197,13
BP02218,Chanel,654,22,1468,42
BP02219,Chanel,119,4,571,8
BP02220,Chanel,64,3,368,6
BP02221,Chanel,75,1,431,7
BP02222,Chanel,117,1,545,4
BP02223,Chanel,87,6,548,4
BP02224,Chanel,171,10,828,7
BP02225,Chanel,118,2,578,3
BP02226,Chanel,203,2,806,19
BP02227,Chanel,105,0,493,1
BP02228,Chanel,125,1,688,3
BP02229,Chanel,3009,89,16733,199
BP02230,Chanel,83,0,475,2
BP02231,Chanel,344,9,1850,17
BP02232,Chanel,218,3,1116,10
BP02233,Chanel,259,6,1315,24
BP02234,Chanel,471,11,1676,22
BP02235,Chanel,136,3,641,7
BP02236,Chanel,147,1,787,4
BP02237,Chanel,111,3,484,5
BP02238,Chanel,370,17,1578,25
BP02239,Chanel,145,2,662,5
BP02240,Chanel,492,21,2063,31
BP02241,Chanel,353,4,1288,20
BP02242,Chanel,165,5,744,8
BP02243,Chanel,647,14,2126,32
BP02244,Chanel,3656,166,13874,359
BP02245,Chanel,285,8,1290,18
BP02246,Chanel,201,3,770,7
BP02247,Chanel,418,7,1297,35
BP02248,Chanel,176,6,710,21
BP02249,Chanel,150,4,631,3
BP02250,Chanel,305,10,1378,15
BP02251,Chanel,116,10,570,6
BP02252,Chanel,550,15,1579,63
BP02253,Chanel,187,5,701,9
BP02254,Chanel,133,0,538,3
BP02255,Chanel,203,2,797,12
BP02256,Chanel,147,1,662,8
BP02257,Chanel,192,8,871,13
BP02258,Chanel,55,2,291,6
BP02259,Chanel,32,1,196,2
BP02260,Chanel,36,0,187,0
BP02261,Chanel,39,3,239,1
BP02262,Chanel,45,1,250,0
BP02263,Chanel,49,1,273,3
BP02264,Chanel,249,11,1181,7
BP02265,Chanel,198,12,999,9
BP02266,Chanel,100,2,520,0
BP02267,Chanel,54,2,336,0
BP02268,Chanel,40,1,221,1
BP02269,Chanel,66,4,391,2
BP02270,Chanel,70,1,468,0
BP02271,Chanel,68,1,417,1
BP02272,Chanel,193,3,728,4
BP02273,Chanel,588,30,2033,82
BP02274,Chanel,221,9,974,9
BP02275,Chanel,70,4,354,3
BP02276,Chanel,88,6,398,3
BP02277,Chanel,73,7,361,0
BP02278,Chanel,126,5,526,6
BP02279,Chanel,180,4,694,4
BP02280,Chanel,86,1,519,2
BP02281,Chanel,100,3,652,0
BP02282,Chanel,115,8,585,9
BP02283,Chanel,109,1,625,7
BP02284,Chanel,161,5,873,3
BP02285,Chanel,143,3,671,6
BP02286,Chanel,127,0,662,4
BP02287,Chanel,104,4,615,3
BP02288,Chanel,341,12,1761,15
BP02289,Chanel,178,5,896,6
BP02290,Chanel,176,8,885,6
BP02291,Chanel,250,12,987,10
BP02292,Chanel,157,4,728,6
BP02293,Chanel,165,7,820,3
BP02294,Chanel,244,13,1197,10
BP02295,Chanel,111,11,436,7
BP02296,Chanel,125,4,680,4
BP02297,Chanel,148,7,623,11
BP02298,Chanel,226,13,910,27
BP02299,Chanel,226,8,1357,8
BP02300,Chanel,132,3,646,4
BP02301,Chanel,225,10,1091,7
BP02302,Chanel,134,3,515,3
BP02303,Chanel,237,8,1203,10
BP02304,Chanel,330,15,1636,10
BP02305,Chanel,773,20,3324,48
BP02306,Chanel,171,7,876,17
BP02307,Chanel,281,15,1495,32
BP02308,Chanel,225,12,1003,13
BP02309,Chanel,196,6,952,6
BP02310,Chanel,299,10,1261,20
BP02311,Chanel,252,9,1020,10
BP02312,Chanel,79,4,420,5
BP02313,Chanel,437,19,1726,23
BP02314,Chanel,249,8,1138,8
BP02315,Chanel,267,10,1314,15
BP02316,Chanel,374,11,1516,23
BP02317,Chanel,275,32,1560,16
BP02318,Chanel,163,15,1126,6
BP02319,Chanel,127,9,660,9
BP02320,Chanel,158,11,747,5
BP02321,Chanel,195,14,1268,11
BP02322,Chanel,75,2,368,5
BP02323,Chanel,21010,849,68842,2773
BP02324,Chanel,647,26,1948,56
BP02325,Chanel,302,10,1090,22
BP02326,Chanel,130,2,564,6
BP02327,Chanel,192,3,764,19
BP02328,Chanel,468,18,1458,50
BP02329,Chanel,199,9,816,16
BP02330,Chanel,141,2,500,2
BP02331,Chanel,192,5,912,4
BP02332,Chanel,594,31,1917,123
BP02333,Chanel,87,1,405,0
BP02334,Chanel,114,3,560,2
BP02335,Chanel,179,9,897,17
BP02336,Chanel,2676,158,11710,368
BP02337,Chanel,244,6,997,10
BP02338,Chanel,654,33,2749,164
BP02339,Chanel,516,23,1345,30
BP02340,Chanel,110,3,712,3
BP02341,Chanel,239,19,1016,6
BP02342,Chanel,74,3,434,5
BP02343,Chanel,202,8,976,4
BP02344,Chanel,98,10,862,2
BP02345,Chanel,194,8,590,9
BP02346,Chanel,135,9,745,3
BP02347,Chanel,108,8,591,2
BP02348,Chanel,272,23,1086,26
BP02349,Chanel,413,15,1889,22
BP02350,Chanel,204,6,829,11
BP02351,Chanel,343,19,1477,23
BP02352,Chanel,306,13,1186,7
BP02353,Chanel,151,6,734,8
BP02354,Chanel,157,4,750,8
BP02355,Chanel,137,15,565,11
BP02356,Chanel,184,10,857,5
BP02357,Chanel,200,17,901,24
BP02358,Chanel,325,12,1452,21
BP02359,Chanel,770,34,2071,72
BP02360,Chanel,229,13,989,6
BP02361,Chanel,170,7,1024,5
BP02362,Chanel,176,4,894,3
BP02363,Chanel,294,9,1138,7
BP02364,Chanel,225,6,1157,12
BP02365,Chanel,240,3,1117,5
BP02366,Chanel,947,24,3104,84
BP02367,Chanel,189,5,981,12
BP02368,Chanel,237,7,996,12
BP02369,Chanel,389,11,1325,24
BP02370,Chanel,166,7,853,4
BP02371,Chanel,620,12,1965,33
BP02372,Chanel,551,6,2003,17
BP02373,Chanel,137,3,507,6
BP02374,Chanel,239,7,1074,10
BP02375,Chanel,361,16,1176,33
BP02376,Chanel,537,20,1604,27
BP02377,Chanel,184,4,950,11
BP02378,Chanel,235,3,887,12
BP02379,Chanel,168,3,797,10
BP02380,Chanel,1733,32,5102,108
BP02381,Chanel,200,4,823,20
BP02382,Chanel,110,0,576,3
BP02383,Chanel,94,6,431,6
BP02384,Chanel,215,7,957,7
BP02385,Chanel,408,18,1320,30
BP02386,Chanel,168,1,697,9
BP02387,Chanel,130,4,515,5
BP02388,Chanel,164,7,603,9
BP02389,Chanel,163,4,691,6
BP02390,Chanel,453,12,1657,21
BP02391,Chanel,157,3,762,2
BP02392,Chanel,176,3,679,3
BP02393,Chanel,76,2,387,2
BP02394,Chanel,165,13,729,12
BP02395,Chanel,85,4,494,3
BP02396,Chanel,194,21,834,21
BP02397,Chanel,191,8,728,10
BP02398,Chanel,153,6,691,5
BP02399,Chanel,217,13,782,10
BP02400,Chanel,94,1,462,3
BP02401,Chanel,183,2,719,5
BP02402,Chanel,172,0,704,6
BP02403,Chanel,132,3,577,4
BP02404,Chanel,83,4,431,3
BP02405,Chanel,157,12,776,1
BP02406,Chanel,104,5,512,7
BP02407,Chanel,173,9,608,7
BP02408,Chanel,114,6,564,4
BP02409,Chanel,111,4,534,1
BP02410,Chanel,141,4,506,3
BP02411,Chanel,233,18,980,10
BP02412,Chanel,117,6,569,1
BP02413,Chanel,226,10,990,7
BP02414,Chanel,129,4,645,2
BP02415,Chanel,122,6,646,9
BP02416,Chanel,167,5,514,8
BP02417,Chanel,344,12,1401,12
BP02418,Chanel,199,5,814,7
BP02419,Chanel,118,4,503,0
BP02420,Chanel,113,0,634,4
BP02421,Chanel,1162,40,3798,45
BP02422,Chanel,1571,59,5401,95
BP02423,Chanel,140,6,671,5
BP02424,Chanel,222,8,862,6
BP02425,Chanel,150,5,696,8
BP02426,Chanel,1682,47,4944,128
BP02427,Chanel,353,5,1167,14
BP02428,Chanel,225,1,900,2
BP02429,Chanel,114,8,520,2
BP02430,Chanel,1153,16,3796,51
BP02431,Chanel,218,4,812,10
BP02432,Chanel,225,14,1122,9
BP02433,Chanel,390,13,1392,27
BP02434,Chanel,120,2,502,1
BP02435,Chanel,88,4,392,6
BP02436,Chanel,87,3,350,1
BP02437,Chanel,55,2,288,1
BP02438,Chanel,48,3,291,1
BP02439,Chanel,58,3,367,1
BP02440,Chanel,65,2,293,0
BP02441,Chanel,110,5,490,6
BP02442,Chanel,98,2,387,14
BP02443,Chanel,45,2,279,0
BP02444,Chanel,71,4,392,0
BP02445,Chanel,196,6,700,4
BP02446,Chanel,62,1,372,1
BP02447,Chanel,234,14,768,9
BP02448,Chanel,105,10,557,4
BP02449,Chanel,86,1,400,3
BP02450,Chanel,211,16,1060,8
BP02451,Chanel,157,13,726,5
BP02452,Chanel,33,4,246,1
BP02453,Chanel,47,0,280,1
BP02454,Chanel,69,9,358,0
BP02455,Chanel,288,19,1004,14
BP02456,Chanel,121,7,582,4
BP02457,Chanel,55,3,312,3
BP02458,Chanel,74,3,357,0
BP02459,Chanel,107,2,550,4
BP02460,Chanel,236,14,1135,11
BP02461,Chanel,196,6,678,9
BP02462,Chanel,101,2,409,4
BP02463,Chanel,618,28,2021,32
BP02464,Chanel,49,3,344,1
BP02465,Chanel,84,1,424,2
BP02466,Chanel,112,29,684,7
BP02467,Chanel,159,5,800,7
BP02468,Chanel,537,14,1819,14
BP02469,Chanel,363,21,1625,28
BP02470,Chanel,88,8,510,5
BP02471,Chanel,168,8,612,11
BP02472,Chanel,222,6,785,8
BP02473,Chanel,63,2,348,2
BP02474,Chanel,52,2,229,1
BP02475,Chanel,138,3,606,5
BP02476,Chanel,228,13,877,7
BP02477,Chanel,213,28,938,9
BP02478,Chanel,154,14,691,7
BP02479,Chanel,202,12,782,5
BP02480,Chanel,176,7,708,7
BP02481,Chanel,324,31,1404,16
BP02482,Chanel,397,23,1303,20
BP02483,Chanel,5995,196,18923,353
BP02484,Chanel,148,6,590,3
BP02485,Chanel,158,6,709,3
BP02486,Chanel,180,2,756,8
BP02487,Chanel,256,12,1012,9
BP02488,Chanel,189,9,756,9
BP02489,Chanel,1136,34,2557,26
BP02490,Chanel,3790,178,14632,229
BP02491,Chanel,157,5,633,3
BP02492,Chanel,4995,260,16634,481
BP02493,Chanel,275,11,1102,39
BP02494,Chanel,115,1,522,6
BP02495,Chanel,508,8,1331,31
BP02496,Chanel,258,7,995,9
BP02497,Chanel,283,18,1079,15
BP02498,Chanel,8923,147,20952,376
BP02499,Chanel,346,7,1160,24
BP02500,Chanel,149,3,493,15
BP02501,Chanel,210,3,718,9
BP02502,Chanel,423,9,1216,27
BP02503,Chanel,447,4,1123,40
BP02504,Chanel,6729,169,24163,176
BP02505,Chanel,351,5,1220,19
BP02506,Chanel,148,3,552,6
BP02507,Chanel,453,10,1248,44
BP02508,Chanel,208,4,750,13
BP02509,Chanel,149,8,647,4
BP02510,Chanel,189,10,906,7
BP02511,Chanel,93,3,357,1
BP02512,Chanel,95,0,339,1
BP02513,Chanel,387,6,1038,11
BP02514,Chanel,123,9,534,4
BP02515,Chanel,564,61,2567,99
BP02516,Chanel,2024,106,4844,271
BP02517,Chanel,895,49,2477,67
BP02518,Chanel,297,10,1113,10
BP02519,Chanel,288,6,955,4
BP02520,Chanel,314,4,1629,3
BP02521,Chanel,755,49,2169,66
BP02522,Chanel,215,6,648,5
BP02523,Chanel,225,5,666,6
BP02524,Chanel,205,7,621,8
BP02525,Chanel,319,20,1247,10
BP02526,Chanel,409,18,1391,16
BP02527,Chanel,955,39,3241,60
BP02528,Chanel,391,17,1018,24
BP02529,Chanel,327,15,1171,13
BP02530,Chanel,178,6,587,5
BP02531,Chanel,675,35,1862,41
BP02532,Chanel,574,21,1630,27
BP02533,Chanel,17664,419,49668,1182
BP02534,Chanel,362,12,1079,15
BP02535,Chanel,239,2,712,6
BP02536,Chanel,7425,135,22811,365
BP02537,Chanel,473,10,1296,24
BP02538,Chanel,348,20,1159,22
BP02539,Chanel,187,2,667,1
BP02540,Chanel,448,5,1286,25
BP02541,Chanel,256,8,902,7
BP02542,Chanel,413,13,1075,8
BP02543,Chanel,362,4,1112,6
BP02544,Chanel,8242,250,25881,521
BP02545,Chanel,440,14,1249,30
BP02546,Chanel,243,22,925,18
BP02547,Chanel,9531,160,27518,443
BP02548,Chanel,396,11,1119,12
BP02549,Chanel,648,7,1491,51
BP02550,Chanel,246,5,874,9
BP02551,Chanel,181,1,589,6
BP02552,Chanel,218,1,685,7
BP02553,Chanel,401,19,1001,15
BP02554,Chanel,3670,53,5656,86
BP02555,Chanel,6107,88,8720,307
BP02556,Chanel,188,7,701,4
BP02557,Chanel,131,0,495,1
BP02558,Chanel,2557,31,4003,80
BP02559,Chanel,1751,50,3065,28
BP02560,Chanel,179,9,688,3
BP02561,Chanel,221,4,693,8
BP02562,Chanel,349,11,695,9
BP02563,Chanel,147,8,619,6
BP02564,Chanel,187,6,522,5
BP02565,Chanel,456,14,1451,29
BP02566,Chanel,1210,17,3484,128
BP02567,Chanel,156,7,502,4
BP02568,Chanel,467,19,1323,19
BP02569,Chanel,610,19,1663,32
BP02570,Chanel,944,7,3171,37
BP02571,Chanel,252,4,691,7
BP02572,Chanel,662,27,1996,43
BP02573,Chanel,259,6,796,7
BP02574,Chanel,1393,22,3768,67
BP02575,Chanel,134,3,506,3
BP02576,Chanel,84,1,357,3
BP02577,Chanel,96,3,403,1
BP02578,Chanel,160,2,550,4
BP02579,Chanel,638,13,1376,21
BP02580,Chanel,226,9,697,12
BP02581,Chanel,57,1,302,2
BP02582,Chanel,113,4,467,7
BP02583,Chanel,142,3,567,3
BP02584,Chanel,581,15,1269,17
BP02585,Chanel,155,5,643,9
BP02586,Chanel,517,16,1256,20
BP02587,Chanel,1253,27,2868,98
BP02588,Chanel,149,11,603,13
BP02589,Chanel,169,11,679,14
BP02590,Chanel,204,6,849,6
BP02591,Chanel,240,13,903,11
BP02592,Chanel,361,14,776,20
BP02593,Chanel,195,6,563,7
BP02594,Chanel,226,5,601,3
BP02595,Chanel,1002,64,2156,91
BP02596,Chanel,958,29,2682,65
BP02597,Chanel,4501,96,14712,336
BP02598,Chanel,287,4,929,18
BP02599,Chanel,266,7,886,20
BP02600,Chanel,186,1,601,3
BP02601,Chanel,181,3,561,5
BP02602,Chanel,304,4,1053,18
BP02603,Chanel,293,4,942,27
BP02604,Chanel,333,8,893,18
BP02605,Chanel,4157,75,10449,205
BP02606,Chanel,277,3,869,9
BP02607,Chanel,189,4,756,5
BP02608,Chanel,252,6,779,14
BP02609,Chanel,359,6,1048,15
BP02610,Chanel,219,5,711,14
BP02611,Chanel,363,10,875,31
BP02612,Chanel,203,2,656,8
BP02613,Chanel,619,14,1466,37
BP02614,Chanel,9787,126,23387,497
BP02615,Chanel,474,8,1181,32
BP02616,Chanel,204,6,728,3
BP02617,Chanel,272,12,797,9
BP02618,Chanel,256,8,831,13
BP02619,Chanel,164,5,625,6
BP02620,Chanel,147,6,435,3
BP02621,Chanel,176,5,469,3
BP02622,Chanel,138,7,507,7
BP02623,Chanel,108,3,406,2
BP02624,Chanel,825,41,2591,76
BP02625,Chanel,139,8,426,6
BP02626,Chanel,155,7,499,12
BP02627,Chanel,2116,12,496,7
BP02628,Chanel,143,7,511,6
BP02629,Chanel,146,2,520,1
BP02630,Chanel,131,7,479,6
BP02631,Chanel,487,32,1978,48
BP02632,Chanel,117,5,489,1
BP02633,Chanel,125,0,489,4
BP02634,Chanel,180,5,533,8
BP02635,Chanel,474,6,1375,28
BP02636,Chanel,252,4,838,8
BP02637,Chanel,148,2,553,3
BP02638,Chanel,234,10,914,8
BP02639,Chanel,330,8,1003,9
BP02640,Chanel,4867,80,9649,264
BP02641,Chanel,197,7,685,10
BP02642,Chanel,195,3,728,5
BP02643,Chanel,384,10,1137,26
BP02644,Chanel,424,7,922,9
BP02645,Chanel,394,11,880,4
BP02646,Chanel,459,4,1069,13
BP02647,Chanel,1081,60,3376,140
BP02648,Chanel,475,6,928,13
BP02649,Chanel,478,6,1013,18
BP02650,Chanel,213,3,684,15
BP02651,Chanel,711,15,1296,31
BP02652,Chanel,285,10,784,13
BP02653,Chanel,167,3,533,7
BP02654,Chanel,241,4,645,5
BP02655,Chanel,183,2,559,6
BP02656,Chanel,1184,44,3653,68
BP02657,Chanel,1480,36,4814,76
BP02658,Chanel,1805,62,6049,151
BP02659,Chanel,1048,55,3407,85
BP02660,Chanel,3366,56,8681,283
BP02661,Chanel,271,12,759,7
BP02662,Chanel,156,5,526,5
BP02663,Chanel,162,2,644,4
BP02664,Chanel,259,8,831,15
BP02665,Chanel,410,14,1221,15
BP02666,Chanel,340,16,1121,17
BP02667,Chanel,2392,11,764,12
BP02668,Chanel,567,21,1667,57
BP02669,Chanel,210,2,687,18
BP02670,Chanel,314,8,937,23
BP02671,Chanel,165,5,549,8
BP02672,Chanel,8273,127,19147,686
BP02673,Chanel,320,10,996,31
BP02674,Chanel,300,6,845,45
BP02675,Chanel,4413,76,14020,159
BP02676,Chanel,2265,4,732,6
BP02677,Chanel,4854,150,9633,588
BP02678,Chanel,347,7,863,24
BP02679,Chanel,527,12,1293,27
BP02680,Chanel,433,5,1130,25
BP02681,Chanel,197,3,736,8
BP02682,Chanel,171,2,569,6
BP02683,Chanel,248,7,675,46
BP02684,Chanel,255,4,691,10
BP02685,Chanel,2709,42,7913,183
BP02686,Chanel,780,21,1452,170
BP02687,Chanel,173,8,533,7
BP02688,Chanel,183,4,530,9
BP02689,Chanel,379,11,1188,20
BP02690,Chanel,483,10,1190,29
BP02691,Chanel,228,3,648,7
BP02692,Chanel,268,11,778,16
BP02693,Chanel,246,15,1324,20
BP02694,Chanel,409,13,1125,38
BP02695,Chanel,416,14,1072,21
BP02696,Chanel,358,9,697,41
BP02697,Chanel,331,8,839,9
BP02698,Chanel,261,7,694,15
BP02699,Chanel,270,7,722,9
BP02700,Chanel,460,14,701,41
BP02701,Chanel,551,36,1461,18
BP02702,Chanel,14166,266,27957,1219
BP02703,Chanel,6707,146,15547,424
BP02704,Chanel,428,25,1442,46
BP02705,Chanel,327,13,1034,14
BP02706,Chanel,383,7,1206,17
BP02707,Chanel,423,23,1398,13
BP02708,Chanel,629,21,1562,47
BP02709,Chanel,589,7,1655,29
BP02710,Chanel,240,7,829,6
BP02711,Chanel,12902,395,29529,1251
BP02712,Chanel,627,23,1460,40
BP02713,Chanel,317,5,952,5
BP02714,Chanel,6312,80,17022,177
BP02715,Chanel,555,11,1325,44
BP02716,Chanel,925,20,2331,60
BP02717,Chanel,329,6,966,14
BP02718,Chanel,867,21,2161,100
BP02719,Chanel,339,11,1076,18
BP02720,Chanel,293,8,858,7
BP02721,Chanel,431,21,1010,19
BP02722,Dior,15,5,94,1
BP02723,Dior,14,19,136,1
BP02724,Dior,31,96,213,1
BP02725,Dior,124,160,831,9
BP02726,Dior,39,162,313,3
BP02727,Dior,58,142,384,3
BP02728,Dior,43,138,252,2
BP02729,Dior,16,0,0,0
BP02730,Dior,44,141,265,2
BP02731,Dior,37,194,237,3
BP02732,Dior,80,131,520,3
BP02733,Dior,102,0,0,0
BP02734,Dior,49,104,322,4
BP02735,Dior,33,77,262,1
BP02736,Dior,6,93,28,1
BP02737,Dior,97,256,398,2
BP02738,Dior,100,144,484,9
BP02739,Dior,122,302,693,6
BP02740,Dior,132,284,713,13
BP02741,Dior,146,171,801,4
BP02742,Dior,56,176,233,5
BP02743,Dior,75,146,270,5
BP02744,Dior,78,215,381,6
BP02745,Dior,118,136,636,5
BP02746,Dior,107,476,595,20
BP02747,Dior,23,68,90,1
BP02748,Dior,75,76,301,3
BP02749,Dior,84,199,376,6
BP02750,Dior,57,152,199,1
BP02751,Dior,23,111,142,1
BP02752,Dior,64,126,391,4
BP02753,Dior,58,0,0,0
BP02754,Dior,79,329,300,1
BP02755,Dior,138,245,577,4
BP02756,Dior,70,238,386,1
BP02757,Dior,142,213,796,2
BP02758,Dior,52,176,266,4
BP02759,Dior,117,226,362,2
BP02760,Dior,101,309,387,9
BP02761,Dior,321,794,1726,46
BP02762,Dior,62,451,323,2
BP02763,Dior,53,279,217,3
BP02764,Dior,134,457,765,11
BP02765,Dior,74,269,305,2
BP02766,Dior,70,199,366,2
BP02767,Dior,73,180,350,1
BP02768,Dior,59,385,361,3
BP02769,Dior,94,527,431,8
BP02770,Dior,72,429,294,8
BP02771,Dior,133,670,685,17
BP02772,Dior,102,484,493,8
BP02773,Dior,143,461,763,5
BP02774,Dior,87,784,397,8
BP02775,Dior,107,565,394,4
BP02776,Dior,105,439,425,2
BP02777,Dior,122,0,0,0
BP02778,Dior,63,0,0,0
BP02779,Dior,58,218,196,3
BP02780,Dior,64,210,211,3
BP02781,Dior,94,701,335,8
BP02782,Dior,83,279,360,7
BP02783,Dior,104,453,377,8
BP02784,Dior,0,59,2,0
BP02785,Dior,629,0,0,0
BP02786,Dior,73,698,329,3
BP02787,Dior,772,1106,3701,111
BP02788,Dior,179,2509,781,23
BP02789,Dior,127,989,446,7
BP02790,Dior,160,853,775,12
BP02791,Dior,109,755,447,7
BP02792,Dior,57,0,0,0
BP02793,Dior,73,2291,366,25
BP02794,Dior,65,1153,315,9
BP02795,Dior,67,661,255,4
BP02796,Dior,78,396,283,2
BP02797,Dior,111,325,569,16
BP02798,Dior,41,129,59,0
BP02799,Dior,84,203,285,3
BP02800,Dior,18,21,130,0
BP02801,Dior,15,28,103,1
BP02802,Dior,104,244,315,2
BP02803,Dior,122,136,442,8
BP02804,Dior,55,0,0,0
BP02805,Dior,74,144,276,2
BP02806,Dior,101,96,371,4
BP02807,Dior,137,100,510,21
BP02808,Dior,98,76,434,4
BP02809,Dior,35,61,105,1
BP02810,Dior,115,126,518,4
BP02811,Dior,107,81,613,6
BP02812,Dior,82,66,278,3
BP02813,Dior,55,36,136,1
BP02814,Dior,63,42,178,0
BP02815,Dior,79,61,459,3
BP02816,Dior,74,35,165,1
BP02817,Dior,81,42,285,2
BP02818,Dior,50,0,0,0
BP02819,Dior,87,38,449,2
BP02820,Dior,77,30,190,2
BP02821,Dior,75,30,267,0
BP02822,Dior,50,38,198,2
BP02823,Dior,73,44,339,1
BP02824,Dior,89,75,366,4
BP02825,Dior,74,31,345,3
BP02826,Dior,77,27,242,1
BP02827,Dior,119,215,539,2
BP02828,Dior,72,39,207,0
BP02829,Dior,104,24,383,11
BP02830,Dior,78,31,269,2
BP02831,Dior,0,1,2,0
BP02832,Dior,0,1,9,1
BP02833,Dior,80,30,429,2
BP02834,Dior,37,0,0,0
BP02835,Dior,80,40,304,2
BP02836,Dior,115,43,621,8
BP02837,Dior,74,23,270,1
BP02838,Dior,75,14,313,4
BP02839,Dior,81,21,436,7
BP02840,Dior,81,25,406,3
BP02841,Dior,40,0,0,0
BP02842,Dior,61,4,177,3
BP02843,Dior,57,6,220,0
BP02844,Dior,87,9,459,4
BP02845,Dior,57,8,231,0
BP02846,Dior,68,6,299,1
BP02847,Dior,76,15,317,3
BP02848,Dior,95,12,472,4
BP02849,Dior,64,13,229,1
BP02850,Dior,95,10,406,4
BP02851,Dior,84,6,336,10
BP02852,Dior,0,1,12,1
BP02853,Dior,86,15,330,4
BP02854,Dior,5,1,201,2
BP02855,Dior,103,18,508,7
BP02856,Dior,69,6,240,0
BP02857,Dior,69,7,278,2
BP02858,Dior,105,30,737,4
BP02859,Dior,262,45,2927,52
BP02860,Dior,71,5,255,1
BP02861,Dior,70,4,240,4
BP02862,Dior,47,0,113,1
BP02863,Dior,488,1,1888,67
BP02864,Dior,66,8,320,5
BP02865,Dior,100,10,414,6
BP02866,Dior,95,11,436,4
BP02867,Dior,40,0,0,0
BP02868,Dior,57,17,232,5
BP02869,Dior,68,11,267,3
BP02870,Dior,64,8,352,2
BP02871,Dior,73,0,0,0
BP02872,Dior,62,6,256,4
BP02873,Dior,61,12,353,1
BP02874,Dior,13,2,73,0
BP02875,Dior,38,4,166,2
BP02876,Dior,66,7,324,5
BP02877,Dior,103,20,559,13
BP02878,Dior,53,10,294,2
BP02879,Dior,0,2,4,0
BP02880,Dior,49,11,3790,3
BP02881,Dior,14,7,67,2
BP02882,Dior,965,94,14504,67
BP02883,Dior,1559,151,21301,142
BP02884,Dior,24,3,174,1
BP02885,Dior,28,8,186,1
BP02886,Dior,24,0,0,0
BP02887,Dior,10690,564,20363,1856
BP02888,Dior,43,6,244,7
BP02889,Dior,31,13,270,7
BP02890,Dior,20,5,208,3
BP02891,Dior,32,10,198,0
BP02892,Dior,260,13,892,58
BP02893,Dior,58,3,336,1
BP02894,Dior,16,2,852,0
BP02895,Dior,0,1,21,0
BP02896,Dior,68,22,4130,10
BP02897,Dior,35,9,517,2
BP02898,Dior,31,3,257,3
BP02899,Dior,21,1,169,1
BP02900,Dior,25,8,237,1
BP02901,Dior,20,1,171,2
BP02902,Dior,22,3,161,0
BP02903,Dior,37,1,246,9
BP02904,Dior,76,20,541,6
BP02905,Dior,32,3,262,0
BP02906,Dior,19,4,159,0
BP02907,Dior,38,16,449,7
BP02908,Dior,44,4,329,2
BP02909,Dior,35,9,326,2
BP02910,Dior,46,4,399,7
BP02911,Dior,421,74,4416,43
BP02912,Dior,45,3,356,4
BP02913,Dior,48,12,415,6
BP02914,Dior,36,4,275,2
BP02915,Dior,67,5,347,4
BP02916,Dior,199,20,1191,35
BP02917,Dior,971,76,10941,246
BP02918,Dior,71,19,461,6
BP02919,Dior,69,11,362,11
BP02920,Dior,452,17,2209,52
BP02921,Dior,97,1,544,13
BP02922,Dior,315,0,1823,81
BP02923,Dior,231,26,982,65
BP02924,Dior,78,5,417,3
BP02925,Dior,21,1,174,3
BP02926,Dior,108,6,382,11
BP02927,Dior,351,18,1951,36
BP02928,Dior,189,15,537,35
BP02929,Dior,0,1,1,0
BP02930,Dior,51,9,304,2
BP02931,Dior,91,6,499,11
BP02932,Dior,65,9,349,12
BP02933,Dior,91,7,327,8
BP02934,Dior,41,4,217,2
BP02935,Dior,33,5,233,0
BP02936,Dior,27,4,180,1
BP02937,Dior,24,5,175,0
BP02938,Dior,36,1,229,1
BP02939,Dior,26,2,149,0
BP02940,Dior,41,4,254,0
BP02941,Dior,35,4,251,3
BP02942,Dior,48,7,349,1
BP02943,Dior,39,7,263,0
BP02944,Dior,18,4,128,2
BP02945,Dior,9,2,148,0
BP02946,Dior,61,10,451,4
BP02947,Dior,61,2,415,6
BP02948,Dior,46,3,258,2
BP02949,Dior,61,5,299,6
BP02950,Dior,30,4,172,5
BP02951,Dior,31,4,287,3
BP02952,Dior,54,15,431,5
BP02953,Dior,25,2,261,0
BP02954,Dior,67,6,379,1
BP02955,Dior,64,4,425,1
BP02956,Dior,24,2,201,1
BP02957,Dior,42,3,276,1
BP02958,Dior,81,7,597,5
BP02959,Dior,34,3,351,3
BP02960,Dior,69,2,479,1
BP02961,Dior,85,5,582,5
BP02962,Dior,143,4,343,30
BP02963,Dior,53,2,313,6
BP02964,Dior,133,5,727,10
BP02965,Dior,13,3,135,1
BP02966,Dior,22,5,159,0
BP02967,Dior,56,3,341,1
BP02968,Dior,20,2,226,2
BP02969,Dior,65,6,421,5
BP02970,Dior,47,6,317,3
BP02971,Dior,85,7,530,4
BP02972,Dior,60,7,339,7
BP02973,Dior,64,6,353,4
BP02974,Dior,171,13,748,45
BP02975,Dior,39,3,286,5
BP02976,Dior,31,2,211,1
BP02977,Dior,61,9,602,3
BP02978,Dior,38,5,322,1
BP02979,Dior,33,3,323,2
BP02980,Dior,26,0,115,6
BP02981,Dior,1121,37,5420,175
BP02982,Dior,391,21,1303,43
BP02983,Dior,72,36,495,10
BP02984,Dior,34,0,0,0
BP02985,Dior,219,10,859,24
BP02986,Dior,248,15,956,27
BP02987,Dior,36,6,214,5
BP02988,Dior,70,8,296,4
BP02989,Dior,83,11,392,8
BP02990,Dior,3341,428,10254,532
BP02991,Dior,45,9,348,5
BP02992,Dior,15,0,0,0
BP02993,Dior,9,0,0,0
BP02994,Dior,14,0,0,0
BP02995,Dior,44,3,277,3
BP02996,Dior,82,1,606,5
BP02997,Dior,51,5,357,5
BP02998,Dior,79,7,571,4
BP02999,Dior,84,8,546,5
BP03000,Dior,122,15,1004,8
BP03001,Dior,72,6,472,3
BP03002,Dior,59,5,394,4
BP03003,Dior,71,4,447,1
BP03004,Dior,22,6,192,2
BP03005,Dior,91,9,598,7
BP03006,Dior,0,0,1,0
BP03007,Dior,84,11,421,3
BP03008,Dior,32,2,241,1
BP03009,Dior,27,5,271,20
BP03010,Dior,60,11,364,15
BP03011,Dior,51,4,284,2
BP03012,Dior,33,5,246,1
BP03013,Dior,38,8,243,0
BP03014,Dior,35,4,276,2
BP03015,Dior,13,0,0,0
BP03016,Dior,22,1,110,5
BP03017,Dior,32,1,147,6
BP03018,Dior,33,2,223,1
BP03019,Dior,35,0,0,0
BP03020,Dior,59,15,415,1
BP03021,Dior,29,6,256,4
BP03022,Dior,15,1,101,2
BP03023,Dior,23,12,187,1
BP03024,Dior,18,0,0,0
BP03025,Dior,36,6,280,0
BP03026,Dior,24,8,243,0
BP03027,Dior,25,5,200,0
BP03028,Dior,34,12,259,2
BP03029,Dior,54,10,485,1
BP03030,Dior,1650,545,10763,185
BP03031,Dior,70,12,417,1
BP03032,Dior,149,0,0,0
BP03033,Dior,59,11,295,2
BP03034,Dior,240,0,0,0
BP03035,Dior,71,5,478,1
BP03036,Dior,91,9,626,7
BP03037,Dior,28,0,0,0
BP03038,Dior,69,7,587,4
BP03039,Dior,31,5,148,1
BP03040,Dior,52,13,516,8
BP03041,Dior,27,9,214,4
BP03042,Dior,30,5,239,1
BP03043,Dior,76,42,542,9
BP03044,Dior,22,5,231,1
BP03045,Dior,20,3,194,0
BP03046,Dior,21,5,178,0
BP03047,Dior,3,1,38,1
BP03048,Dior,25,4,240,2
BP03049,Dior,40,5,382,3
BP03050,Dior,0,0,30,0
BP03051,Dior,44,2,247,2
BP03052,Dior,40,7,261,2
BP03053,Dior,19,4,237,0
BP03054,Dior,27,9,284,0
BP03055,Dior,17,3,233,2
BP03056,Dior,46,12,441,4
BP03057,Dior,23,3,225,0
BP03058,Dior,25,5,242,1
BP03059,Dior,27,2,210,1
BP03060,Dior,14,5,141,1
BP03061,Dior,20,1,194,0
BP03062,Dior,20,4,168,1
BP03063,Dior,23,2,263,0
BP03064,Dior,23,3,249,1
BP03065,Dior,27,5,188,1
BP03066,Dior,18,11,386,2
BP03067,Dior,27,13,296,1
BP03068,Dior,30,5,186,5
BP03069,Dior,19,4,218,3
BP03070,Dior,16,0,152,2
BP03071,Dior,46,21,544,6
BP03072,Dior,20,6,207,1
BP03073,Dior,35,5,393,3
BP03074,Dior,36,9,287,6
BP03075,Dior,34,11,408,3
BP03076,Dior,60,6,482,8
BP03077,Dior,376,91,8348,90
BP03078,Dior,31,7,303,2
BP03079,Dior,23,1,227,1
BP03080,Dior,35,1,271,1
BP03081,Dior,43,5,340,4
BP03082,Dior,68,6,499,0
BP03083,Dior,32,5,296,1
BP03084,Dior,22,6,250,3
BP03085,Dior,14,3,161,0
BP03086,Dior,44,5,275,3
BP03087,Dior,13774,379,24357,408
BP03088,Dior,17,3,174,0
BP03089,Dior,220,35,726,18
BP03090,Dior,28,0,245,2
BP03091,Dior,41,8,404,3
BP03092,Dior,49,4,509,4
BP03093,Dior,41,10,322,3
BP03094,Dior,144,78,1263,29
BP03095,Dior,37,4,351,1
BP03096,Dior,37,9,366,7
BP03097,Dior,16,5,197,0
BP03098,Dior,25,1,235,1
BP03099,Dior,39,1,216,2
BP03100,Dior,19,1,161,1
BP03101,Dior,1,1,50,0
BP03102,Dior,66,4,713,2
BP03103,Dior,56,8,498,5
BP03104,Dior,4,1,55,1
BP03105,Dior,23,3,162,1
BP03106,Dior,43,3,227,2
BP03107,Dior,84,0,0,0
BP03108,Dior,29,5,235,2
BP03109,Dior,21,3,263,0
BP03110,Dior,45,12,389,1
BP03111,Dior,50,3,326,3
BP03112,Dior,2,1,62,0
BP03113,Dior,49,4,323,8
BP03114,Dior,92,11,643,14
BP03115,Dior,38,7,222,3
BP03116,Dior,23,0,0,0
BP03117,Dior,37,0,0,0
BP03118,Dior,14,1,222,1
BP03119,Dior,36,6,378,9
BP03120,Dior,31,2,281,1
BP03121,Dior,62,4,429,3
BP03122,Dior,36,7,288,4
BP03123,Dior,46,1,278,4
BP03124,Dior,70,5,374,5
BP03125,Dior,146,30,1241,66
BP03126,Dior,36,8,354,12
BP03127,Dior,90,7,762,11
BP03128,Dior,43,27,374,27
BP03129,Dior,18,1,108,2
BP03130,Dior,761,156,2762,36
BP03131,Dior,18871,1173,32431,1147
BP03132,Dior,59,4,349,11
BP03133,Dior,21,4,126,0
BP03134,Dior,364,7,1061,27
BP03135,Dior,39,4,267,6
BP03136,Dior,47,15,415,5
BP03137,Dior,3,0,16,0
BP03138,Dior,19,3,328,12
BP03139,Dior,9,0,0,0
BP03140,Dior,68,8,824,7
BP03141,Dior,13,5,202,0
BP03142,Dior,12,4,196,0
BP03143,Dior,49,9,388,2
BP03144,Dior,76,8,619,6
BP03145,Dior,30,2,297,0
BP03146,Dior,39,5,253,1
BP03147,Dior,50,11,355,3
BP03148,Dior,41,6,388,1
BP03149,Dior,34,6,264,3
BP03150,Dior,33,4,233,2
BP03151,Dior,71,5,441,4
BP03152,Dior,36,4,235,2
BP03153,Dior,46,2,358,1
BP03154,Dior,211,14,1733,16
BP03155,Dior,6573,214,19797,146
BP03156,Dior,5921,196,17529,93
BP03157,Dior,192,44,1277,52
BP03158,Dior,87,41,559,25
BP03159,Dior,22,13,209,3
BP03160,Dior,31,4,287,4
BP03161,Dior,21,4,118,0
BP03162,Dior,24,4,152,2
BP03163,Dior,112,47,754,21
BP03164,Dior,67,0,0,0
BP03165,Dior,91,18,594,4
BP03166,Dior,58,15,433,9
BP03167,Dior,41,7,298,4
BP03168,Dior,63,11,508,4
BP03169,Dior,44,7,292,7
BP03170,Dior,82,49,530,14
BP03171,Dior,82,28,731,18
BP03172,Dior,20,2,164,1
BP03173,Dior,22,2,175,0
BP03174,Dior,84,6,387,3
BP03175,Dior,16,5,113,0
BP03176,Dior,24,3,205,2
BP03177,Dior,239,19,1579,17
BP03178,Dior,107,5,663,6
BP03179,Dior,451,0,0,0
BP03180,Dior,48,7,362,1
BP03181,Dior,69,16,497,3
BP03182,Dior,26,1,122,0
BP03183,Dior,35,6,228,1
BP03184,Dior,89,6,528,4
BP03185,Dior,51,5,451,3
BP03186,Dior,80,7,585,3
BP03187,Dior,42,5,359,4
BP03188,Dior,83,4,744,11
BP03189,Dior,1,1,15,0
BP03190,Dior,98,12,868,5
BP03191,Dior,101,3,522,13
BP03192,Dior,27,6,237,0
BP03193,Dior,133,11,1274,30
BP03194,Dior,57,8,611,6
BP03195,Dior,60,5,496,1
BP03196,Dior,40,3,256,1
BP03197,Dior,53,11,499,7
BP03198,Dior,100,32,740,5
BP03199,Dior,61,5,385,2
BP03200,Dior,43,4,382,3
BP03201,Dior,68,4,712,3
BP03202,Dior,118,15,592,12
BP03203,Dior,192,773,1017,137
BP03204,Dior,163,10,754,12
BP03205,Dior,697,27,4638,35
BP03206,Dior,89,9,822,9
BP03207,Dior,143,11,811,15
BP03208,Dior,2729,0,0,0
BP03209,Dior,1462,45,5455,55
BP03210,Dior,397,23,1603,14
BP03211,Dior,570,19,3507,19
BP03212,Dior,1937,165,6867,207
BP03213,Dior,12,1,110,0
BP03214,Dior,60,2,368,4
BP03215,Dior,47,3,291,1
BP03216,Dior,1235,51,4731,94
BP03217,Dior,241,16,1098,19
BP03218,Dior,18011,1219,48103,757
BP03219,Dior,3723,395,10342,206
BP03220,Dior,86,7,558,4
BP03221,Dior,1317,147,3673,136
BP03222,Dior,286,18,986,12
BP03223,Dior,2578,0,0,0
BP03224,Dior,11400,740,28189,470
BP03225,Dior,53,2,301,6
BP03226,Dior,10,0,68,0
BP03227,Dior,99,1,544,11
BP03228,Dior,13,0,127,1
BP03229,Dior,74,7,523,8
BP03230,Dior,28,3,219,0
BP03231,Dior,116,6,596,5
BP03232,Dior,54,4,372,3
BP03233,Dior,146,23,938,18
BP03234,Dior,52,5,288,0
BP03235,Dior,40,2,235,5
BP03236,Dior,89,10,430,9
BP03237,Dior,51,6,244,1
BP03238,Dior,152,24,964,22
BP03239,Dior,84,7,456,2
BP03240,Dior,93,6,515,1
BP03241,Dior,62,13,427,5
BP03242,Dior,93,4,558,6
BP03243,Dior,99,1,481,14
BP03244,Dior,42,10,314,4
BP03245,Dior,80,8,390,5
BP03246,Dior,52,0,0,0
BP03247,Dior,36,4,215,2
BP03248,Dior,15,2,81,1
BP03249,Dior,27,5,152,0
BP03250,Dior,73,7,300,2
BP03251,Dior,170,36,729,8
BP03252,Dior,10,1,83,0
BP03253,Dior,8,0,54,1
BP03254,Dior,48,2,212,0
BP03255,Dior,120,12,535,3
BP03256,Dior,42,14,248,3
BP03257,Dior,36,5,307,1
BP03258,Dior,53,11,223,4
BP03259,Dior,26,5,175,2
BP03260,Dior,56,5,292,2
BP03261,Dior,148,12,1010,12
BP03262,Dior,5217,151,15058,121
BP03263,Dior,116,5,523,6
BP03264,Dior,33,5,181,0
BP03265,Dior,24,3,158,1
BP03266,Dior,66,0,0,0
BP03267,Dior,23,0,99,1
BP03268,Dior,11,1,85,1
BP03269,Dior,10,1,37,0
BP03270,Dior,21,5,219,0
BP03271,Dior,28,0,0,0
BP03272,Dior,11,2,155,3
BP03273,Dior,78,12,516,4
BP03274,Dior,154,0,0,0
BP03275,Dior,84,3,769,11
BP03276,Dior,114,8,601,8
BP03277,Dior,180,16,1086,15
BP03278,Dior,48,4,289,2
BP03279,Dior,34,0,294,0
BP03280,Dior,61,4,346,3
BP03281,Dior,55,1,339,2
BP03282,Dior,257,0,0,0
BP03283,Dior,32,3,237,1
BP03284,Dior,76,0,0,0
BP03285,Dior,61,2,396,2
BP03286,Dior,105,7,722,17
BP03287,Dior,24,8,246,1
BP03288,Dior,32,6,190,5
BP03289,Dior,6012,173,17408,99
BP03290,Dior,6491,207,15107,163
BP03291,Dior,7995,317,21727,234
BP03292,Dior,138,11,852,22
BP03293,Dior,9,0,90,0
BP03294,Dior,167,11,1261,22
BP03295,Dior,86,6,570,6
BP03296,Dior,208,25,1577,30
BP03297,Dior,9,2,59,0
BP03298,Dior,20,1,134,1
BP03299,Dior,44,3,409,3
BP03300,Dior,7,0,46,0
BP03301,Dior,33,7,269,3
BP03302,Dior,28,7,318,11
BP03303,Dior,25,2,234,1
BP03304,Dior,69,5,828,3
BP03305,Dior,46,0,0,0
BP03306,Dior,81,6,1186,12
BP03307,Dior,125,6,626,7
BP03308,Dior,54,1,385,1
BP03309,Dior,98,10,685,8
BP03310,Dior,80,3,501,6
BP03311,Dior,62,14,643,5
BP03312,Dior,32,1,186,5
BP03313,Dior,21,1,142,2
BP03314,Dior,26,3,149,1
BP03315,Dior,21,4,135,3
BP03316,Dior,2,0,6,0
BP03317,Dior,46,2,249,10
BP03318,Dior,9,2,97,0
BP03319,Dior,20,3,189,0
BP03320,Dior,107,25,897,8
BP03321,Dior,40,4,296,3
BP03322,Dior,181,11,1170,20
BP03323,Dior,85,8,1151,7
BP03324,Dior,28,3,223,1
BP03325,Dior,21,11,207,2
BP03326,Dior,65,7,598,13
BP03327,Dior,73,5,463,8
BP03328,Dior,87,10,705,12
BP03329,Dior,51,4,378,5
BP03330,Dior,301,24,2396,47
BP03331,Dior,112,2,620,4
BP03332,Dior,25,2,217,1
BP03333,Dior,51,9,388,7
BP03334,Dior,121,18,717,12
BP03335,Dior,3960,128,10737,72
BP03336,Dior,39,1,220,3
BP03337,Dior,53,5,415,3
BP03338,Dior,149,6,874,23
BP03339,Dior,109,11,793,13
BP03340,Dior,51,5,454,3
BP03341,Dior,89,20,614,11
BP03342,Dior,6390,138,19246,102
BP03343,Dior,42,0,244,1
BP03344,Dior,6456,184,20792,112
BP03345,Dior,48,0,0,0
BP03346,Dior,140,5,1142,17
BP03347,Dior,221,0,0,0
BP03348,Dior,40,6,280,5
BP03349,Dior,67,11,408,6
BP03350,Dior,51,7,358,5
BP03351,Dior,41,3,284,2
BP03352,Dior,52,8,441,5
BP03353,Dior,60,7,443,2
BP03354,Dior,91,13,638,7
BP03355,Dior,39,4,275,2
BP03356,Dior,36,1,278,3
BP03357,Dior,20,0,159,1
BP03358,Dior,66,4,368,3
BP03359,Dior,95,4,493,9
BP03360,Dior,39,3,283,4
BP03361,Dior,44,10,330,3
BP03362,Dior,112,41,1554,8
BP03363,Dior,33,0,291,1
BP03364,Dior,80,21,824,32
BP03365,Dior,37,5,205,2
BP03366,Dior,72,10,647,8
BP03367,Dior,31,0,286,0
BP03368,Dior,264,9,1554,33
BP03369,Dior,47,9,411,2
BP03370,Dior,81,6,514,11
BP03371,Dior,80,10,690,5
BP03372,Dior,65,7,515,5
BP03373,Dior,188,10,1976,21
BP03374,Dior,50,3,302,1
BP03375,Dior,95,8,571,5
BP03376,Dior,4987,167,11722,134
BP03377,Dior,20,4,218,1
BP03378,Dior,3368,149,9191,94
BP03379,Dior,25,2,243,2
BP03380,Dior,32,3,388,3
BP03381,Dior,499,24,2993,66
BP03382,Dior,37,9,248,3
BP03383,Dior,27,2,226,0
BP03384,Dior,14,1,190,1
BP03385,Dior,29,5,224,2
BP03386,Dior,38,3,285,2
BP03387,Dior,109,5,726,9
BP03388,Dior,179,5,1095,31
BP03389,Dior,49,9,314,2
BP03390,Dior,93,5,494,8
BP03391,Dior,124,14,790,5
BP03392,Dior,38,0,0,0
BP03393,Dior,49,7,368,5
BP03394,Dior,177,9,1335,6
BP03395,Dior,38,12,302,2
BP03396,Dior,177,34,1362,24
BP03397,Dior,85,10,568,2
BP03398,Dior,47,0,324,4
BP03399,Dior,76,4,627,5
BP03400,Dior,61,3,415,4
BP03401,Dior,6382,230,16097,143
BP03402,Dior,4144,168,13368,73
BP03403,Dior,383,84,3998,85
BP03404,Dior,80,3,545,1
BP03405,Dior,66,4,501,3
BP03406,Dior,53,4,550,5
BP03407,Dior,65,5,391,3
BP03408,Dior,49,2,371,3
BP03409,Dior,36,0,258,4
BP03410,Dior,50,2,467,1
BP03411,Dior,43,1,377,0
BP03412,Dior,30,0,0,0
BP03413,Dior,32,4,247,3
BP03414,Dior,44,1,311,6
BP03415,Dior,17,0,0,0
BP03416,Dior,57,10,396,3
BP03417,Dior,298,9,1403,9
BP03418,Dior,22,4,274,0
BP03419,Dior,80,0,0,0
BP03420,Dior,20,0,265,1
BP03421,Dior,0,0,1,0
BP03422,Dior,22,6,235,1
BP03423,Dior,197,25,1490,24
BP03424,Dior,38,2,318,0
BP03425,Dior,25,3,211,0
BP03426,Dior,17,0,0,0
BP03427,Dior,23,6,931,8
BP03428,Dior,0,0,2,0
BP03429,Dior,63,6,525,4
BP03430,Dior,51,1,460,5
BP03431,Dior,60,10,752,5
BP03432,Dior,29,6,386,2
BP03433,Dior,48,4,434,5
BP03434,Dior,56,2,516,9
BP03435,Dior,93,7,682,9
BP03436,Dior,45,5,379,4
BP03437,Dior,224,16,1623,30
BP03438,Dior,39,4,448,5
BP03439,Dior,66,7,531,6
BP03440,Dior,19647,1646,43683,1333
BP03441,Dior,522,32,2602,40
BP03442,Dior,75,6,446,11
BP03443,Dior,58,8,402,6
BP03444,Dior,90,4,546,6
BP03445,Dior,2187,2,6728,169
BP03446,Dior,109,9,730,17
BP03447,Dior,10110,1114,26425,975
BP03448,Dior,49,15,339,47
BP03449,Dior,254,40,1315,33
BP03450,Dior,70,23,337,3
BP03451,Dior,67,13,478,4
BP03452,Dior,89,18,446,7
BP03453,Dior,53,5,420,3
BP03454,Dior,36,3,199,1
BP03455,Dior,95,4,506,5
BP03456,Dior,38,0,0,0
BP03457,Dior,169,62,1922,16
BP03458,Dior,25,18,174,1
BP03459,Dior,27,11,259,2
BP03460,Dior,58,5,488,9
BP03461,Dior,52,47,292,23
BP03462,Dior,35,6,207,1
BP03463,Dior,42,4,296,1
BP03464,Dior,94,18,779,11
BP03465,Dior,28,8,250,3
BP03466,Dior,61,12,440,6
BP03467,Dior,28,5,199,12
BP03468,Dior,31,6,238,3
BP03469,Dior,44,14,307,11
BP03470,Dior,238,18,727,23
BP03471,Dior,117,12,842,17
BP03472,Dior,28,5,154,2
BP03473,Dior,41,6,300,1
BP03474,Dior,65,6,390,7
BP03475,Dior,63,12,585,9
BP03476,Dior,85,9,657,10
BP03477,Dior,41,15,332,3
BP03478,Dior,75,15,459,8
BP03479,Dior,51,15,349,1
BP03480,Dior,150,5,788,12
BP03481,Dior,83,3,556,2
BP03482,Dior,39,5,394,2
BP03483,Dior,47,6,399,4
BP03484,Dior,38,7,406,4
BP03485,Dior,53,10,321,4
BP03486,Dior,160,16,1013,8
BP03487,Dior,91,7,651,8
BP03488,Dior,118,11,746,6
BP03489,Dior,87,3,575,3
BP03490,Dior,83,9,579,6
BP03491,Dior,72,4,464,9
BP03492,Dior,60,5,473,4
BP03493,Dior,60,1,454,5
BP03494,Dior,74,2,496,3
BP03495,Dior,126,6,801,9
BP03496,Dior,43,1,354,1
BP03497,Dior,45,7,278,3
BP03498,Dior,98,11,788,8
BP03499,Dior,20,1,209,1
BP03500,Dior,44,5,453,2
BP03501,Dior,69,9,607,8
BP03502,Dior,46,3,352,6
BP03503,Dior,21,2,182,2
BP03504,Dior,22,0,0,0
BP03505,Dior,39,6,320,0
BP03506,Dior,88,12,650,13
BP03507,Dior,59,2,468,3
BP03508,Dior,16,0,0,0
BP03509,Dior,58,0,423,5
BP03510,Dior,107,10,762,20
BP03511,Dior,54,2,454,3
BP03512,Dior,57,1,427,3
BP03513,Dior,26,0,160,2
BP03514,Dior,66,4,536,6
BP03515,Dior,259,32,2710,107
BP03516,Dior,31,6,387,6
BP03517,Dior,41,3,297,3
BP03518,Dior,44,4,469,4
BP03519,Dior,65,4,548,4
BP03520,Dior,46,4,265,3
BP03521,Dior,27,1,256,2
BP03522,Dior,40,2,358,2
BP03523,Dior,58,8,460,5
BP03524,Dior,29,0,0,0
BP03525,Dior,63,6,568,4
BP03526,Dior,40,2,351,3
BP03527,Dior,45,8,548,7
BP03528,Dior,35,4,316,3
BP03529,Dior,70,8,541,6
BP03530,Dior,22,2,181,0
BP03531,Dior,433,100,1911,60
BP03532,Dior,147,2,690,6
BP03533,Dior,32,0,229,4
BP03534,Dior,97,5,633,7
BP03535,Dior,23,1,221,4
BP03536,Dior,52,3,379,4
BP03537,Dior,58,2,489,6
BP03538,Dior,27,0,207,6
BP03539,Dior,144,0,0,0
BP03540,Dior,52,2,447,6
BP03541,Dior,23,3,218,0
BP03542,Dior,62,2,445,6
BP03543,Dior,100,5,777,22
BP03544,Dior,4,2,59,2
BP03545,Dior,42,4,358,10
BP03546,Dior,115,8,959,13
BP03547,Dior,64,2,539,12
BP03548,Dior,56,2,430,4
BP03549,Dior,46,0,0,0
BP03550,Dior,27,1,236,2
BP03551,Dior,42,5,418,4
BP03552,Dior,59,1,397,4
BP03553,Dior,35,0,0,0
BP03554,Dior,57,3,419,7
BP03555,Dior,48,1,299,4
BP03556,Dior,26,0,0,0
BP03557,Dior,88,7,679,5
BP03558,Dior,31,0,269,1
BP03559,Dior,36,1,255,2
BP03560,Dior,45,1,365,3
BP03561,Dior,84,7,551,5
BP03562,Dior,114,6,548,5
BP03563,Dior,46,8,593,11
BP03564,Dior,65,4,409,28
BP03565,Dior,425,55,1230,123
BP03566,Dior,35,4,328,17
BP03567,Dior,38,1,277,6
BP03568,Dior,567,61,2025,69
BP03569,Dior,66,7,465,4
BP03570,Dior,64,2,340,6
BP03571,Dior,264,7,747,9
BP03572,Dior,146,3,531,17
BP03573,Dior,4106,146,11666,82
BP03574,Dior,66,8,480,6
BP03575,Dior,86,9,884,20
BP03576,Dior,89,23,625,16
BP03577,Dior,40,4,272,6
BP03578,Dior,35,1,318,1
BP03579,Dior,91,6,752,10
BP03580,Dior,20,0,0,0
BP03581,Dior,24,0,0,0
BP03582,Dior,27,0,165,2
BP03583,Dior,68,1,337,8
BP03584,Dior,145,17,1052,14
BP03585,Dior,73,6,655,5
BP03586,Dior,57,5,442,2
BP03587,Dior,62,9,442,8
BP03588,Dior,42,8,372,0
BP03589,Dior,61,4,338,8
BP03590,Dior,112,7,499,17
BP03591,Dior,68,6,497,2
BP03592,Dior,27,1,203,1
BP03593,Dior,63,6,522,7
BP03594,Dior,56,5,337,3
BP03595,Dior,67,4,376,4
BP03596,Dior,54,1,269,6
BP03597,Dior,50,18,287,3
BP03598,Dior,68,6,450,3
BP03599,Dior,65,0,378,4
BP03600,Dior,75,11,769,6
BP03601,Dior,63,13,467,9
BP03602,Dior,60,5,388,9
BP03603,Dior,41,3,306,2
BP03604,Dior,60,6,497,2
BP03605,Dior,40,0,0,0
BP03606,Dior,25,0,0,0
BP03607,Dior,56,8,510,6
BP03608,Dior,34,0,0,0
BP03609,Dior,29,0,0,0
BP03610,Dior,46,1,236,3
BP03611,Dior,49,4,373,6
BP03612,Dior,68,11,504,6
BP03613,Dior,42,6,226,3
BP03614,Dior,52,3,510,3
BP03615,Dior,428,20,1364,33
BP03616,Dior,253,43,2432,48
BP03617,Dior,53,3,400,4
BP03618,Dior,58,5,442,3
BP03619,Dior,62,5,444,4
BP03620,Dior,83,21,714,10
BP03621,Dior,79,6,490,11
BP03622,Dior,347,62,3661,26
BP03623,Dior,159,12,963,8
BP03624,Dior,4968,167,12755,180
BP03625,Dior,5297,155,12574,108
BP03626,Dior,4825,184,10331,107
BP03627,Dior,180,16,1533,38
BP03628,Dior,56,4,422,5
BP03629,Dior,87,7,667,7
BP03630,Dior,36,5,292,4
BP03631,Dior,52,12,482,6
BP03632,Dior,57,3,357,6
BP03633,Dior,64,3,629,8
BP03634,Dior,10,1,54,4
BP03635,Dior,8,1,39,2
BP03636,Dior,92,15,967,6
BP03637,Dior,31,8,273,5
BP03638,Dior,93,16,772,3
BP03639,Dior,45,2,476,6
BP03640,Dior,52,3,483,4
BP03641,Dior,50,3,373,1
BP03642,Dior,36,4,303,0
BP03643,Dior,44,3,280,3
BP03644,Dior,43,4,338,5
BP03645,Dior,69,5,529,3
BP03646,Dior,121,11,769,5
BP03647,Dior,68,6,483,17
BP03648,Dior,45,3,379,1
BP03649,Dior,63,11,581,7
BP03650,Dior,44,4,344,2
BP03651,Dior,37,4,346,2
BP03652,Dior,6217,162,18066,129
BP03653,Dior,9229,645,25071,410
BP03654,Dior,43,10,394,5
BP03655,Dior,5,2,99,0
BP03656,Dior,2093,0,0,0
BP03657,Dior,446,89,3221,125
BP03658,Dior,55,2,455,3
BP03659,Dior,66,7,464,4
BP03660,Dior,25,2,360,2
BP03661,Dior,31,1,303,2
BP03662,Dior,320,0,0,0
BP03663,Dior,23,2,201,0
BP03664,Dior,31,3,338,5
BP03665,Dior,28,4,231,0
BP03666,Dior,46,2,391,1
BP03667,Dior,24,2,268,2
BP03668,Dior,30,4,277,2
BP03669,Dior,29,3,365,2
BP03670,Dior,76,4,481,3
BP03671,Dior,23,2,150,2
BP03672,Dior,24,4,189,4
BP03673,Dior,66,7,450,9
BP03674,Dior,22,3,165,1
BP03675,Dior,34,4,261,3
BP03676,Dior,19,4,179,1
BP03677,Dior,20649,952,30018,1123
BP03678,Dior,18,2,280,4
BP03679,Dior,38,3,445,6
BP03680,Dior,6,0,0,0
BP03681,Dior,33,4,295,1
BP03682,Dior,30,3,299,9
BP03683,Dior,51,3,424,9
BP03684,Dior,30,2,387,2
BP03685,Dior,18,1,162,0
BP03686,Dior,18,2,331,2
BP03687,Dior,6,1,71,0
BP03688,Dior,24,3,273,0
BP03689,Dior,52,5,519,4
BP03690,Dior,22,7,224,0
BP03691,Dior,30,9,217,5
BP03692,Dior,32,0,0,0
BP03693,Dior,24,3,306,1
BP03694,Dior,34,7,365,4
BP03695,Dior,29,4,305,0
BP03696,Dior,32,10,319,4
BP03697,Dior,28,7,284,3
BP03698,Dior,22,0,0,0
BP03699,Dior,50,6,502,8
BP03700,Dior,32,2,248,5
BP03701,Dior,21,0,0,0
BP03702,Dior,43,1,257,3
BP03703,Dior,44,2,332,2
BP03704,Dior,118,7,461,15
BP03705,Dior,39,21,472,15
BP03706,Dior,36323,3496,51752,4657
BP03707,Dior,1255,366,2596,136
BP03708,Dior,13077,970,20933,609
BP03709,Dior,43,2,234,2
BP03710,Dior,29,0,0,0
BP03711,Dior,144,3,327,9
BP03712,Dior,26,8,342,1
BP03713,Dior,59,3,473,2
BP03714,Dior,102,16,495,9
BP03715,Dior,50,4,401,1
BP03716,Dior,1146,0,0,0
BP03717,Dior,76,3,571,5
BP03718,Dior,32,3,267,4
BP03719,Dior,33,1,332,1
BP03720,Dior,36,3,277,3
BP03721,Dior,48,8,391,2
BP03722,Dior,67,0,0,0
BP03723,Dior,31,4,311,3
BP03724,Dior,343,53,2952,73
BP03725,Dior,70,0,0,0
BP03726,Dior,80,3,563,3
BP03727,Dior,16,1,213,0
BP03728,Dior,21,2,196,1
BP03729,Dior,22,4,251,2
BP03730,Dior,33,3,252,2
BP03731,Dior,27,3,239,2
BP03732,Dior,24,5,242,4
BP03733,Dior,63,8,525,9
BP03734,Dior,290,13,884,61
BP03735,Dior,38,2,394,2
BP03736,Dior,86,11,1181,12
BP03737,Dior,16,7,273,2
BP03738,Dior,42,19,361,2
BP03739,Dior,56,16,467,0
BP03740,Dior,35,4,350,1
BP03741,Dior,39,1,279,1
BP03742,Dior,100,3,618,10
BP03743,Dior,37,10,380,2
BP03744,Dior,64,8,477,7
BP03745,Dior,12,4,103,0
BP03746,Dior,22,0,0,0
BP03747,Dior,28,1,278,5
BP03748,Dior,76,0,0,0
BP03749,Dior,90,7,597,6
BP03750,Dior,57,11,1020,5
BP03751,Dior,49,4,409,6
BP03752,Dior,83,7,674,5
BP03753,Dior,36,1,202,1
BP03754,Dior,122,33,1168,2
BP03755,Dior,157,7,1765,6
BP03756,Dior,258,18,2014,22
BP03757,Dior,24,12,188,1
BP03758,Dior,82,12,660,4
BP03759,Dior,79,8,557,3
BP03760,Dior,45,6,389,1
BP03761,Dior,48,4,318,1
BP03762,Dior,46,3,298,2
BP03763,Dior,63,6,524,4
BP03764,Dior,77,6,397,5
BP03765,Dior,20,3,147,0
BP03766,Dior,40,1,247,2
BP03767,Dior,43,3,258,3
BP03768,Dior,23,0,0,0
BP03769,Dior,46,3,307,5
BP03770,Dior,90,4,713,10
BP03771,Dior,81,9,903,6
BP03772,Dior,90,3,767,3
BP03773,Dior,63,4,558,1
BP03774,Dior,76,8,461,5
BP03775,Dior,60,0,0,0
BP03776,Dior,60,10,562,0
BP03777,Dior,48,3,324,4
BP03778,Dior,163,11,906,27
BP03779,Dior,32,7,313,2
BP03780,Dior,63,8,430,1
BP03781,Dior,67,4,585,2
BP03782,Dior,14,0,0,0
BP03783,Dior,32,6,456,2
BP03784,Dior,20,4,223,0
BP03785,Dior,46,7,432,1
BP03786,Dior,39,5,344,2
BP03787,Dior,25,4,259,0
BP03788,Dior,53,6,595,1
BP03789,Dior,32,7,343,1
BP03790,Dior,43,6,410,0
BP03791,Dior,17,9,151,0
BP03792,Dior,65,11,478,1
BP03793,Dior,103,0,0,0
BP03794,Dior,33,4,247,2
BP03795,Dior,13,0,0,0
BP03796,Dior,40,8,274,0
BP03797,Dior,129,19,784,19
BP03798,Dior,31,6,265,2
BP03799,Dior,18,0,0,0
BP03800,Dior,51,6,546,4
BP03801,Dior,112,12,868,6
BP03802,Dior,62,2,486,2
BP03803,Dior,101,6,509,7
BP03804,Dior,12014,239,20464,170
BP03805,Dior,15355,346,25285,286
BP03806,Dior,16600,800,22911,886
BP03807,Dior,28,3,402,0
BP03808,Dior,83,8,661,14
BP03809,Dior,46,4,397,1
BP03810,Dior,380,77,1702,72
BP03811,Dior,18,3,172,0
BP03812,Dior,76,3,352,2
BP03813,Dior,82,25,502,16
BP03814,Dior,168,52,482,61
BP03815,Dior,30,6,327,0
BP03816,Dior,4752,183,12876,189
BP03817,Dior,176,166,576,124
BP03818,Dior,18,2,206,1
BP03819,Dior,99,10,833,7
BP03820,Dior,66,4,630,4
BP03821,Dior,47,2,318,3
BP03822,Dior,52,3,419,3
BP03823,Dior,46,3,278,2
BP03824,Dior,20,0,0,0
BP03825,Dior,82,7,485,7
BP03826,Dior,54,6,366,6
BP03827,Dior,126,4,819,4
BP03828,Dior,34,1,404,1
BP03829,Dior,41,3,305,2
BP03830,Dior,82,3,564,4
BP03831,Dior,35,0,363,1
BP03832,Dior,42,2,355,2
BP03833,Dior,53,4,415,3
BP03834,Dior,22,1,191,1
BP03835,Dior,36,2,320,1
BP03836,Dior,30,5,267,1
BP03837,Dior,36,15,330,2
BP03838,Dior,52,2,423,2
BP03839,Dior,83,3,369,15
BP03840,Dior,75,5,597,11
BP03841,Dior,24,3,211,2
BP03842,Dior,18,0,0,0
BP03843,Dior,3395,148,8246,128
BP03844,Dior,36,3,324,2
BP03845,Dior,64,6,506,3
BP03846,Dior,24,0,232,1
BP03847,Dior,99,6,904,3
BP03848,Dior,98,7,1036,14
BP03849,Dior,247,14,1191,42
BP03850,Dior,87,13,739,6
BP03851,Dior,74,7,444,0
BP03852,Dior,52,9,360,2
BP03853,Dior,563,55,3619,164
BP03854,Dior,51,7,513,2
BP03855,Dior,218,23,1301,13
BP03856,Dior,38,3,292,1
BP03857,Dior,28,2,289,1
BP03858,Dior,82,4,698,2
BP03859,Dior,126,31,847,13
BP03860,Dior,30,1,263,1
BP03861,Dior,111,2,813,10
BP03862,Dior,30,1,319,5
BP03863,Dior,3791,127,9615,86
BP03864,Dior,5662,133,16430,87
BP03865,Dior,5627,148,15903,94
BP03866,Dior,2,3,35,0
BP03867,Dior,94,0,0,0
BP03868,Dior,94,9,619,4
BP03869,Dior,107,7,711,13
BP03870,Dior,62,11,513,6
BP03871,Dior,87,3,824,9
BP03872,Dior,31,2,397,2
BP03873,Dior,55,5,631,8
BP03874,Dior,37,4,432,2
BP03875,Dior,75,12,717,4
BP03876,Dior,33,0,302,3
BP03877,Dior,18,11,243,0
BP03878,Dior,32,11,361,2
BP03879,Dior,41,3,263,1
BP03880,Dior,15684,712,24834,564
BP03881,Dior,44,7,308,4
BP03882,Dior,38,2,295,5
BP03883,Dior,81,3,569,2
BP03884,Dior,81,7,544,4
BP03885,Dior,79,12,727,8
BP03886,Dior,260,30,1305,60
BP03887,Dior,1024,255,4138,196
BP03888,Dior,85,16,736,8
BP03889,Dior,116,11,1039,14
BP03890,Dior,67,5,689,6
BP03891,Dior,45,5,478,2
BP03892,Dior,48,3,479,2
BP03893,Dior,40,1,425,1
BP03894,Dior,1092,783,4789,286
BP03895,Dior,74,5,590,5
BP03896,Dior,99,11,889,8
BP03897,Dior,188,19,1685,14
BP03898,Dior,16,0,0,0
BP03899,Dior,4652,0,0,0
BP03900,Dior,306,30,1778,31
BP03901,Dior,48,2,585,1
BP03902,Dior,47,2,392,4
BP03903,Dior,6259,268,13520,181
BP03904,Dior,8692,454,20485,217
BP03905,Dior,12846,486,24834,523
BP03906,Dior,53,4,582,1
BP03907,Dior,55,5,609,5
BP03908,Dior,46,4,368,3
BP03909,Dior,37,1,425,2
BP03910,Dior,22,2,224,1
BP03911,Dior,81,7,859,8
BP03912,Dior,41,6,512,2
BP03913,Dior,59,11,482,7
BP03914,Dior,57,2,563,8
BP03915,Dior,31,0,255,0
BP03916,Dior,31,1,288,2
BP03917,Dior,53,5,576,13
BP03918,Dior,25,3,282,1
BP03919,Dior,3756,96,9071,67
BP03920,Dior,41,3,364,1
BP03921,Dior,42,2,332,6
BP03922,Dior,36,1,518,2
BP03923,Dior,58,1,572,3
BP03924,Dior,41,1,385,0
BP03925,Dior,29,0,367,0
BP03926,Dior,76,10,630,8
BP03927,Dior,31,5,435,1
BP03928,Dior,47,6,392,4
BP03929,Dior,43,1,515,4
BP03930,Dior,94,9,628,1
BP03931,Dior,51,12,696,0
BP03932,Dior,78,5,569,3
BP03933,Dior,97,8,681,3
BP03934,Dior,189,22,1406,16
BP03935,Dior,68,5,821,7
BP03936,Dior,78,4,812,16
BP03937,Dior,97,12,1196,9
BP03938,Dior,25864,2284,48712,2524
BP03939,Dior,4378,906,11450,352
BP03940,Dior,2287,1280,6657,289
BP03941,Dior,187,23,1069,12
BP03942,Dior,64,6,505,3
BP03943,Dior,816,54,2616,87
BP03944,Dior,20203,1992,46268,2334
BP03945,Dior,38,3,378,0
BP03946,Dior,28,3,283,2
BP03947,Dior,65,4,570,3
BP03948,Dior,44,4,352,2
BP03949,Dior,572,225,3148,85
BP03950,Dior,441,58,3342,111
BP03951,Dior,151,32,1067,23
BP03952,Dior,53,9,376,6
BP03953,Dior,68,17,592,10
BP03954,Dior,57,9,441,4
BP03955,Dior,25,2,188,4
BP03956,Dior,205,0,0,0
BP03957,Dior,23,2,279,0
BP03958,Dior,21,3,164,0
BP03959,Dior,38,6,289,3
BP03960,Dior,26,1,168,2
BP03961,Dior,42,7,563,4
BP03962,Dior,80,4,731,5
BP03963,Dior,41,1,415,2
BP03964,Dior,89,2,681,4
BP03965,Dior,38,1,398,2
BP03966,Dior,28,4,404,4
BP03967,Dior,16,0,259,1
BP03968,Dior,77,12,957,10
BP03969,Dior,127,11,936,13
BP03970,Dior,136,17,1223,17
BP03971,Dior,44,2,377,1
BP03972,Dior,98,19,648,10
BP03973,Dior,116,17,571,16
BP03974,Dior,70,5,556,5
BP03975,Dior,60,5,448,6
BP03976,Dior,52,9,357,6
BP03977,Dior,57,6,540,5
BP03978,Dior,23,3,187,2
BP03979,Dior,33,6,356,1
BP03980,Dior,38,2,282,4
BP03981,Dior,38,3,354,1
BP03982,Dior,28,4,229,1
BP03983,Dior,37,3,268,2
BP03984,Dior,30,12,247,7
BP03985,Dior,61,2,361,2
BP03986,Dior,47,5,411,2
BP03987,Dior,114,6,668,5
BP03988,Dior,47,4,333,1
BP03989,Dior,66,4,483,2
BP03990,Dior,91,5,802,5
BP03991,Dior,143,17,1003,9
BP03992,Dior,68,4,396,9
BP03993,Dior,99,19,827,16
BP03994,Dior,130,11,1741,6
BP03995,Dior,48,6,588,3
BP03996,Dior,57,6,627,4
BP03997,Dior,39,5,439,3
BP03998,Dior,267,36,2135,42
BP03999,Dior,68,4,591,8
BP04000,Dior,161,20,1292,12
BP04001,Dior,65,21,526,10
BP04002,Dior,31,7,345,0
BP04003,Dior,33,5,364,1
BP04004,Dior,47,9,481,2
BP04005,Dior,79,5,651,7
BP04006,Dior,552,156,3348,104
BP04007,Dior,1372,308,5997,355
BP04008,Dior,391,82,1917,63
BP04009,Dior,389,105,1522,62
BP04010,Dior,105,24,977,5
BP04011,Dior,207,32,1038,40
BP04012,Dior,28,4,199,1
BP04013,Dior,30,5,190,0
BP04014,Dior,36,1,248,5
BP04015,Dior,27,2,272,1
BP04016,Dior,24,1,233,0
BP04017,Dior,47,3,498,1
BP04018,Dior,14,0,188,0
BP04019,Dior,35,0,199,2
BP04020,Dior,67,4,608,6
BP04021,Dior,45,4,288,7
BP04022,Dior,45,2,280,1
BP04023,Dior,47,3,309,3
BP04024,Dior,85,6,615,8
BP04025,Dior,82,2,738,9
BP04026,Dior,116,5,839,11
BP04027,Dior,57,2,340,8
BP04028,Dior,53,5,334,10
BP04029,Dior,48,6,396,5
BP04030,Dior,57,8,356,10
BP04031,Dior,65,5,424,10
BP04032,Dior,100,6,615,25
BP04033,Dior,392,27,1987,94
BP04034,Dior,61,5,541,5
BP04035,Dior,36,1,357,1
BP04036,Dior,19,1,213,2
BP04037,Dior,34,2,350,0
BP04038,Dior,37,0,283,2
BP04039,Dior,65,3,550,1
BP04040,Dior,35,6,288,0
BP04041,Dior,62,3,565,4
BP04042,Dior,76,4,774,4
BP04043,Dior,155,14,1125,29
BP04044,Dior,72,2,510,2
BP04045,Dior,178,10,1012,18
BP04046,Dior,42,8,322,4
BP04047,Dior,52,7,388,4
BP04048,Dior,134,16,853,16
BP04049,Dior,180,22,856,80
BP04050,Dior,67,8,459,3
BP04051,Dior,78,3,598,5
BP04052,Dior,57,2,419,3
BP04053,Dior,54,5,408,5
BP04054,Dior,69,8,596,6
BP04055,Dior,78,7,648,2
BP04056,Dior,30,5,309,3
BP04057,Dior,68,4,585,4
BP04058,Dior,42,7,321,0
BP04059,Dior,44,4,407,3
BP04060,Dior,52,8,404,3
BP04061,Dior,52,3,471,3
BP04062,Dior,46,11,375,8
BP04063,Dior,263,2,706,44
BP04064,Dior,42,5,410,3
BP04065,Dior,79,6,492,8
BP04066,Dior,53,5,387,6
BP04067,Dior,162,14,1073,10
BP04068,Dior,92,12,834,11
BP04069,Dior,109,7,730,9
BP04070,Dior,123,18,960,10
BP04071,Dior,110,8,842,4
BP04072,Dior,94,5,715,3
BP04073,Dior,31,6,306,1
BP04074,Dior,39,3,327,2
BP04075,Dior,33,4,215,1
BP04076,Dior,46,1,424,3
BP04077,Dior,30,3,258,0
BP04078,Dior,40,3,339,2
BP04079,Dior,37,4,275,5
BP04080,Dior,282,43,1656,29
BP04081,Dior,1543,562,6285,370
BP04082,Dior,174,6,1002,8
BP04083,Dior,52,2,392,0
BP04084,Dior,195,8,1244,16
BP04085,Dior,67,3,410,5
BP04086,Dior,108,7,537,21
BP04087,Dior,48,6,403,6
BP04088,Dior,40,3,357,3
BP04089,Dior,23,6,205,1
BP04090,Dior,36,2,311,3
BP04091,Dior,31,3,245,1
BP04092,Dior,31,2,220,0
BP04093,Dior,98,8,644,7
BP04094,Dior,34,7,321,2
BP04095,Dior,21,3,209,2
BP04096,Dior,842,325,2917,213
BP04097,Dior,80,8,645,2
BP04098,Dior,65,8,420,3
BP04099,Dior,70,5,609,11
BP04100,Dior,39,10,267,0
BP04101,Dior,31,6,346,6
BP04102,Dior,50,9,537,1
BP04103,Dior,74,10,736,2
BP04104,Dior,31,3,259,3
BP04105,Dior,33,3,278,1
BP04106,Dior,51,3,437,2
BP04107,Dior,204,12,1182,15
BP04108,Dior,72,6,682,4
BP04109,Dior,101,9,756,2
BP04110,Dior,25,1,232,0
BP04111,Dior,89,4,764,12
BP04112,Dior,93,5,729,2
BP04113,Dior,63,4,751,3
BP04114,Dior,33,2,236,0
BP04115,Dior,58,3,417,2
BP04116,Dior,93,5,845,10
BP04117,Dior,35,1,233,0
BP04118,Dior,44,0,276,1
BP04119,Dior,69,3,610,3
BP04120,Dior,74,12,683,2
BP04121,Dior,95,7,511,5
BP04122,Dior,99,11,819,14
BP04123,Dior,62,2,561,8
BP04124,Dior,54,2,440,2
BP04125,Dior,85,9,673,11
BP04126,Dior,41,3,411,4
BP04127,Dior,59,6,420,7
BP04128,Dior,39,4,387,2
BP04129,Dior,56,5,436,2
BP04130,Dior,83,7,559,7
BP04131,Dior,60,4,548,5
BP04132,Dior,26,0,232,0
BP04133,Dior,84,5,561,4
BP04134,Dior,45,3,433,3
BP04135,Dior,36,0,0,0
BP04136,Dior,21,3,212,2
BP04137,Dior,40,5,282,2
BP04138,Dior,26,1,276,1
BP04139,Dior,31,3,235,1
BP04140,Dior,43,11,426,3
BP04141,Dior,42,4,311,3
BP04142,Dior,35,4,343,2
BP04143,Dior,75,8,442,6
BP04144,Dior,68,1,562,4
BP04145,Dior,887,122,2087,120
BP04146,Dior,33,5,291,2
BP04147,Dior,307,48,2088,55
BP04148,Dior,32,1,269,2
BP04149,Dior,85,7,734,6
BP04150,Dior,46,3,408,6
BP04151,Dior,94,7,522,12
BP04152,Dior,58,3,459,3
BP04153,Dior,35,2,255,0
BP04154,Dior,59,9,604,8
BP04155,Dior,67,7,505,11
BP04156,Dior,59,4,653,4
BP04157,Dior,28,4,244,2
BP04158,Dior,30,0,247,2
BP04159,Dior,47,7,332,1
BP04160,Dior,53,4,341,7
BP04161,Dior,53,0,460,2
BP04162,Dior,58,1,596,2
BP04163,Dior,91,4,800,9
BP04164,Dior,41,2,254,2
BP04165,Dior,61,2,389,4
BP04166,Dior,22,0,197,1
BP04167,Dior,38,0,331,1
BP04168,Dior,77,38,397,22
BP04169,Dior,73,1,394,2
BP04170,Dior,58,10,474,6
BP04171,Dior,100,18,755,14
BP04172,Dior,211,61,1452,97
BP04173,Dior,52,3,548,1
BP04174,Dior,27,2,362,2
BP04175,Dior,74,3,749,7
BP04176,Dior,34,2,297,1
BP04177,Dior,24,3,392,4
BP04178,Dior,21,1,201,2
BP04179,Dior,53,6,657,2
BP04180,Dior,26,1,316,1
BP04181,Dior,49,4,334,13
BP04182,Dior,23,2,359,1
BP04183,Dior,58,8,693,7
BP04184,Dior,26,2,306,2
BP04185,Dior,22,0,307,0
BP04186,Dior,21,2,280,3
BP04187,Dior,38,3,490,5
BP04188,Dior,32,4,426,4
BP04189,Dior,56,1,663,10
BP04190,Dior,27,2,454,1
BP04191,Dior,29,7,429,3
BP04192,Dior,36,4,418,1
BP04193,Dior,45,7,452,3
BP04194,Dior,33,5,418,1
BP04195,Dior,25,3,343,1
BP04196,Dior,49,3,618,1
BP04197,Dior,52,1,582,7
BP04198,Dior,31,2,396,5
BP04199,Dior,28,4,396,2
BP04200,Dior,18,1,269,1
BP04201,Dior,54,7,582,11
BP04202,Dior,17,2,310,2
BP04203,Dior,42,1,456,5
BP04204,Dior,45,1,276,3
BP04205,Dior,43,1,504,6
BP04206,Dior,71,0,753,3
BP04207,Dior,70,2,806,9
BP04208,Dior,38,2,417,1
BP04209,Dior,97,2,730,14
BP04210,Dior,31,0,424,3
BP04211,Dior,35,1,389,2
BP04212,Dior,33,5,462,5
BP04213,Dior,42,3,545,3
BP04214,Dior,39,5,495,4
BP04215,Dior,31,9,476,5
BP04216,Dior,38,2,523,3
BP04217,Dior,27,0,351,1
BP04218,Dior,84,5,836,5
BP04219,Dior,42,5,457,5
BP04220,Dior,101,8,739,16
BP04221,Dior,49,4,461,1
BP04222,Dior,36,4,460,1
BP04223,Dior,87,6,528,6
BP04224,Dior,45,1,275,5
BP04225,Dior,36,2,299,6
BP04226,Dior,41,2,348,4
BP04227,Dior,40,2,287,3
BP04228,Dior,74,5,540,6
BP04229,Dior,36,6,324,1
BP04230,Dior,44,2,317,6
BP04231,Dior,31,6,403,1
BP04232,Dior,57,7,463,17
BP04233,Dior,54,2,568,2
BP04234,Dior,63,7,567,3
BP04235,Dior,26,6,420,0
BP04236,Dior,70,3,559,5
BP04237,Dior,58,0,551,4
BP04238,Dior,19,1,290,0
BP04239,Dior,48,1,409,1
BP04240,Dior,71,1,834,3
BP04241,Dior,44,5,608,1
BP04242,Dior,79,3,810,4
BP04243,Dior,58,11,427,4
BP04244,Dior,40,5,527,1
BP04245,Dior,60,3,766,3
BP04246,Dior,69,5,836,2
BP04247,Dior,80,5,867,10
BP04248,Dior,34,6,424,1
BP04249,Dior,82,7,621,6
BP04250,Dior,34,9,375,2
BP04251,Dior,60,6,841,4
BP04252,Dior,78,16,660,6
BP04253,Dior,47,6,542,3
BP04254,Dior,46,6,651,6
BP04255,Dior,74,12,966,5
BP04256,Dior,41,2,403,3
BP04257,Dior,70,11,758,2
BP04258,Dior,80,13,600,10
BP04259,Dior,42,3,446,15
BP04260,Dior,415,104,2952,111
BP04261,Dior,26,3,271,3
BP04262,Dior,72,16,427,12
BP04263,Dior,95,3,533,5
BP04264,Dior,66,5,447,4
BP04265,Dior,37,3,356,0
BP04266,Dior,22,4,316,1
BP04267,Dior,31,2,290,4
BP04268,Dior,41,4,395,5
BP04269,Dior,30,4,295,2
BP04270,Dior,24,2,244,1
BP04271,Dior,40,2,338,5
BP04272,Dior,28,0,259,3
BP04273,Dior,34,3,324,0
BP04274,Dior,36,3,332,3
BP04275,Dior,33,4,445,7
BP04276,Dior,202,22,1243,70
BP04277,Dior,14,1,167,1
BP04278,Dior,45,9,348,4
BP04279,Dior,41,2,302,1
BP04280,Dior,15,1,194,0
BP04281,Dior,39,1,242,5
BP04282,Dior,25,3,190,0
BP04283,Dior,82,2,462,6
BP04284,Dior,39,0,333,1
BP04285,Dior,24,4,265,3
BP04286,Dior,28,2,352,1
BP04287,Dior,31,1,247,1
BP04288,Dior,36,3,384,1
BP04289,Dior,54,5,363,3
BP04290,Dior,114,3,647,13
BP04291,Dior,50,3,423,1
BP04292,Dior,33,0,331,0
BP04293,Dior,9,7,194,0
BP04294,Dior,30,3,245,1
BP04295,Dior,43,7,474,7
BP04296,Dior,32,3,333,1
BP04297,Dior,418,49,1154,60
BP04298,Dior,42,5,384,7
BP04299,Dior,38,2,401,2
BP04300,Dior,42,3,370,9
BP04301,Dior,36,8,241,3
BP04302,Dior,28,1,369,5
BP04303,Dior,93,10,1164,3
BP04304,Dior,33,1,317,1
BP04305,Dior,4441,560,6872,408
BP04306,Dior,76,8,495,11
BP04307,Dior,59,3,472,5
BP04308,Dior,36,1,354,2
BP04309,Dior,30,4,273,0
BP04310,Dior,46,6,467,3
BP04311,Dior,49,0,484,2
BP04312,Dior,188,109,1541,62
BP04313,Dior,52,8,473,4
BP04314,Dior,29,4,261,0
BP04315,Dior,51,5,480,9
BP04316,Dior,32,4,305,5
BP04317,Dior,72,2,448,3
BP04318,Dior,92,11,437,1
BP04319,Dior,20647,1184,29292,997
BP04320,Dior,107,31,1443,39
BP04321,Dior,2651,277,8071,197
BP04322,Dior,475,44,1346,100
BP04323,Dior,195,22,746,24
BP04324,Dior,1307,56,8809,171
BP04325,Dior,251,31,766,70
BP04326,Dior,18,6,189,2
BP04327,Dior,174,12,952,17
BP04328,Dior,32,1,224,4
BP04329,Dior,139,16,767,56
BP04330,Dior,154,22,998,36
BP04331,Dior,41,1,291,11
BP04332,Dior,45,3,269,4
BP04333,Dior,42,1,475,2
BP04334,Dior,49,2,460,4
BP04335,Dior,65,6,424,6
BP04336,Dior,43,5,295,1
BP04337,Dior,50,4,359,2
BP04338,Dior,5353,296,12163,222
BP04339,Dior,37,3,507,4
BP04340,Dior,29,3,309,6
BP04341,Dior,110,1,499,11
BP04342,Dior,92,5,595,7
BP04343,Dior,66,2,690,10
BP04344,Dior,64,2,537,4
BP04345,Dior,59,3,599,1
BP04346,Dior,30,0,259,2
BP04347,Dior,26,2,345,2
BP04348,Dior,53,3,304,5
BP04349,Dior,6952,542,15784,383
BP04350,Dior,65,2,554,7
BP04351,Dior,52,1,413,0
BP04352,Dior,68,3,628,6
BP04353,Dior,34,0,438,3
BP04354,Dior,78,4,636,5
BP04355,Dior,34,2,257,2
BP04356,Dior,96,10,704,7
BP04357,Dior,6390,617,13853,341
BP04358,Dior,33,4,308,4
BP04359,Dior,57,3,484,2
BP04360,Dior,48,4,515,5
BP04361,Dior,74,9,330,5
BP04362,Dior,106,7,821,9
BP04363,Dior,82,5,647,5
BP04364,Dior,58,4,410,2
BP04365,Dior,45,4,358,7
BP04366,Dior,141,12,595,7
BP04367,Dior,135,9,893,16
BP04368,Dior,11540,1394,24889,1033
BP04369,Dior,1223,486,3940,177
BP04370,Dior,419,169,1706,41
BP04371,Dior,312,87,1207,60
BP04372,Dior,163,10,702,17
BP04373,Dior,227,16,800,31
BP04374,Dior,89,2,394,10
BP04375,Dior,142,3,563,15
BP04376,Dior,136,11,825,12
BP04377,Dior,64,6,448,4
BP04378,Dior,51,5,375,8
BP04379,Dior,50,1,293,3
BP04380,Dior,58,4,440,10
BP04381,Dior,74,4,749,5
BP04382,Dior,73,10,480,9
BP04383,Dior,42,6,484,3
BP04384,Dior,59,4,374,6
BP04385,Dior,111,8,707,4
BP04386,Dior,65,8,549,2
BP04387,Dior,25,1,180,0
BP04388,Dior,137,10,799,11
BP04389,Dior,65,5,461,2
BP04390,Dior,32,3,355,2
BP04391,Dior,43,3,282,0
BP04392,Dior,127,7,723,4
BP04393,Dior,33,2,362,0
BP04394,Dior,51,1,268,3
BP04395,Dior,76,15,424,6
BP04396,Dior,21,4,186,1
BP04397,Dior,50,5,292,1
BP04398,Dior,12903,404,21388,308
BP04399,Dior,16214,517,25994,496
BP04400,Dior,81,9,662,8
BP04401,Dior,31,2,201,1
BP04402,Dior,77,5,380,1
BP04403,Dior,58,8,554,6
BP04404,Dior,55,6,424,4
BP04405,Dior,60,11,488,8
BP04406,Dior,30,4,214,3
BP04407,Dior,38,5,430,3
BP04408,Dior,40,3,362,4
BP04409,Dior,51,7,466,4
BP04410,Dior,36,2,358,0
BP04411,Dior,36,3,401,1
BP04412,Dior,51,5,469,2
BP04413,Dior,22,1,203,0
BP04414,Dior,46,2,312,2
BP04415,Dior,216,20,1089,54
BP04416,Dior,29,1,301,2
BP04417,Dior,18,3,157,1
BP04418,Dior,37,7,369,2
BP04419,Dior,40,4,349,0
BP04420,Dior,27,2,238,1
BP04421,Dior,22,2,270,1
BP04422,Dior,49,2,465,6
BP04423,Dior,20,0,236,0
BP04424,Dior,68,1,534,1
BP04425,Dior,30,1,354,0
BP04426,Dior,44,3,304,3
BP04427,Dior,17,1,258,1
BP04428,Dior,24,3,225,0
BP04429,Dior,13,4,241,0
BP04430,Dior,51,3,417,3
BP04431,Dior,82,8,673,8
BP04432,Dior,87,8,686,7
BP04433,Dior,56,6,604,5
BP04434,Dior,39,7,363,5
BP04435,Dior,30,2,292,4
BP04436,Dior,20,2,251,0
BP04437,Dior,22,4,205,0
BP04438,Dior,31,9,346,2
BP04439,Dior,35,7,283,2
BP04440,Dior,32,4,345,3
BP04441,Dior,24,4,214,0
BP04442,Dior,48,9,324,3
BP04443,Dior,50,4,417,3
BP04444,Dior,40,1,404,1
BP04445,Dior,94,9,807,8
BP04446,Dior,33,5,454,1
BP04447,Dior,48,5,422,7
BP04448,Dior,51,12,548,6
BP04449,Dior,28,2,216,2
BP04450,Dior,21,4,160,1
BP04451,Dior,58,12,357,2
BP04452,Dior,29,4,208,0
BP04453,Dior,37,10,458,2
BP04454,Dior,81,7,605,5
BP04455,Dior,29,7,371,2
BP04456,Dior,32,7,325,1
BP04457,Dior,65,7,493,10
BP04458,Dior,59,5,457,4
BP04459,Dior,36,6,409,2
BP04460,Dior,664,87,2127,76
BP04461,Dior,47,10,346,3
BP04462,Dior,47,4,403,0
BP04463,Dior,33,7,259,0
BP04464,Dior,45,11,438,5
BP04465,Dior,48,7,434,0
BP04466,Dior,4801,287,12106,119
BP04467,Dior,31,9,387,0
BP04468,Dior,34,14,424,2
BP04469,Dior,41,9,375,2
BP04470,Dior,5427,304,13469,165
BP04471,Dior,6726,365,16243,189
BP04472,Dior,77,15,529,9
BP04473,Dior,100,23,1325,10
BP04474,Dior,62,9,599,6
BP04475,Dior,5939,363,13273,169
BP04476,Dior,6775,702,14920,395
BP04477,Dior,50,225,335,9
BP04478,Dior,129,199,595,21
BP04479,Dior,56,318,515,21
BP04480,Dior,40,279,411,15
BP04481,Dior,49,143,481,2
BP04482,Dior,58,139,555,5
BP04483,Dior,54,151,541,0
BP04484,Dior,58,525,837,5
BP04485,Dior,37,579,565,2
BP04486,Dior,70,987,1032,5
BP04487,Dior,108,3854,2169,17
BP04488,Dior,88,3624,2193,9
BP04489,Dior,67,1032,1368,3
BP04490,Dior,58,610,1183,7
BP04491,Dior,53,423,1013,2
BP04492,Dior,70,313,1007,4
BP04493,Dior,102,212,1601,6
BP04494,Dior,120,145,1615,19
BP04495,Dior,63,131,642,1
BP04496,Dior,105,127,806,7
BP04497,Dior,61,77,638,3
BP04498,Dior,31,67,436,2
BP04499,Dior,63,82,686,8
BP04500,Dior,54,67,694,1
BP04501,Dior,33,55,423,0
BP04502,Dior,53,52,432,5
BP04503,Dior,32,45,427,4
BP04504,Dior,45,40,456,0
BP04505,Dior,39,37,487,2
BP04506,Dior,53,37,435,5
BP04507,Dior,44,35,453,3
BP04508,Dior,27,34,307,0
BP04509,Dior,38,27,452,3
BP04510,Dior,24,22,320,3
BP04511,Dior,46,24,426,2
BP04512,Dior,57,26,409,7
BP04513,Dior,38,16,364,8
BP04514,Dior,94,25,779,21
BP04515,Dior,72,41,750,12
BP04516,Dior,115,44,935,39
BP04517,Dior,34,25,329,3
BP04518,Dior,66,24,432,5
BP04519,Dior,74,22,450,11
BP04520,Dior,58,11,554,5
BP04521,Dior,48,18,471,4
BP04522,Dior,53,15,504,6
BP04523,Dior,28,9,314,5
BP04524,Dior,544,333,1620,113
BP04525,Dior,20,10,232,0
BP04526,Dior,34,13,391,1
BP04527,Dior,69,15,621,7
BP04528,Dior,72,14,577,8
BP04529,Dior,30,14,311,3
BP04530,Dior,54,19,661,2
BP04531,Dior,65,9,613,11
BP04532,Dior,42,9,356,1
BP04533,Dior,74,11,687,7
BP04534,Dior,61,12,664,4
BP04535,Dior,66,18,708,5
BP04536,Dior,39,8,305,2
BP04537,Dior,46,6,413,4
BP04538,Dior,21,9,217,0
BP04539,Dior,18,8,249,1
BP04540,Dior,16,3,227,2
BP04541,Dior,65,6,426,0
BP04542,Dior,38,11,513,7
BP04543,Dior,33,12,487,4
BP04544,Dior,36,12,495,4
BP04545,Dior,82,33,519,10
BP04546,Dior,87,17,547,12
BP04547,Dior,335,116,1163,121
BP04548,Dior,20,10,226,3
BP04549,Dior,22,8,277,3
BP04550,Dior,44,5,360,1
BP04551,Dior,78,5,708,3
BP04552,Dior,82,8,645,10
BP04553,Dior,22,6,217,3
BP04554,Dior,37,5,343,3
BP04555,Dior,48,5,495,5
BP04556,Dior,44,12,316,6
BP04557,Dior,30,6,335,2
BP04558,Dior,65,16,681,10
BP04559,Dior,100,11,689,21
BP04560,Dior,71,7,744,1
BP04561,Dior,50,5,408,2
BP04562,Dior,61,9,644,7
BP04563,Dior,37,8,448,3
BP04564,Dior,42,3,448,6
BP04565,Dior,39,5,449,7
BP04566,Dior,47,7,304,2
BP04567,Dior,63,11,425,10
BP04568,Dior,93,11,812,15
BP04569,Dior,83,13,766,4
BP04570,Dior,52,14,365,13
BP04571,Dior,62,9,462,3
BP04572,Dior,48,4,581,6
BP04573,Dior,19,6,260,0
BP04574,Dior,78,13,793,5
BP04575,Dior,38,6,509,2
BP04576,Dior,45,5,403,4
BP04577,Dior,53,4,484,4
BP04578,Dior,62,8,516,3
BP04579,Dior,56,10,409,4
BP04580,Dior,46,6,418,1
BP04581,Dior,53,7,531,4
BP04582,Dior,90,27,373,20
BP04583,Dior,44,7,331,6
BP04584,Dior,101,8,1015,12
BP04585,Dior,95,9,812,9
BP04586,Dior,61,12,611,10
BP04587,Dior,54,7,449,4
BP04588,Dior,43,8,332,4
BP04589,Dior,41,3,294,4
BP04590,Dior,34,2,251,4
BP04591,Dior,58,11,532,25
BP04592,Dior,30,8,250,5
BP04593,Dior,77,10,691,4
BP04594,Dior,30,11,361,3
BP04595,Dior,46,16,521,2
BP04596,Dior,33,7,427,1
BP04597,Dior,27,5,224,0
BP04598,Dior,48,9,388,2
BP04599,Dior,43,5,493,1
BP04600,Dior,43,4,504,11
BP04601,Dior,57,7,521,2
BP04602,Dior,37,7,368,1
BP04603,Dior,30,2,266,2
BP04604,Dior,54,5,610,3
BP04605,Dior,26,5,289,2
BP04606,Dior,71,4,641,4
BP04607,Dior,42,5,433,1
BP04608,Dior,92,12,774,10
BP04609,Dior,152,14,897,27
BP04610,Dior,75,2,642,2
BP04611,Dior,78,6,705,12
BP04612,Dior,118,17,673,7
BP04613,Dior,65,14,502,8
BP04614,Dior,40,7,374,9
BP04615,Dior,59,8,542,4
BP04616,Dior,44,11,451,7
BP04617,Dior,28,4,403,2
BP04618,Dior,103,8,770,9
BP04619,Dior,62,11,372,0
BP04620,Dior,63,11,633,14
BP04621,Dior,118,13,917,5
BP04622,Dior,149,9,791,17
BP04623,Dior,56,4,431,3
BP04624,Dior,27,3,295,1
BP04625,Dior,23,2,227,2
BP04626,Dior,66,4,661,3
BP04627,Dior,55,8,382,2
BP04628,Dior,34,5,379,2
BP04629,Dior,25,6,238,1
BP04630,Dior,95,4,753,7
BP04631,Dior,65,9,500,1
BP04632,Dior,66,15,504,11
BP04633,Dior,26,9,277,2
BP04634,Dior,48,9,368,3
BP04635,Dior,78,11,619,3
BP04636,Dior,44,10,338,4
BP04637,Dior,48,7,545,3
BP04638,Dior,54,8,424,1
BP04639,Dior,52,6,404,0
BP04640,Dior,57,7,598,7
BP04641,Dior,44,9,403,4
BP04642,Dior,56,3,439,1
BP04643,Dior,47,6,365,2
BP04644,Dior,25,1,289,3
BP04645,Dior,26,3,192,1
BP04646,Dior,52,3,346,2
BP04647,Dior,67,3,478,2
BP04648,Dior,37,3,279,2
BP04649,Dior,110,9,726,5
BP04650,Dior,60,5,311,2
BP04651,Dior,39,7,349,2
BP04652,Dior,50,7,332,3
BP04653,Dior,38,8,292,0
BP04654,Dior,446,11,1171,99
BP04655,Dior,52,6,307,0
BP04656,Dior,84,7,489,15
BP04657,Dior,58,4,288,2
BP04658,Dior,46,7,311,2
BP04659,Dior,21,7,233,0
BP04660,Dior,61,6,376,1
BP04661,Dior,58,4,358,5
BP04662,Dior,38,4,297,10
BP04663,Dior,212,29,2013,36
BP04664,Dior,63,6,598,6
BP04665,Dior,65,10,586,5
BP04666,Dior,280,21,1950,33
BP04667,Dior,55,5,576,1
BP04668,Dior,24,2,204,1
BP04669,Dior,52,4,416,2
BP04670,Dior,40,6,438,2
BP04671,Dior,56,7,368,4
BP04672,Dior,52,5,448,2
BP04673,Dior,71,9,551,6
BP04674,Dior,76,7,514,0
BP04675,Dior,59,4,316,2
BP04676,Dior,63,4,518,4
BP04677,Dior,254,245,1601,233
BP04678,Dior,80,4,698,4
BP04679,Dior,63,3,367,3
BP04680,Dior,47,6,425,3
BP04681,Dior,141,7,1100,9
BP04682,Dior,56,2,530,3
BP04683,Dior,103,14,615,14
BP04684,Dior,67,3,578,6
BP04685,Dior,95,6,664,1
BP04686,Dior,44,11,380,1
BP04687,Dior,40,6,508,3
BP04688,Dior,45,2,384,1
BP04689,Dior,66,1,533,2
BP04690,Dior,715,115,1751,82
BP04691,Dior,117,5,784,8
BP04692,Dior,126,5,857,11
BP04693,Dior,154,9,693,10
BP04694,Dior,41,4,362,1
BP04695,Dior,97,3,703,4
BP04696,Dior,103,6,451,3
BP04697,Dior,88,6,357,7
BP04698,Dior,156,14,830,12
BP04699,Dior,523,177,2099,52
BP04700,Dior,2080,706,5595,343
BP04701,Dior,711,123,2436,101
BP04702,Dior,448,73,2114,60
BP04703,Dior,94,9,550,10
BP04704,Dior,151,13,756,12
BP04705,Dior,149,19,755,20
BP04706,Dior,94,22,599,7
BP04707,Dior,116,3,660,10
BP04708,Dior,185,40,893,121
BP04709,Dior,14581,1273,32801,1113
BP04710,Dior,54,5,465,0
BP04711,Dior,86,5,662,2
BP04712,Dior,37,3,320,0
BP04713,Dior,38,9,354,3
BP04714,Dior,312,63,1381,134
BP04715,Dior,45,4,327,6
BP04716,Dior,30,3,207,0
BP04717,Dior,34,3,291,2
BP04718,Dior,36,3,273,0
BP04719,Dior,128,9,791,4
BP04720,Dior,68,11,510,2
BP04721,Dior,66,6,624,0
BP04722,Dior,309,15,1804,44
BP04723,Dior,1549,0,0,0
BP04724,Dior,224,13,1441,31
BP04725,Dior,768,21,4092,246
BP04726,Dior,67,7,716,4
BP04727,Dior,63,7,446,2
BP04728,Dior,147,20,1210,24
BP04729,Dior,109,12,776,17
BP04730,Dior,87,5,711,7
BP04731,Dior,76,11,516,13
BP04732,Dior,79,8,713,7
BP04733,Dior,64,6,494,7
BP04734,Dior,51,4,474,5
BP04735,Dior,43,3,351,4
BP04736,Dior,135,6,1037,29
BP04737,Dior,36,6,255,0
BP04738,Dior,56,9,314,0
BP04739,Dior,46,4,249,4
BP04740,Dior,26,8,217,0
BP04741,Dior,53,6,332,3
BP04742,Dior,189,34,1286,44
BP04743,Dior,402,156,1659,110
BP04744,Dior,63,13,476,3
BP04745,Dior,57,8,373,1
BP04746,Dior,58,3,433,3
BP04747,Dior,59,6,561,2
BP04748,Dior,48,6,362,3
BP04749,Dior,43,4,271,1
BP04750,Dior,142,10,657,29
BP04751,Dior,43,2,411,4
BP04752,Dior,100,10,691,11
BP04753,Dior,85,5,733,10
BP04754,Dior,36,4,306,3
BP04755,Dior,46,4,422,2
BP04756,Dior,112,9,682,17
BP04757,Dior,47,3,343,4
BP04758,Dior,97,10,727,13
BP04759,Dior,126,16,828,14
BP04760,Dior,42,7,354,2
BP04761,Dior,60,6,378,6
BP04762,Dior,149,5,871,34
BP04763,Dior,54,2,397,6
BP04764,Dior,54,4,364,4
BP04765,Dior,42,2,319,2
BP04766,Dior,51,1,359,1
BP04767,Dior,127,9,706,29
BP04768,Dior,45,2,359,2
BP04769,Dior,118,13,671,12
BP04770,Dior,135,15,839,49
BP04771,Dior,45,12,347,2
BP04772,Dior,38,4,283,1
BP04773,Dior,45,2,428,5
BP04774,Dior,46,6,399,6
BP04775,Dior,41,2,312,2
BP04776,Dior,53,4,471,8
BP04777,Dior,33,5,219,2
BP04778,Dior,54,2,428,1
BP04779,Dior,78,7,429,3
BP04780,Dior,75,5,577,3
BP04781,Dior,64,18,381,6
BP04782,Dior,4604,202,13427,114
BP04783,Dior,60,7,589,5
BP04784,Dior,543,100,1755,105
BP04785,Dior,83,6,715,7
BP04786,Dior,52,14,778,2
BP04787,Dior,44,4,384,5
BP04788,Dior,9014,601,27295,459
BP04789,Dior,92,7,868,8
BP04790,Dior,89,9,825,16
BP04791,Dior,116,6,665,12
BP04792,Dior,74,3,813,4
BP04793,Dior,44,8,451,2
BP04794,Dior,43,2,335,0
BP04795,Dior,96,10,647,8
BP04796,Dior,83,4,390,18
BP04797,Dior,107,3,372,15
BP04798,Dior,25,3,251,1
BP04799,Dior,102,8,1087,7
BP04800,Dior,60,4,378,5
BP04801,Dior,115,4,768,8
BP04802,Dior,66,3,604,5
BP04803,Dior,103,8,735,11
BP04804,Dior,82,10,781,8
BP04805,Dior,34,1,236,1
BP04806,Dior,60,3,388,2
BP04807,Dior,57,4,489,1
BP04808,Dior,65,1,513,6
BP04809,Dior,108,2,782,6
BP04810,Dior,211,17,1147,52
BP04811,Dior,260,13,1950,30
BP04812,Dior,80,6,431,15
BP04813,Dior,57,3,500,5
BP04814,Dior,19,3,217,2
BP04815,Dior,375,40,2366,77
BP04816,Dior,138,9,894,15
BP04817,Dior,174,7,648,35
BP04818,Dior,89,2,574,5
BP04819,Dior,86,6,594,7
BP04820,Dior,49,1,350,5
BP04821,Dior,379,14,1762,75
BP04822,Dior,1835,69,4407,765
BP04823,Dior,42,7,277,5
BP04824,Dior,36,7,267,4
BP04825,Dior,35,3,270,8
BP04826,Dior,22,2,212,1
BP04827,Dior,38,8,356,2
BP04828,Dior,44,1,251,4
BP04829,Dior,44,7,532,3
BP04830,Dior,20,0,0,0
BP04831,Dior,64,8,652,9
BP04832,Dior,11,0,0,0
BP04833,Dior,21,2,269,2
BP04834,Dior,43,0,0,0
BP04835,Dior,27,3,214,0
BP04836,Dior,25,3,263,1
BP04837,Dior,33,4,436,3
BP04838,Dior,49,3,491,4
BP04839,Dior,31,3,212,5
BP04840,Dior,34,5,423,5
BP04841,Dior,32,2,329,2
BP04842,Dior,99,5,617,17
BP04843,Dior,54,4,455,2
BP04844,Dior,62,6,567,2
BP04845,Dior,34,3,383,3
BP04846,Dior,43,5,309,0
BP04847,Dior,25,1,247,0
BP04848,Dior,40,3,346,2
BP04849,Dior,42,0,250,3
BP04850,Dior,46,3,314,2
BP04851,Dior,41,4,244,1
BP04852,Dior,44,5,275,8
BP04853,Dior,92,7,457,11
BP04854,Dior,150,11,480,9
BP04855,Dior,25,3,242,1
BP04856,Dior,33,4,269,0
BP04857,Dior,26,4,254,3
BP04858,Dior,22,2,236,1
BP04859,Dior,60,10,882,11
BP04860,Dior,980,85,4732,792
BP04861,Dior,75,11,665,7
BP04862,Dior,103,13,855,23
BP04863,Dior,78,9,492,4
BP04864,Dior,48,8,360,4
BP04865,Dior,38,4,325,2
BP04866,Dior,48,12,407,5
BP04867,Dior,56,4,404,4
BP04868,Dior,45,6,378,1
BP04869,Dior,78,6,487,4
BP04870,Dior,42,7,338,2
BP04871,Dior,43,5,419,4
BP04872,Dior,37,5,298,1
BP04873,Dior,68,3,505,3
BP04874,Dior,57,2,390,7
BP04875,Dior,90,9,675,11
BP04876,Dior,65,11,594,7
BP04877,Dior,60,3,510,4
BP04878,Dior,51,3,509,3
BP04879,Dior,33,10,349,30
BP04880,Dior,51,10,398,11
BP04881,Dior,50,5,455,3
BP04882,Dior,38,7,388,3
BP04883,Dior,55,7,455,3
BP04884,Dior,83,4,635,9
BP04885,Dior,222,19,1576,56
BP04886,Dior,83,4,708,19
BP04887,Dior,58,5,368,6
BP04888,Dior,67,4,590,8
BP04889,Dior,71,11,622,6
BP04890,Dior,35,6,251,2
BP04891,Dior,66,11,416,7
BP04892,Dior,77,10,600,5
BP04893,Dior,76,12,642,11
BP04894,Dior,170,31,1081,80
BP04895,Dior,90,31,794,2
BP04896,Dior,251,119,2096,24
BP04897,Dior,195,35,1082,7
BP04898,Dior,35,3,208,3
BP04899,Dior,22,2,148,2
BP04900,Dior,27,1,214,0
BP04901,Dior,19,0,147,0
BP04902,Dior,32,1,268,3
BP04903,Dior,58,2,451,2
BP04904,Dior,50,0,367,1
BP04905,Dior,68,6,696,2
BP04906,Dior,40,2,369,3
BP04907,Dior,42,0,322,1
BP04908,Dior,81,6,704,7
BP04909,Dior,59,2,408,3
BP04910,Dior,163,5,700,13
BP04911,Dior,33,2,316,0
BP04912,Dior,110,35,1005,9
BP04913,Dior,48,10,385,6
BP04914,Dior,51,2,433,2
BP04915,Dior,27,2,290,5
BP04916,Dior,56,4,530,13
BP04917,Dior,29,6,228,0
BP04918,Dior,51,4,512,1
BP04919,Dior,26,3,268,3
BP04920,Dior,57,4,410,3
BP04921,Dior,43,3,425,1
BP04922,Dior,32,0,244,3
BP04923,Dior,170,11,1137,9
BP04924,Dior,76,12,695,2
BP04925,Dior,45,1,276,0
BP04926,Dior,39,3,294,2
BP04927,Dior,106,7,794,14
BP04928,Dior,69,7,539,8
BP04929,Dior,43,4,455,5
BP04930,Dior,36,6,304,2
BP04931,Dior,42,4,362,0
BP04932,Dior,33,11,253,1
BP04933,Dior,30,6,200,5
BP04934,Dior,29,3,218,1
BP04935,Dior,13,0,0,0
BP04936,Dior,22,2,257,3
BP04937,Dior,57,11,458,9
BP04938,Dior,27,2,219,3
BP04939,Dior,52,3,377,3
BP04940,Dior,74,15,603,10
BP04941,Dior,57,3,513,1
BP04942,Dior,42,4,388,7
BP04943,Dior,25,4,306,0
BP04944,Dior,74,8,463,10
BP04945,Dior,6221,276,22152,393
BP04946,Dior,5656,297,15084,443
BP04947,Dior,7533,316,26899,532
BP04948,Dior,7826,479,20175,1077
BP04949,Dior,30,14,268,1
BP04950,Dior,36,8,292,6
BP04951,Dior,34,2,213,8
BP04952,Dior,17,0,0,0
BP04953,Dior,29,3,174,3
BP04954,Dior,14,0,0,0
BP04955,Dior,11118,667,17815,1091
BP04956,Dior,23,4,236,0
BP04957,Dior,26,2,222,0
BP04958,Dior,25,4,268,5
BP04959,Dior,44,3,394,7
BP04960,Dior,21,3,208,1
BP04961,Dior,112,3,374,4
BP04962,Dior,40,2,223,12
BP04963,Dior,14,0,0,0
BP04964,Dior,17,1,166,0
BP04965,Dior,26,2,179,2
BP04966,Dior,51,10,407,8
BP04967,Dior,24,4,179,1
BP04968,Dior,25,6,224,2
BP04969,Dior,27,0,194,0
BP04970,Dior,30,1,286,3
BP04971,Dior,9,0,0,0
BP04972,Dior,157,5,690,41
BP04973,Dior,42,3,307,4
BP04974,Dior,34,3,279,6
BP04975,Dior,88,0,0,0
BP04976,Dior,36,2,338,3
BP04977,Dior,26,2,194,0
BP04978,Dior,290,15,1173,58
BP04979,Dior,28,1,170,6
BP04980,Dior,46,2,192,5
BP04981,Dior,38,2,195,7
BP04982,Dior,114,5,635,8
BP04983,Dior,190,72,980,91
BP04984,Dior,24,0,145,0
BP04985,Dior,174,3,725,93
BP04986,Dior,26,1,210,0
BP04987,Dior,31,6,156,2
BP04988,Dior,43,1,289,4
BP04989,Dior,36,1,271,3
BP04990,Dior,52,3,379,5
BP04991,Dior,61,7,593,9
BP04992,Dior,47,6,413,8
BP04993,Dior,51,6,424,12
BP04994,Dior,33,5,315,9
BP04995,Dior,60,5,419,9
BP04996,Dior,10266,236,19946,378
BP04997,Dior,12425,342,21232,688
BP04998,Dior,12792,385,22031,726
BP04999,Dior,29,3,283,1
BP05000,Dior,55,12,375,8
BP05001,Dior,44,11,361,3
BP05002,Dior,19,5,218,3
BP05003,Dior,66,9,551,13
BP05004,Dior,20,0,205,3
BP05005,Dior,42,6,334,6
BP05006,Dior,68,10,783,6
BP05007,Dior,34,3,299,1
BP05008,Dior,58,2,551,9
BP05009,Dior,44,5,446,1
BP05010,Dior,53,3,325,3
BP05011,Dior,466,60,2249,87
BP05012,Dior,560,37,2706,95
BP05013,Dior,97,36,1044,16
BP05014,Dior,42,10,502,10
BP05015,Dior,18,6,242,0
BP05016,Dior,30,3,312,4
BP05017,Dior,72,4,685,19
BP05018,Dior,41,6,413,7
BP05019,Dior,38,10,303,9
BP05020,Dior,34,2,409,2
BP05021,Dior,279,20,1933,41
BP05022,Dior,24,6,378,4
BP05023,Dior,34,2,326,2
BP05024,Dior,38,0,306,3
BP05025,Dior,72,6,693,5
BP05026,Dior,32,3,344,2
BP05027,Dior,21,2,290,1
BP05028,Dior,47,12,562,9
BP05029,Dior,48,6,345,4
BP05030,Dior,43,3,550,6
BP05031,Dior,43,3,428,2
BP05032,Dior,77,4,608,10
BP05033,Dior,83,2,769,5
BP05034,Dior,120,7,992,19
BP05035,Dior,119,8,647,12
BP05036,Dior,114,13,1255,24
BP05037,Dior,52,2,555,6
BP05038,Dior,41,3,246,3
BP05039,Dior,42,4,362,2
BP05040,Dior,37,8,373,2
BP05041,Dior,14,9,180,3
BP05042,Dior,46,14,493,5
BP05043,Dior,42,14,403,5
BP05044,Dior,15,0,193,0
BP05045,Dior,18,10,190,3
BP05046,Dior,45,8,348,8
BP05047,Dior,35,3,293,6
BP05048,Dior,26,6,347,1
BP05049,Dior,105,9,711,28
BP05050,Dior,37,5,333,7
BP05051,Dior,16,0,191,2
BP05052,Dior,10,2,191,0
BP05053,Dior,77,5,556,9
BP05054,Dior,19,3,234,0
BP05055,Dior,23,2,259,5
BP05056,Dior,25,1,240,1
BP05057,Dior,19,1,208,2
BP05058,Dior,38,5,301,2
BP05059,Dior,163,12,1570,27
BP05060,Dior,34,5,479,6
BP05061,Dior,39,1,484,5
BP05062,Dior,41,0,345,3
BP05063,Dior,60,6,551,9
BP05064,Dior,94,8,934,20
BP05065,Dior,37,6,386,1
BP05066,Dior,42,5,375,8
BP05067,Dior,33,1,283,2
BP05068,Dior,70,4,492,7
BP05069,Dior,30,0,300,4
BP05070,Dior,15,1,167,1
BP05071,Dior,28,2,295,2
BP05072,Dior,45,3,347,6
BP05073,Dior,21,1,204,2
BP05074,Dior,54,24,464,10
BP05075,Dior,45,8,462,4
BP05076,Dior,27,3,326,3
BP05077,Dior,28,7,293,2
BP05078,Dior,25,2,236,3
BP05079,Dior,41,4,486,5
BP05080,Dior,41,7,426,6
BP05081,Dior,31,2,302,4
BP05082,Dior,35,12,284,9
BP05083,Dior,24,6,317,4
BP05084,Dior,88,6,730,11
BP05085,Dior,11,2,159,0
BP05086,Dior,145,21,880,28
BP05087,Dior,92,14,781,17
BP05088,Dior,42,8,291,3
BP05089,Dior,81,8,614,10
BP05090,Dior,46,3,312,6
BP05091,Dior,84,9,854,13
BP05092,Dior,72,6,477,12
BP05093,Dior,28,8,285,3
BP05094,Dior,53,5,382,5
BP05095,Dior,34,2,280,3
BP05096,Dior,19,6,160,0
BP05097,Dior,80,11,753,14
BP05098,Dior,25,6,232,1
BP05099,Dior,85,9,695,9
BP05100,Dior,61,11,755,16
BP05101,Dior,34,7,425,9
BP05102,Dior,22,8,310,3
BP05103,Dior,58,9,620,7
BP05104,Dior,32,13,357,2
BP05105,Dior,13,3,175,1
BP05106,Dior,31,4,580,4
BP05107,Dior,70,7,576,4
BP05108,Dior,79,7,407,6
BP05109,Dior,36,3,278,6
BP05110,Dior,63,7,639,9
BP05111,Dior,33,6,337,3
BP05112,Dior,37,6,498,5
BP05113,Dior,30,2,290,2
BP05114,Dior,42,2,298,1
BP05115,Dior,33,5,270,2
BP05116,Dior,24,3,264,1
BP05117,Dior,34,2,310,4
BP05118,Dior,56,0,489,2
BP05119,Dior,59,5,468,6
BP05120,Dior,91,5,879,11
BP05121,Dior,52,1,383,2
BP05122,Dior,42,2,315,2
BP05123,Dior,60,1,451,2
BP05124,Dior,30,4,285,1
BP05125,Dior,57,8,513,7
BP05126,Dior,62,9,581,4
BP05127,Dior,27,2,317,2
BP05128,Dior,54,10,610,14
BP05129,Dior,129,10,825,21
BP05130,Dior,107,4,964,9
BP05131,Dior,30,2,285,1
BP05132,Dior,131,11,1090,6
BP05133,Dior,23,4,222,1
BP05134,Dior,220,16,1532,33
BP05135,Dior,18263,557,27237,608
BP05136,Dior,20668,682,31387,957
BP05137,Dior,15977,820,19841,865
BP05138,Dior,98,7,848,7
BP05139,Dior,58,4,608,6
BP05140,Dior,164,15,1439,49
BP05141,Dior,110,17,742,9
BP05142,Dior,67,5,508,5
BP05143,Dior,139,6,827,11
BP05144,Dior,63,14,384,3
BP05145,Dior,30,7,269,2
BP05146,Dior,82,9,521,7
BP05147,Dior,31,8,279,5
BP05148,Dior,73,3,372,11
BP05149,Dior,39,4,306,3
BP05150,Dior,49,31,323,5
BP05151,Dior,43,5,281,3
BP05152,Dior,35,2,271,2
BP05153,Dior,41,28,251,1
BP05154,Dior,45,25,446,1
BP05155,Dior,43,2,258,0
BP05156,Dior,71,3,697,5
BP05157,Dior,101,4,401,5
BP05158,Dior,65,19,460,14
BP05159,Dior,58,30,450,2
BP05160,Dior,67,8,389,9
BP05161,Dior,14,1,105,0
BP05162,Dior,66,0,512,2
BP05163,Dior,37,0,272,1
BP05164,Dior,206,31,1513,34
BP05165,Dior,67,4,566,4
BP05166,Dior,47,1,272,4
BP05167,Dior,20,1,140,0
BP05168,Dior,62,3,486,3
BP05169,Dior,42,1,295,1
BP05170,Dior,22,0,132,0
BP05171,Dior,98,11,801,11
BP05172,Dior,44,1,331,5
BP05173,Dior,68,1,473,1
BP05174,Dior,116,12,807,12
BP05175,Dior,54,6,358,5
BP05176,Dior,76,5,432,27
BP05177,Dior,29,3,292,0
BP05178,Dior,41,2,447,2
BP05179,Dior,33,4,213,0
BP05180,Dior,47,1,309,2
BP05181,Dior,59,4,512,4
BP05182,Dior,10330,642,24582,819
BP05183,Dior,40,6,439,3
BP05184,Dior,296,55,1487,88
BP05185,Dior,46,1,217,2
BP05186,Dior,113,38,450,15
BP05187,Dior,360,120,1251,41
BP05188,Dior,26,2,189,1
BP05189,Dior,30,1,212,2
BP05190,Dior,33,2,245,4
BP05191,Dior,51,7,415,2
BP05192,Dior,53,10,343,4
BP05193,Dior,51,1,261,1
BP05194,Dior,232,101,1247,90
BP05195,Dior,51,4,282,4
BP05196,Dior,99,12,522,8
BP05197,Dior,68,9,577,13
BP05198,Dior,51,4,312,4
BP05199,Dior,93,5,428,11
BP05200,Dior,89,4,578,7
BP05201,Dior,74,0,567,3
BP05202,Dior,43,4,340,4
BP05203,Dior,53,3,259,3
BP05204,Dior,76,5,530,3
BP05205,Dior,39,1,302,1
BP05206,Dior,25,2,227,1
BP05207,Dior,40,3,296,1
BP05208,Dior,25,2,209,1
BP05209,Dior,44,2,327,0
BP05210,Dior,76,5,642,5
BP05211,Dior,31,3,238,4
BP05212,Dior,34,1,273,0
BP05213,Dior,63,6,383,4
BP05214,Dior,257,15,1221,22
BP05215,Dior,85,1,560,1
BP05216,Dior,59,3,407,2
BP05217,Dior,41,1,322,1
BP05218,Dior,56,2,347,7
BP05219,Dior,55,5,532,5
BP05220,Dior,29,1,258,0
BP05221,Dior,95,10,591,6
BP05222,Dior,42,0,374,0
BP05223,Dior,16,1,169,0
BP05224,Dior,77,3,587,4
BP05225,Dior,118,10,795,10
BP05226,Dior,95,6,548,6
BP05227,Dior,101,6,593,3
BP05228,Dior,54,4,298,3
BP05229,Dior,59,1,279,4
BP05230,Dior,49,2,277,1
BP05231,Dior,67,5,394,5
BP05232,Dior,33,3,253,0
BP05233,Dior,51,4,409,2
BP05234,Dior,68,4,373,3
BP05235,Dior,9152,478,23698,564
BP05236,Dior,55,13,442,16
BP05237,Dior,37,2,248,2
BP05238,Dior,30,4,247,1
BP05239,Dior,36,4,269,4
BP05240,Dior,62,3,461,3
BP05241,Dior,90,4,645,5
BP05242,Dior,76,3,501,5
BP05243,Dior,73,10,329,5
BP05244,Dior,72,2,445,3
BP05245,Dior,54,8,313,5
BP05246,Dior,303,56,1848,44
BP05247,Dior,131,14,811,17
BP05248,Dior,132,16,922,20
BP05249,Dior,67,9,395,9
BP05250,Dior,118,12,855,17
BP05251,Dior,89,8,578,7
BP05252,Dior,98,5,813,7
BP05253,Dior,75,9,501,3
BP05254,Dior,72,6,517,1
BP05255,Dior,158,12,1049,14
BP05256,Dior,50,7,365,7
BP05257,Dior,55,5,402,3
BP05258,Dior,48,3,435,6
BP05259,Dior,94,8,814,6
BP05260,Dior,79,4,578,5
BP05261,Dior,85,3,442,4
BP05262,Dior,73,3,536,8
BP05263,Dior,60,5,408,4
BP05264,Dior,45,4,286,1
BP05265,Dior,50,6,582,3
BP05266,Dior,63,11,379,3
BP05267,Dior,42,5,437,6
BP05268,Dior,64,8,387,7
BP05269,Dior,48,3,464,1
BP05270,Dior,9735,453,22935,513
BP05271,Dior,11530,559,23133,860
BP05272,Dior,17733,1402,36695,2238
BP05273,Dior,77,2,481,9
BP05274,Dior,27,1,212,0
BP05275,Dior,59,0,430,4
BP05276,Dior,52,3,340,5
BP05277,Dior,66,5,695,9
BP05278,Dior,59,7,461,9
BP05279,Dior,109,10,721,8
BP05280,Dior,52,2,384,0
BP05281,Dior,151,12,903,14
BP05282,Dior,30,1,266,3
BP05283,Dior,33,4,323,3
BP05284,Dior,116,4,711,6
BP05285,Dior,74,3,562,8
BP05286,Dior,66,5,637,3
BP05287,Dior,79,3,531,6
BP05288,Dior,81,7,647,8
BP05289,Dior,83,21,529,3
BP05290,Dior,66,8,384,4
BP05291,Dior,70,8,411,6
BP05292,Dior,56,6,501,2
BP05293,Dior,60,3,494,5
BP05294,Dior,77,2,538,5
BP05295,Dior,53,7,529,1
BP05296,Dior,72,6,717,3
BP05297,Dior,56,13,466,7
BP05298,Dior,42,1,394,2
BP05299,Dior,28,3,188,1
BP05300,Dior,72,5,557,8
BP05301,Dior,132,9,1181,16
BP05302,Dior,68,2,421,2
BP05303,Dior,76,4,433,6
BP05304,Dior,87,5,596,3
BP05305,Dior,75,1,669,4
BP05306,Dior,78,4,643,4
BP05307,Dior,60,2,476,5
BP05308,Dior,42,2,271,3
BP05309,Dior,38,3,324,1
BP05310,Dior,70,2,435,8
BP05311,Dior,112,5,798,8
BP05312,Dior,236,16,1980,13
BP05313,Dior,53,2,519,2
BP05314,Dior,158,13,825,18
BP05315,Dior,46,2,527,5
BP05316,Dior,99,5,661,6
BP05317,Dior,41,5,437,1
BP05318,Dior,52,6,610,7
BP05319,Dior,57,3,422,2
BP05320,Dior,121,42,1022,23
BP05321,Dior,57,4,412,5
BP05322,Dior,101,9,786,8
BP05323,Dior,32,1,217,2
BP05324,Dior,79,5,441,4
BP05325,Dior,131,2,958,11
BP05326,Dior,26,2,198,2
BP05327,Dior,148,6,1113,11
BP05328,Dior,54,3,402,5
BP05329,Dior,104,10,639,10
BP05330,Dior,47,8,514,3
BP05331,Dior,64,7,892,4
BP05332,Dior,97,18,534,10
BP05333,Dior,35,2,194,1
BP05334,Dior,46,4,289,7
BP05335,Dior,29,0,343,0
BP05336,Dior,95,6,932,5
BP05337,Dior,42,5,249,4
BP05338,Dior,82,1,584,5
BP05339,Dior,27,4,320,2
BP05340,Dior,53,1,446,4
BP05341,Dior,70,4,330,7
BP05342,Dior,297,12,1555,42
BP05343,Dior,60,2,353,5
BP05344,Dior,100,3,691,7
BP05345,Dior,70,9,501,13
BP05346,Dior,77,6,663,5
BP05347,Dior,40,2,217,3
BP05348,Dior,105,9,826,16
BP05349,Dior,94,3,744,4
BP05350,Dior,40,2,299,2
BP05351,Dior,67,3,265,14
BP05352,Dior,108,3,452,15
BP05353,Dior,115,8,542,13
BP05354,Dior,630,50,2372,174
BP05355,Dior,327,8,1024,93
BP05356,Dior,118,11,497,14
BP05357,Dior,101,5,388,9
BP05358,Dior,156,10,575,87
BP05359,Dior,56,6,517,13
BP05360,Dior,58,10,401,3
BP05361,Dior,104,3,685,12
BP05362,Dior,28,1,212,1
BP05363,Dior,31,2,343,1
BP05364,Dior,59,3,613,3
BP05365,Dior,59,0,428,2
BP05366,Dior,125,16,1084,26
BP05367,Dior,105,9,946,13
BP05368,Dior,103,11,971,12
BP05369,Dior,165,27,907,22
BP05370,Dior,108,12,748,5
BP05371,Dior,30,3,203,4
BP05372,Dior,77,5,412,6
BP05373,Dior,45,9,368,7
BP05374,Dior,59,8,544,9
BP05375,Dior,181,19,1656,39
BP05376,Dior,58,2,530,5
BP05377,Dior,55,4,324,6
BP05378,Dior,109,3,1065,15
BP05379,Dior,34,0,299,1
BP05380,Dior,36,6,389,3
BP05381,Dior,61,7,393,4
BP05382,Dior,69,15,383,14
BP05383,Dior,38,0,344,4
BP05384,Dior,68,5,452,9
BP05385,Dior,205,19,687,44
BP05386,Dior,88,6,491,11
BP05387,Dior,56,2,367,7
BP05388,Dior,90,5,747,4
BP05389,Dior,58,6,582,7
BP05390,Dior,182,17,1314,36
BP05391,Dior,83,6,653,16
BP05392,Dior,130,12,1014,19
BP05393,Dior,88,3,746,5
BP05394,Dior,112,16,735,11
BP05395,Dior,188,30,914,50
BP05396,Dior,29,0,204,5
BP05397,Dior,311,23,2061,53
BP05398,Dior,128,4,894,7
BP05399,Dior,254,16,1454,25
BP05400,Dior,138,2,813,7
BP05401,Dior,731,28,3331,81
BP05402,Dior,90,5,881,4
BP05403,Dior,385,14,1907,48
BP05404,Dior,323,43,2286,74
BP05405,Dior,435,8,1856,62
BP05406,Dior,257,32,1774,67
BP05407,Dior,109,4,527,14
BP05408,Dior,1070,95,2901,431
BP05409,Dior,799,22,2575,104
BP05410,Dior,157,4,899,15
BP05411,Dior,44,8,430,6
BP05412,Dior,10,0,111,0
BP05413,Dior,28,2,330,8
BP05414,Dior,51,8,432,3
BP05415,Dior,34,5,443,1
BP05416,Dior,83,9,656,13
BP05417,Dior,49,7,396,3
BP05418,Dior,79,5,647,3
BP05419,Dior,43,3,306,1
BP05420,Dior,63,5,545,2
BP05421,Dior,101,14,836,12
BP05422,Dior,52,3,534,7
BP05423,Dior,117,16,1152,19
BP05424,Dior,64,4,477,7
BP05425,Dior,245,16,1547,18
BP05426,Dior,151,19,823,7
BP05427,Dior,235,18,1384,8
BP05428,Dior,122,14,513,13
BP05429,Dior,1,5,2,1
BP05430,Dior,96,51,670,46
BP05431,Dior,0,2,1,0
BP05432,Dior,0,3,0,0
BP05433,Dior,132,19,807,34
BP05434,Dior,56,4,488,5
BP05435,Dior,99,11,615,12
BP05436,Dior,73,6,616,2
BP05437,Dior,59,7,487,7
BP05438,Dior,15,4,128,0
BP05439,Dior,158,11,1455,10
BP05440,Dior,43,2,294,0
BP05441,Dior,82,10,780,3
BP05442,Dior,110,10,1047,22
BP05443,Dior,451,32,2725,95
BP05444,Dior,203,6,1494,25
BP05445,Dior,84,2,719,5
BP05446,Dior,190,19,1132,28
BP05447,Dior,37,6,283,4
BP05448,Dior,69,3,641,6
BP05449,Dior,122,4,785,6
BP05450,Dior,54,4,277,9
BP05451,Dior,59,6,517,8
BP05452,Dior,15,0,125,0
BP05453,Dior,52,7,536,5
BP05454,Dior,79,5,711,6
BP05455,Dior,22,0,173,0
BP05456,Dior,70,2,410,8
BP05457,Dior,119,9,800,9
BP05458,Dior,71,4,443,5
BP05459,Dior,68,3,552,4
BP05460,Dior,112,12,795,14
BP05461,Dior,24,1,174,3
BP05462,Dior,305,0,0,0
BP05463,Dior,52,5,353,7
BP05464,Dior,104,10,819,5
BP05465,Dior,105,5,823,9
BP05466,Dior,127,5,792,4
BP05467,Dior,127,3,814,6
BP05468,Dior,119,15,640,7
BP05469,Dior,161,18,979,16
BP05470,Dior,45,8,248,2
BP05471,Dior,120,20,882,13
BP05472,Dior,42,6,337,5
BP05473,Dior,153,13,1226,18
BP05474,Dior,127,6,776,6
BP05475,Dior,74,6,595,3
BP05476,Dior,46,6,275,0
BP05477,Dior,85,5,506,3
BP05478,Dior,127,22,931,14
BP05479,Dior,95,11,771,11
BP05480,Dior,143,7,1051,8
BP05481,Dior,153,5,1033,8
BP05482,Dior,40,0,273,3
BP05483,Dior,118,7,797,5
BP05484,Dior,91,2,567,3
BP05485,Dior,62,3,308,0
BP05486,Dior,102,12,1046,19
BP05487,Dior,150,9,851,18
BP05488,Dior,51,6,336,2
BP05489,Dior,202,12,1334,11
BP05490,Dior,92,6,619,3
BP05491,Dior,220,7,1434,14
BP05492,Dior,54,6,419,3
BP05493,Dior,55,7,313,2
BP05494,Dior,40,6,289,2
BP05495,Dior,51,3,288,2
BP05496,Dior,70,5,529,7
BP05497,Dior,34,3,202,2
BP05498,Dior,43,2,237,2
BP05499,Dior,44,3,261,0
BP05500,Dior,75,3,579,4
BP05501,Dior,65,8,569,3
BP05502,Dior,79,2,415,7
BP05503,Dior,65,2,360,1
BP05504,Dior,207,6,1243,8
BP05505,Dior,77,3,381,10
BP05506,Dior,42,3,220,3
BP05507,Dior,26,3,177,2
BP05508,Dior,40,2,382,0
BP05509,Dior,56,7,295,9
BP05510,Dior,75,7,442,6
BP05511,Dior,60,4,433,6
BP05512,Dior,98,3,701,8
BP05513,Dior,70,2,529,5
BP05514,Dior,179,2,894,5
BP05515,Dior,43,3,236,3
BP05516,Dior,238,5,1251,5
BP05517,Dior,140,0,700,3
BP05518,Dior,135,2,897,3
BP05519,Dior,55,4,306,6
BP05520,Dior,113,5,473,8
BP05521,Dior,51,4,289,1
BP05522,Dior,52,5,368,3
BP05523,Dior,49,3,392,6
BP05524,Dior,66,4,398,6
BP05525,Dior,12,0,0,0
BP05526,Dior,89,4,334,4
BP05527,Dior,56,15,496,3
BP05528,Dior,119,7,737,4
BP05529,Dior,89,8,561,7
BP05530,Dior,77,4,501,5
BP05531,Dior,126,7,522,26
BP05532,Dior,16,1,125,1
BP05533,Dior,68,1,294,1
BP05534,Dior,181,5,1139,20
BP05535,Dior,81,9,413,6
BP05536,Dior,399,16,2053,39
BP05537,Dior,147,2,834,13
BP05538,Dior,124,2,525,12
BP05539,Dior,22,4,127,1
BP05540,Dior,71,4,470,2
BP05541,Dior,53,8,334,0
BP05542,Dior,52,5,311,0
BP05543,Dior,14,3,108,3
BP05544,Dior,138,5,859,4
BP05545,Dior,80,3,469,4
BP05546,Dior,49,2,274,4
BP05547,Dior,12,0,0,0
BP05548,Dior,120,4,641,3
BP05549,Dior,78,6,455,1
BP05550,Dior,18,0,114,0
BP05551,Dior,122,7,624,4
BP05552,Dior,25,4,170,1
BP05553,Dior,48,5,231,2
BP05554,Dior,81,9,387,1
BP05555,Dior,91,9,395,8
BP05556,Dior,566,31,1543,94
BP05557,Dior,45,9,225,3
BP05558,Dior,37,6,165,4
BP05559,Dior,38,5,202,6
BP05560,Dior,74,4,411,8
BP05561,Dior,84,5,517,9
BP05562,Dior,68,5,406,3
BP05563,Dior,58,9,314,3
BP05564,Dior,239,22,841,40
BP05565,Dior,43,2,310,3
BP05566,Dior,58,1,390,4
BP05567,Dior,14,1,106,0
BP05568,Dior,62,9,485,6
BP05569,Dior,76,5,487,10
BP05570,Dior,127,6,578,12
BP05571,Dior,119,26,628,9
BP05572,Dior,64,7,507,5
BP05573,Dior,88,4,622,7
BP05574,Dior,61,2,412,2
BP05575,Dior,51,4,308,0
BP05576,Dior,108,4,566,11
BP05577,Dior,26,2,280,1
BP05578,Dior,22,0,134,2
BP05579,Dior,45,3,284,3
BP05580,Dior,110,7,593,1
BP05581,Dior,22,1,233,5
BP05582,Dior,88,10,478,15
BP05583,Dior,38,1,193,1
BP05584,Dior,70,6,344,6
BP05585,Dior,46,4,281,4
BP05586,Dior,43,6,384,0
BP05587,Dior,24,1,176,1
BP05588,Dior,42,2,350,2
BP05589,Dior,32,0,231,4
BP05590,Dior,107,8,512,7
BP05591,Dior,46,6,297,4
BP05592,Dior,98,9,587,15
BP05593,Dior,62,6,437,3
BP05594,Dior,26,1,202,2
BP05595,Dior,23,4,247,0
BP05596,Dior,23,0,229,1
BP05597,Dior,34,7,295,2
BP05598,Dior,24,3,234,1
BP05599,Dior,24,0,240,0
BP05600,Dior,23,2,263,0
BP05601,Dior,22,0,0,0
BP05602,Dior,313,15,1499,16
BP05603,Dior,52,7,392,4
BP05604,Dior,52,0,271,0
BP05605,Dior,132,21,751,24
BP05606,Dior,120,6,723,12
BP05607,Dior,70,6,541,3
BP05608,Dior,33,2,207,4
BP05609,Dior,50,2,339,4
BP05610,Dior,66,19,409,4
BP05611,Dior,38,2,244,2
BP05612,Dior,42,4,321,4
BP05613,Dior,30,2,240,3
BP05614,Dior,91,52,628,26
BP05615,Dior,108,4,714,13
BP05616,Dior,38,0,246,0
BP05617,Dior,1,1,22,0
BP05618,Dior,22,1,171,1
BP05619,Dior,38,1,359,3
BP05620,Dior,57,6,288,8
BP05621,Dior,27,1,320,4
BP05622,Dior,56,2,415,1
BP05623,Dior,57,3,531,6
BP05624,Dior,82,3,462,4
BP05625,Dior,30,1,252,0
BP05626,Dior,23,2,231,0
BP05627,Dior,48,5,322,5
BP05628,Dior,47,2,283,3
BP05629,Dior,49,0,284,4
BP05630,Dior,43,4,415,3
BP05631,Dior,51,9,377,4
BP05632,Dior,23,4,227,2
BP05633,Dior,46,1,392,1
BP05634,Dior,65,0,448,4
BP05635,Dior,80,0,368,7
BP05636,Dior,457,129,1962,103
BP05637,Dior,106,3,500,28
BP05638,Dior,32,1,175,4
BP05639,Dior,60,6,237,8
BP05640,Dior,33,0,268,2
BP05641,Dior,40,6,292,3
BP05642,Dior,35,5,217,3
BP05643,Dior,33,5,245,2
BP05644,Dior,62,3,367,7
BP05645,Dior,90,2,576,3
BP05646,Dior,42,7,287,2
BP05647,Dior,179,12,1131,9
BP05648,Dior,57,8,416,7
BP05649,Dior,50,2,361,1
BP05650,Dior,22,5,229,2
BP05651,Dior,32,3,214,1
BP05652,Dior,41,3,271,2
BP05653,Dior,36,9,290,5
BP05654,Dior,66,10,552,4
BP05655,Dior,205,12,1145,13
BP05656,Dior,87,8,459,10
BP05657,Dior,45,7,363,2
BP05658,Dior,26,0,0,0
BP05659,Dior,139,10,758,12
BP05660,Dior,44,3,392,6
BP05661,Dior,33,2,311,3
BP05662,Dior,113,10,761,5
BP05663,Dior,35,1,302,2
BP05664,Dior,31,2,253,0
BP05665,Dior,100,11,806,8
BP05666,Dior,41,2,388,3
BP05667,Dior,76,5,701,3
BP05668,Dior,19,3,214,0
BP05669,Dior,73,0,0,0
BP05670,Dior,457,14,2027,46
BP05671,Dior,148,10,878,18
BP05672,Dior,33,4,312,2
BP05673,Dior,29,3,261,1
BP05674,Dior,89,10,587,22
BP05675,Dior,36,2,302,7
BP05676,Dior,31,0,299,1
BP05677,Dior,27,5,290,1
BP05678,Dior,16,5,144,0
BP05679,Dior,40,3,471,3
BP05680,Dior,37,2,381,8
BP05681,Dior,40,1,287,3
BP05682,Dior,273,17,1313,36
BP05683,Dior,46,3,325,4
BP05684,Dior,159,16,913,24
BP05685,Dior,75,11,420,10
BP05686,Dior,115,1,698,12
BP05687,Dior,53,2,394,12
BP05688,Dior,37,0,0,0
BP05689,Dior,174,13,1140,14
BP05690,Dior,1190,104,5961,849
BP05691,Dior,80,4,460,5
BP05692,Dior,78,0,293,2
BP05693,Dior,79,3,483,5
BP05694,Dior,268,10,1045,28
BP05695,Dior,51,3,402,3
BP05696,Dior,46,2,326,2
BP05697,Dior,11,1,146,0
BP05698,Dior,118,7,1055,18
BP05699,Dior,24,2,247,0
BP05700,Dior,94,7,447,2
BP05701,Dior,101,2,588,10
BP05702,Dior,131,6,631,10
BP05703,Dior,36,1,363,0
BP05704,Dior,518,90,3514,157
BP05705,Dior,179,10,1079,11
BP05706,Dior,62,3,320,8
BP05707,Dior,99,2,548,7
BP05708,Dior,51,1,357,2
BP05709,Dior,111,7,604,12
BP05710,Dior,61,3,424,3
BP05711,Dior,27,2,184,2
BP05712,Dior,194,35,1284,36
BP05713,Dior,46,0,371,2
BP05714,Dior,76,2,374,1
BP05715,Dior,30,2,216,1
BP05716,Dior,47,0,311,2
BP05717,Dior,92,4,784,2
BP05718,Dior,53,1,432,3
BP05719,Dior,82,2,463,7
BP05720,Dior,69,2,455,4
BP05721,Dior,75,3,419,3
BP05722,Dior,54,1,312,1
BP05723,Dior,99,3,474,9
BP05724,Dior,39,1,244,1
BP05725,Dior,33,0,255,3
BP05726,Dior,118,3,854,3
BP05727,Dior,27,1,186,2
BP05728,Dior,32,2,215,1
BP05729,Dior,34,1,382,1
BP05730,Dior,49,5,446,4
BP05731,Dior,48,0,215,4
BP05732,Dior,66,1,226,8
BP05733,Dior,641,296,2825,184
BP05734,Dior,73,5,294,9
BP05735,Dior,111,7,481,6
BP05736,Dior,87,24,517,10
BP05737,Dior,41,2,266,2
BP05738,Dior,26,3,242,1
BP05739,Dior,23,2,134,2
BP05740,Dior,408,19,2113,59
BP05741,Dior,27,2,165,3
BP05742,Dior,103,1,532,7
BP05743,Dior,57,0,381,3
BP05744,Dior,695,18,2863,119
BP05745,Dior,51,0,326,7
BP05746,Dior,248,25,1164,38
BP05747,Dior,135,2,659,21
BP05748,Dior,49,3,418,9
BP05749,Dior,80,2,340,6
BP05750,Dior,53,20,329,8
BP05751,Dior,59,0,365,2
BP05752,Dior,70,1,361,6
BP05753,Dior,61,2,343,4
BP05754,Dior,35,5,238,4
BP05755,Dior,185,3,1171,14
BP05756,Dior,384,10,1089,40
BP05757,Dior,44,1,277,3
BP05758,Dior,41,2,320,1
BP05759,Dior,370,9,1422,40
BP05760,Dior,58,0,274,0
BP05761,Dior,80,2,542,5
BP05762,Dior,241,100,929,64
BP05763,Dior,77,6,497,7
BP05764,Dior,39,4,242,2
BP05765,Dior,38,3,229,4
BP05766,Dior,96,5,561,5
BP05767,Dior,81,1,447,9
BP05768,Dior,35,1,253,4
BP05769,Dior,114,5,708,27
BP05770,Dior,35,2,288,0
BP05771,Dior,46,1,294,4
BP05772,Dior,22,4,262,0
BP05773,Dior,85,1,611,8
BP05774,Dior,20,0,229,1
BP05775,Dior,103,9,571,5
BP05776,Dior,781,132,3277,301
BP05777,Dior,29,0,0,0
BP05778,Dior,27,2,215,1
BP05779,Dior,23,1,211,1
BP05780,Dior,44,4,330,3
BP05781,Dior,27,1,262,0
BP05782,Dior,44,0,282,3
BP05783,Dior,32,2,286,0
BP05784,Dior,78,3,383,7
BP05785,Dior,40,1,239,1
BP05786,Dior,89,13,609,5
BP05787,Dior,78,6,507,3
BP05788,Dior,18,2,175,0
BP05789,Dior,20,2,193,2
BP05790,Dior,33,2,286,1
BP05791,Dior,23,1,153,3
BP05792,Dior,20,1,211,1
BP05793,Dior,75,1,424,3
BP05794,Dior,181,4,873,14
BP05795,Dior,182,8,1250,15
BP05796,Dior,116,5,750,8
BP05797,Dior,31,3,199,0
BP05798,Dior,176,17,963,9
BP05799,Dior,67,1,458,5
BP05800,Dior,76,6,559,12
BP05801,Dior,45,4,290,0
BP05802,Dior,60,2,374,3
BP05803,Dior,39,8,301,1
BP05804,Dior,81,5,434,6
BP05805,Dior,150,9,939,5
BP05806,Dior,60,9,405,2
BP05807,Dior,83,9,486,1
BP05808,Dior,120,18,818,8
BP05809,Dior,112,8,632,8
BP05810,Dior,37,1,306,4
BP05811,Dior,35,5,252,2
BP05812,Dior,79,3,419,6
BP05813,Dior,70,0,410,3
BP05814,Dior,73,0,454,4
BP05815,Dior,48,4,397,2
BP05816,Dior,53,0,316,0
BP05817,Dior,66,3,345,4
BP05818,Dior,29,3,257,3
BP05819,Dior,57,1,366,4
BP05820,Dior,84,3,500,5
BP05821,Dior,54,3,352,2
BP05822,Dior,82,2,421,2
BP05823,Dior,39,3,266,1
BP05824,Dior,47,2,320,4
BP05825,Dior,44,2,284,6
BP05826,Dior,74,6,475,4
BP05827,Dior,27,1,187,1
BP05828,Dior,42,1,276,5
BP05829,Dior,7,0,102,0
BP05830,Dior,34,6,339,0
BP05831,Dior,97,9,581,10
BP05832,Dior,118,7,350,7
BP05833,Dior,29,0,212,2
BP05834,Dior,21,2,223,3
BP05835,Dior,302,21,1007,66
BP05836,Dior,31,0,213,1
BP05837,Dior,55,3,357,4
BP05838,Dior,67,2,304,4
BP05839,Dior,29,0,231,1
BP05840,Dior,37,1,352,1
BP05841,Dior,28,1,266,0
BP05842,Dior,35,0,235,1
BP05843,Dior,41,0,361,5
BP05844,Dior,57,1,425,8
BP05845,Dior,37,0,216,2
BP05846,Dior,74,4,479,5
BP05847,Dior,31,4,326,3
BP05848,Dior,55,3,367,7
BP05849,Dior,58,2,395,9
BP05850,Dior,55,7,432,11
BP05851,Dior,35,3,223,1
BP05852,Dior,71,3,371,6
BP05853,Dior,24,5,245,0
BP05854,Dior,60,2,285,1
BP05855,Dior,57,8,333,4
BP05856,Dior,39,3,218,3
BP05857,Dior,12,0,0,0
BP05858,Dior,56,2,287,0
BP05859,Dior,19,0,163,1
BP05860,Dior,58,2,384,2
BP05861,Dior,50,2,287,5
BP05862,Dior,29,4,208,3
BP05863,Dior,29,3,169,0
BP05864,Dior,37,0,237,3
BP05865,Dior,23,3,198,4
BP05866,Dior,54,2,348,3
BP05867,Dior,86,4,560,11
BP05868,Dior,50,3,344,4
BP05869,Dior,61,4,355,1
BP05870,Dior,28,2,229,0
BP05871,Dior,45,3,217,0
BP05872,Dior,30,2,248,3
BP05873,Dior,37,6,205,3
BP05874,Dior,119,3,447,12
BP05875,Dior,38,2,271,5
BP05876,Dior,37,2,223,3
BP05877,Dior,54,1,279,3
BP05878,Dior,827,95,3748,389
BP05879,Dior,33,1,300,3
BP05880,Dior,58,3,326,6
BP05881,Dior,29,0,219,0
BP05882,Dior,42,0,294,0
BP05883,Dior,50,0,258,3
BP05884,Dior,211,163,493,47
BP05885,Dior,35,1,177,1
BP05886,Dior,358,23,1346,85
BP05887,Dior,615,23,1457,48
BP05888,Dior,47,2,299,9
BP05889,Dior,1486,0,0,0
BP05890,Dior,248,345,865,164
BP05891,Dior,63,0,261,2
BP05892,Dior,63,1,263,3
BP05893,Dior,49,4,263,8
BP05894,Dior,71,0,0,0
BP05895,Dior,65,2,413,5
BP05896,Dior,43,4,233,1
BP05897,Dior,57,3,264,4
BP05898,Dior,199,10,696,30
BP05899,Dior,32,2,198,2
BP05900,Dior,31,2,341,2
BP05901,Dior,51,4,319,3
BP05902,Dior,32,3,232,0
BP05903,Dior,33,2,341,4
BP05904,Dior,33,1,227,2
BP05905,Dior,42,4,369,8
BP05906,Dior,44,3,309,2
BP05907,Dior,119,11,558,6
BP05908,Dior,90,9,673,2
BP05909,Dior,41,6,277,2
BP05910,Dior,52,3,315,3
BP05911,Dior,18,5,160,3
BP05912,Dior,45,3,330,4
BP05913,Dior,39,4,331,5
BP05914,Dior,36,3,308,1
BP05915,Dior,45,1,308,3
BP05916,Dior,74,5,441,3
BP05917,Dior,64,2,308,5
BP05918,Dior,168,5,669,23
BP05919,Dior,92,9,606,7
BP05920,Dior,197,17,983,16
BP05921,Dior,37,2,261,1
BP05922,Dior,75,5,506,6
BP05923,Dior,48,2,354,5
BP05924,Dior,64,2,459,5
BP05925,Dior,55,3,432,4
BP05926,Dior,6,0,0,0
BP05927,Dior,94,12,438,7
BP05928,Dior,45,5,306,1
BP05929,Dior,32,0,291,0
BP05930,Dior,73,5,497,2
BP05931,Dior,32,3,266,4
BP05932,Dior,48,2,278,4
BP05933,Dior,121,2,630,6
BP05934,Dior,18,0,0,0
BP05935,Dior,51,3,406,1
BP05936,Dior,26,2,210,0
BP05937,Dior,1,0,14,0
BP05938,Dior,30,1,260,2
BP05939,Dior,28,1,183,1
BP05940,Dior,85,7,479,6
BP05941,Dior,38,1,277,3
BP05942,Dior,23,2,221,1
BP05943,Dior,120,8,731,6
BP05944,Dior,32,0,223,1
BP05945,Dior,18,4,239,3
BP05946,Dior,37,2,332,1
BP05947,Dior,32,1,268,2
BP05948,Dior,52,6,611,4
BP05949,Dior,55,6,362,1
BP05950,Dior,40,0,224,0
BP05951,Dior,23,1,197,1
BP05952,Dior,51,2,431,3
BP05953,Dior,75,6,516,7
BP05954,Dior,43,4,373,5
BP05955,Dior,29,0,148,1
BP05956,Dior,56,3,358,3
BP05957,Dior,122,5,757,16
BP05958,Dior,58,2,350,3
BP05959,Dior,69,1,348,3
BP05960,Dior,113,8,611,13
BP05961,Dior,58,6,421,2
BP05962,Dior,40,4,221,0
BP05963,Dior,70,9,371,7
BP05964,Dior,68,6,528,7
BP05965,Dior,36,2,277,2
BP05966,Dior,27,4,247,1
BP05967,Dior,46,1,289,4
BP05968,Dior,109,3,671,11
BP05969,Dior,59,2,394,5
BP05970,Dior,50,6,354,1
BP05971,Dior,66,4,438,8
BP05972,Gucci,24,3,124,1
BP05973,Gucci,30,6,161,2
BP05974,Gucci,28,1,164,4
BP05975,Gucci,48,11,229,2
BP05976,Gucci,50,15,399,4
BP05977,Gucci,86,30,459,1
BP05978,Gucci,92,18,613,3
BP05979,Gucci,111,21,524,8
BP05980,Gucci,68,9,329,2
BP05981,Gucci,106,17,414,15
BP05982,Gucci,133,9,507,7
BP05983,Gucci,178,8,586,14
BP05984,Gucci,113,26,645,30
BP05985,Gucci,95,13,478,8
BP05986,Gucci,79,7,390,2
BP05987,Gucci,135,19,490,11
BP05988,Gucci,92,9,409,5
BP05989,Gucci,52,5,219,0
BP05990,Gucci,71,11,342,1
BP05991,Gucci,47,8,209,1
BP05992,Gucci,57,8,192,0
BP05993,Gucci,55,4,189,0
BP05994,Gucci,96,18,579,4
BP05995,Gucci,228,37,1236,77
BP05996,Gucci,195,40,743,31
BP05997,Gucci,56,9,352,3
BP05998,Gucci,75,10,311,2
BP05999,Gucci,58,7,269,0
BP06000,Gucci,75,8,427,6
BP06001,Gucci,2986,961,9810,1173
BP06002,Gucci,144,13,677,12
BP06003,Gucci,637,179,3175,76
BP06004,Gucci,550,114,3132,59
BP06005,Gucci,86,8,461,1
BP06006,Gucci,117,17,762,8
BP06007,Gucci,57,4,241,1
BP06008,Gucci,100,10,498,3
BP06009,Gucci,91,7,451,1
BP06010,Gucci,341,33,2110,19
BP06011,Gucci,68,3,273,0
BP06012,Gucci,91,6,388,7
BP06013,Gucci,65,5,266,5
BP06014,Gucci,476,26,3347,14
BP06015,Gucci,2319,47,12980,106
BP06016,Gucci,1363,47,9197,46
BP06017,Gucci,98,10,395,10
BP06018,Gucci,106,6,387,5
BP06019,Gucci,122,15,517,6
BP06020,Gucci,64,9,288,2
BP06021,Gucci,111,9,516,7
BP06022,Gucci,117,12,572,5
BP06023,Gucci,94,12,436,5
BP06024,Gucci,100,7,418,5
BP06025,Gucci,80,11,213,2
BP06026,Gucci,91,5,370,4
BP06027,Gucci,89,9,352,4
BP06028,Gucci,59,9,195,3
BP06029,Gucci,217,85,748,41
BP06030,Gucci,48,5,127,2
BP06031,Gucci,42,7,138,1
BP06032,Gucci,77,13,194,5
BP06033,Gucci,110,18,490,6
BP06034,Gucci,64,8,299,3
BP06035,Gucci,42,7,134,1
BP06036,Gucci,86,9,344,3
BP06037,Gucci,91,14,397,2
BP06038,Gucci,82,14,275,1
BP06039,Gucci,83,11,266,1
BP06040,Gucci,74,6,244,2
BP06041,Gucci,111,19,477,2
BP06042,Gucci,84,9,312,2
BP06043,Gucci,94,14,452,2
BP06044,Gucci,103,8,388,5
BP06045,Gucci,79,8,193,0
BP06046,Gucci,100,10,435,4
BP06047,Gucci,107,8,352,5
BP06048,Gucci,91,15,365,2
BP06049,Gucci,149,7,595,14
BP06050,Gucci,74,9,173,9
BP06051,Gucci,83,10,285,3
BP06052,Gucci,74,7,246,0
BP06053,Gucci,114,12,321,4
BP06054,Gucci,91,8,409,2
BP06055,Gucci,78,6,175,5
BP06056,Gucci,222,13,893,11
BP06057,Gucci,90,8,374,3
BP06058,Gucci,99,8,324,5
BP06059,Gucci,72,7,241,2
BP06060,Gucci,68,5,267,0
BP06061,Gucci,94,8,303,0
BP06062,Gucci,129,5,395,7
BP06063,Gucci,97,21,309,34
BP06064,Gucci,89,5,382,1
BP06065,Gucci,46,24,192,1
BP06066,Gucci,35,5,89,0
BP06067,Gucci,83,22,213,7
BP06068,Gucci,73,12,280,0
BP06069,Gucci,288,77,1068,25
BP06070,Gucci,52,10,158,5
BP06071,Gucci,385,33,1364,21
BP06072,Gucci,202,38,1399,122
BP06073,Gucci,2276,93,4750,62
BP06074,Gucci,2805,171,4874,157
BP06075,Gucci,5072,301,8802,368
BP06076,Gucci,100,10,317,12
BP06077,Gucci,89,8,361,4
BP06078,Gucci,76,9,319,0
BP06079,Gucci,81,8,277,1
BP06080,Gucci,86,12,307,4
BP06081,Gucci,63,13,290,2
BP06082,Gucci,74,11,254,2
BP06083,Gucci,101,13,387,5
BP06084,Gucci,71,6,257,1
BP06085,Gucci,73,8,266,9
BP06086,Gucci,35,7,207,1
BP06087,Gucci,71,19,467,4
BP06088,Gucci,155,45,838,9
BP06089,Gucci,27,7,120,1
BP06090,Gucci,54,18,551,5
BP06091,Gucci,57,12,352,8
BP06092,Gucci,54,14,333,3
BP06093,Gucci,97,14,472,8
BP06094,Gucci,151,20,587,38
BP06095,Gucci,142,30,802,39
BP06096,Gucci,433,31,1017,145
BP06097,Gucci,45,6,244,3
BP06098,Gucci,79,21,372,7
BP06099,Gucci,46,3,281,3
BP06100,Gucci,41,5,222,1
BP06101,Gucci,306,45,1381,11
BP06102,Gucci,11,3,76,0
BP06103,Gucci,46,6,308,3
BP06104,Gucci,17,4,135,0
BP06105,Gucci,61,22,464,1
BP06106,Gucci,17,5,121,3
BP06107,Gucci,26,8,186,3
BP06108,Gucci,68,20,433,13
BP06109,Gucci,23,1,124,1
BP06110,Gucci,22,6,160,1
BP06111,Gucci,12,2,94,3
BP06112,Gucci,44,13,313,5
BP06113,Gucci,20,5,125,2
BP06114,Gucci,26,10,139,0
BP06115,Gucci,139,42,507,38
BP06116,Gucci,12,0,66,1
BP06117,Gucci,132,23,768,11
BP06118,Gucci,21,6,165,3
BP06119,Gucci,30,6,271,2
BP06120,Gucci,2367,44,15007,68
BP06121,Gucci,778,24,4987,61
BP06122,Gucci,30,8,144,5
BP06123,Gucci,2317,67,14384,244
BP06124,Gucci,2578,84,12976,237
BP06125,Gucci,173,26,1356,7
BP06126,Gucci,56,7,332,1
BP06127,Gucci,18,7,107,1
BP06128,Gucci,33,2,245,1
BP06129,Gucci,49,2,292,0
BP06130,Gucci,18,4,164,2
BP06131,Gucci,41,7,288,2
BP06132,Gucci,70,6,544,6
BP06133,Gucci,56,8,452,4
BP06134,Gucci,45,8,390,5
BP06135,Gucci,33,9,179,1
BP06136,Gucci,77,13,467,3
BP06137,Gucci,57,10,378,4
BP06138,Gucci,117,13,697,10
BP06139,Gucci,72,14,496,9
BP06140,Gucci,11,3,79,0
BP06141,Gucci,9,4,92,0
BP06142,Gucci,97,21,463,13
BP06143,Gucci,77,5,288,27
BP06144,Gucci,96,11,481,13
BP06145,Gucci,38,6,389,2
BP06146,Gucci,46,12,631,3
BP06147,Gucci,89,9,734,8
BP06148,Gucci,28,7,279,2
BP06149,Gucci,34,5,343,2
BP06150,Gucci,55,16,559,7
BP06151,Gucci,65,8,425,1
BP06152,Gucci,61,6,435,5
BP06153,Gucci,68,11,466,4
BP06154,Gucci,30,11,252,3
BP06155,Gucci,44,7,329,2
BP06156,Gucci,52,6,351,0
BP06157,Gucci,69,11,443,2
BP06158,Gucci,1818,320,3998,205
BP06159,Gucci,33,6,273,2
BP06160,Gucci,37,2,293,4
BP06161,Gucci,2189,75,9512,141
BP06162,Gucci,2459,142,4345,87
BP06163,Gucci,991,92,2996,60
BP06164,Gucci,40,5,287,4
BP06165,Gucci,26,3,236,2
BP06166,Gucci,38,2,275,1
BP06167,Gucci,38,8,247,2
BP06168,Gucci,54,14,321,7
BP06169,Gucci,36,9,247,3
BP06170,Gucci,62,18,457,3
BP06171,Gucci,39,4,240,3
BP06172,Gucci,78,14,361,12
BP06173,Gucci,37,9,233,1
BP06174,Gucci,116,12,725,12
BP06175,Gucci,77,15,541,3
BP06176,Gucci,58,11,356,4
BP06177,Gucci,52,10,517,4
BP06178,Gucci,41,10,317,1
BP06179,Gucci,35,10,278,1
BP06180,Gucci,41,9,204,1
BP06181,Gucci,32,10,249,1
BP06182,Gucci,44,8,318,5
BP06183,Gucci,383,54,2519,51
BP06184,Gucci,29,8,221,4
BP06185,Gucci,27,9,158,3
BP06186,Gucci,48,11,350,6
BP06187,Gucci,33,10,239,4
BP06188,Gucci,42,11,234,2
BP06189,Gucci,69,17,563,11
BP06190,Gucci,102,21,467,29
BP06191,Gucci,51,5,324,2
BP06192,Gucci,133,42,914,20
BP06193,Gucci,34,1,263,2
BP06194,Gucci,56,12,287,0
BP06195,Gucci,47,10,344,1
BP06196,Gucci,2919,211,8174,272
BP06197,Gucci,59,9,434,5
BP06198,Gucci,57,10,654,6
BP06199,Gucci,82,21,602,13
BP06200,Gucci,37,5,326,1
BP06201,Gucci,120,4,406,7
BP06202,Gucci,82,65,571,20
BP06203,Gucci,19,3,215,1
BP06204,Gucci,144,15,1135,27
BP06205,Gucci,79,14,685,10
BP06206,Gucci,39,8,271,3
BP06207,Gucci,34,0,245,5
BP06208,Gucci,36,4,280,2
BP06209,Gucci,383,805,3772,164
BP06210,Gucci,72,10,515,6
BP06211,Gucci,16,1,122,0
BP06212,Gucci,108,13,674,7
BP06213,Gucci,23,5,226,1
BP06214,Gucci,14,1,212,3
BP06215,Gucci,35,2,279,2
BP06216,Gucci,5,0,43,0
BP06217,Gucci,7,4,84,0
BP06218,Gucci,59,18,309,10
BP06219,Gucci,1652,41,12396,89
BP06220,Gucci,510,86,3238,299
BP06221,Gucci,16,0,240,0
BP06222,Gucci,53,5,351,4
BP06223,Gucci,43,3,270,4
BP06224,Gucci,50,8,419,5
BP06225,Gucci,44,3,328,11
BP06226,Gucci,198,27,1414,47
BP06227,Gucci,40,9,314,23
BP06228,Gucci,39,6,393,1
BP06229,Gucci,26,3,310,3
BP06230,Gucci,53,5,384,5
BP06231,Gucci,36,2,398,4
BP06232,Gucci,162,18,683,11
BP06233,Gucci,47,2,430,1
BP06234,Gucci,41,21,477,4
BP06235,Gucci,18,2,209,0
BP06236,Gucci,88,10,764,6
BP06237,Gucci,35,5,271,4
BP06238,Gucci,38,6,317,6
BP06239,Gucci,44,5,288,5
BP06240,Gucci,61,15,561,1
BP06241,Gucci,67,6,559,8
BP06242,Gucci,96,9,832,14
BP06243,Gucci,47,5,454,6
BP06244,Gucci,38,5,226,6
BP06245,Gucci,64,4,533,8
BP06246,Gucci,18,2,266,1
BP06247,Gucci,30,11,629,8
BP06248,Gucci,30,4,351,4
BP06249,Gucci,49,7,554,6
BP06250,Gucci,78,14,647,12
BP06251,Gucci,190,26,1126,10
BP06252,Gucci,60,3,356,9
BP06253,Gucci,81,23,609,40
BP06254,Gucci,63,14,555,5
BP06255,Gucci,49,4,385,2
BP06256,Gucci,81,12,544,6
BP06257,Gucci,40,7,364,4
BP06258,Gucci,91,17,660,10
BP06259,Gucci,77,18,678,4
BP06260,Gucci,44,10,444,4
BP06261,Gucci,85,13,759,13
BP06262,Gucci,303,20,2460,38
BP06263,Gucci,174,13,1351,27
BP06264,Gucci,29,12,368,3
BP06265,Gucci,13,12,203,2
BP06266,Gucci,15,6,162,0
BP06267,Gucci,32,9,272,1
BP06268,Gucci,13,4,188,0
BP06269,Gucci,13,4,182,2
BP06270,Gucci,400,65,3679,46
BP06271,Gucci,13,1,171,1
BP06272,Gucci,6,7,157,0
BP06273,Gucci,17,1,188,4
BP06274,Gucci,25,3,206,0
BP06275,Gucci,154,7,685,58
BP06276,Gucci,101,4,464,14
BP06277,Gucci,49,8,336,7
BP06278,Gucci,96,27,562,23
BP06279,Gucci,77,5,482,10
BP06280,Gucci,77,14,611,10
BP06281,Gucci,98,3,800,3
BP06282,Gucci,202,36,677,34
BP06283,Gucci,342,72,1454,204
BP06284,Gucci,44,10,435,1
BP06285,Gucci,44,19,357,4
BP06286,Gucci,81,15,665,2
BP06287,Gucci,54,16,378,3
BP06288,Gucci,103,55,359,18
BP06289,Gucci,51,14,322,2
BP06290,Gucci,40,3,286,6
BP06291,Gucci,35,12,424,5
BP06292,Gucci,31,13,244,2
BP06293,Gucci,38,4,322,6
BP06294,Gucci,50,18,364,10
BP06295,Gucci,78,6,562,15
BP06296,Gucci,45,5,321,5
BP06297,Gucci,35,11,211,2
BP06298,Gucci,19,7,167,3
BP06299,Gucci,27,17,221,4
BP06300,Gucci,26,11,311,1
BP06301,Gucci,102,22,953,9
BP06302,Gucci,60,15,561,3
BP06303,Gucci,45,7,399,2
BP06304,Gucci,55,16,346,3
BP06305,Gucci,53,34,541,4
BP06306,Gucci,186,45,733,19
BP06307,Gucci,93,52,734,8
BP06308,Gucci,61,25,456,1
BP06309,Gucci,66,14,397,6
BP06310,Gucci,35,24,371,2
BP06311,Gucci,216,15,1384,9
BP06312,Gucci,39,15,463,5
BP06313,Gucci,78,14,639,8
BP06314,Gucci,200,7,1169,13
BP06315,Gucci,36,9,421,5
BP06316,Gucci,108,11,1155,25
BP06317,Gucci,45,12,417,8
BP06318,Gucci,57,9,557,13
BP06319,Gucci,103,16,853,17
BP06320,Gucci,277,49,1793,102
BP06321,Gucci,39,32,366,2
BP06322,Gucci,42,5,357,4
BP06323,Gucci,43,6,474,2
BP06324,Gucci,35,8,292,1
BP06325,Gucci,85,15,763,1
BP06326,Gucci,115,66,437,26
BP06327,Gucci,33,7,262,3
BP06328,Gucci,64,5,358,4
BP06329,Gucci,87,14,578,9
BP06330,Gucci,154,10,731,26
BP06331,Gucci,67,4,453,1
BP06332,Gucci,26,2,222,3
BP06333,Gucci,1466,24,8507,27
BP06334,Gucci,44,3,439,2
BP06335,Gucci,54,10,333,3
BP06336,Gucci,64,7,514,5
BP06337,Gucci,75,18,415,3
BP06338,Gucci,33,12,216,6
BP06339,Gucci,83,10,680,8
BP06340,Gucci,40,8,365,6
BP06341,Gucci,44,10,427,4
BP06342,Gucci,44,7,339,1
BP06343,Gucci,3841,85,23925,137
BP06344,Gucci,78,23,702,6
BP06345,Gucci,74,10,562,4
BP06346,Gucci,79,18,710,8
BP06347,Gucci,75,5,463,4
BP06348,Gucci,26,2,234,3
BP06349,Gucci,78,4,387,4
BP06350,Gucci,131,20,995,8
BP06351,Gucci,51,10,470,3
BP06352,Gucci,46,3,473,2
BP06353,Gucci,58,10,543,5
BP06354,Gucci,40,6,271,3
BP06355,Gucci,55,7,326,4
BP06356,Gucci,56,4,375,3
BP06357,Gucci,226,19,1679,23
BP06358,Gucci,332,32,4506,75
BP06359,Gucci,48,7,422,6
BP06360,Gucci,3199,63,17770,89
BP06361,Gucci,31,9,281,2
BP06362,Gucci,159,38,1679,59
BP06363,Gucci,58,17,418,14
BP06364,Gucci,50,7,256,7
BP06365,Gucci,46,3,411,3
BP06366,Gucci,91,10,537,5
BP06367,Gucci,116,19,778,12
BP06368,Gucci,51,12,403,3
BP06369,Gucci,45,6,375,3
BP06370,Gucci,100,15,693,8
BP06371,Gucci,59,7,484,3
BP06372,Gucci,43,7,383,6
BP06373,Gucci,52,1,275,5
BP06374,Gucci,47,0,406,2
BP06375,Gucci,50,4,435,8
BP06376,Gucci,48,8,463,10
BP06377,Gucci,41,5,376,2
BP06378,Gucci,586,248,10375,105
BP06379,Gucci,55,7,432,3
BP06380,Gucci,35,7,213,3
BP06381,Gucci,154,23,1114,29
BP06382,Gucci,59,10,427,3
BP06383,Gucci,36,7,349,1
BP06384,Gucci,89,13,996,5
BP06385,Gucci,104,14,843,22
BP06386,Gucci,38,3,343,6
BP06387,Gucci,46,11,309,3
BP06388,Gucci,70,6,524,8
BP06389,Gucci,99,7,665,14
BP06390,Gucci,68,9,423,11
BP06391,Gucci,46,12,332,4
BP06392,Gucci,21,18,135,3
BP06393,Gucci,53,9,376,4
BP06394,Gucci,57,6,333,5
BP06395,Gucci,100,12,517,16
BP06396,Gucci,90,15,556,7
BP06397,Gucci,61,10,697,5
BP06398,Gucci,543,66,4856,11
BP06399,Gucci,25,3,246,5
BP06400,Gucci,89,5,509,6
BP06401,Gucci,31,7,372,5
BP06402,Gucci,32,7,299,3
BP06403,Gucci,36,5,469,5
BP06404,Gucci,25,7,273,2
BP06405,Gucci,40,1,377,3
BP06406,Gucci,101,11,839,17
BP06407,Gucci,28,3,331,4
BP06408,Gucci,59,10,644,7
BP06409,Gucci,56,10,407,3
BP06410,Gucci,86,14,720,13
BP06411,Gucci,41,11,359,8
BP06412,Gucci,77,4,584,8
BP06413,Gucci,41,4,340,2
BP06414,Gucci,13,8,55,1
BP06415,Gucci,54,6,451,3
BP06416,Gucci,187,75,837,34
BP06417,Gucci,370,111,1335,56
BP06418,Gucci,60,13,536,5
BP06419,Gucci,41,2,253,1
BP06420,Gucci,69,15,565,4
BP06421,Gucci,37,6,386,5
BP06422,Gucci,194,15,1237,15
BP06423,Gucci,28,17,225,6
BP06424,Gucci,356,25,1458,44
BP06425,Gucci,50,5,388,4
BP06426,Gucci,34,5,350,2
BP06427,Gucci,29,9,338,4
BP06428,Gucci,27,4,319,2
BP06429,Gucci,78,11,639,8
BP06430,Gucci,61,23,351,12
BP06431,Gucci,47,4,439,5
BP06432,Gucci,114,21,1179,8
BP06433,Gucci,45,8,459,4
BP06434,Gucci,59,15,685,10
BP06435,Gucci,83,39,420,12
BP06436,Gucci,27,5,298,1
BP06437,Gucci,25,3,282,2
BP06438,Gucci,0,1,7,1
BP06439,Gucci,30,4,385,1
BP06440,Gucci,83,31,395,9
BP06441,Gucci,51,12,531,6
BP06442,Gucci,140,59,685,26
BP06443,Gucci,202,24,1161,11
BP06444,Gucci,45,3,413,3
BP06445,Gucci,31,9,405,4
BP06446,Gucci,46,6,489,7
BP06447,Gucci,49,10,492,5
BP06448,Gucci,35,5,392,5
BP06449,Gucci,53,6,560,2
BP06450,Gucci,14,11,112,2
BP06451,Gucci,2,1,17,0
BP06452,Gucci,147,45,791,30
BP06453,Gucci,48,6,343,6
BP06454,Gucci,158,35,707,31
BP06455,Gucci,283,50,1016,58
BP06456,Gucci,45,5,302,0
BP06457,Gucci,202,17,1078,21
BP06458,Gucci,35,2,355,6
BP06459,Gucci,19,14,258,1
BP06460,Gucci,50,8,375,2
BP06461,Gucci,6283,280,13225,343
BP06462,Gucci,1388,117,4009,123
BP06463,Gucci,10513,535,22613,637
BP06464,Gucci,73,10,563,6
BP06465,Gucci,216,20,1689,36
BP06466,Gucci,27,6,401,2
BP06467,Gucci,128,35,925,33
BP06468,Gucci,41,9,476,4
BP06469,Gucci,121,16,1054,14
BP06470,Gucci,34,18,470,3
BP06471,Gucci,43,5,378,5
BP06472,Gucci,38,7,306,4
BP06473,Gucci,21,0,0,0
BP06474,Gucci,57,8,533,2
BP06475,Gucci,70,8,665,7
BP06476,Gucci,44,3,363,1
BP06477,Gucci,4,0,46,1
BP06478,Gucci,45,8,528,3
BP06479,Gucci,59,13,621,12
BP06480,Gucci,55,5,693,8
BP06481,Gucci,6,0,13,0
BP06482,Gucci,26,11,346,0
BP06483,Gucci,150,27,1359,27
BP06484,Gucci,41,7,393,10
BP06485,Gucci,73,14,702,12
BP06486,Gucci,41,0,0,0
BP06487,Gucci,57,12,416,5
BP06488,Gucci,140,31,1298,17
BP06489,Gucci,97,14,565,10
BP06490,Gucci,75,7,484,7
BP06491,Gucci,57,11,583,3
BP06492,Gucci,75,15,724,11
BP06493,Gucci,108,7,767,16
BP06494,Gucci,122,3,960,9
BP06495,Gucci,167,28,1174,12
BP06496,Gucci,468,38,1935,135
BP06497,Gucci,24,13,264,3
BP06498,Gucci,37,48,379,13
BP06499,Gucci,12,3,199,1
BP06500,Gucci,29,5,232,2
BP06501,Gucci,42,19,400,10
BP06502,Gucci,8,4,129,0
BP06503,Gucci,308,109,2204,99
BP06504,Gucci,33,7,303,6
BP06505,Gucci,114,5,758,10
BP06506,Gucci,227,128,740,36
BP06507,Gucci,58,3,361,4
BP06508,Gucci,13,2,87,1
BP06509,Gucci,13,3,201,3
BP06510,Gucci,69,3,452,8
BP06511,Gucci,179,27,802,24
BP06512,Gucci,63,9,667,10
BP06513,Gucci,95,5,721,7
BP06514,Gucci,28,4,282,2
BP06515,Gucci,46,7,492,2
BP06516,Gucci,133,25,1017,13
BP06517,Gucci,272,97,1258,51
BP06518,Gucci,49,9,593,2
BP06519,Gucci,278,21,1343,36
BP06520,Gucci,335,0,0,0
BP06521,Gucci,669,255,4397,44
BP06522,Gucci,135,12,834,16
BP06523,Gucci,11,0,0,0
BP06524,Gucci,28,3,339,5
BP06525,Gucci,55,6,533,3
BP06526,Gucci,73,53,576,16
BP06527,Gucci,55,14,613,2
BP06528,Gucci,17,4,256,2
BP06529,Gucci,9,3,90,0
BP06530,Gucci,8,1,83,0
BP06531,Gucci,4,1,35,0
BP06532,Gucci,3,1,33,0
BP06533,Gucci,3,1,36,0
BP06534,Gucci,4,1,40,0
BP06535,Gucci,4,1,33,0
BP06536,Gucci,10,1,42,1
BP06537,Gucci,1,1,33,0
BP06538,Gucci,2,1,35,0
BP06539,Gucci,26,6,285,12
BP06540,Gucci,31,4,220,4
BP06541,Gucci,65,8,510,21
BP06542,Gucci,56,7,534,5
BP06543,Gucci,57,6,572,6
BP06544,Gucci,61,10,483,6
BP06545,Gucci,51,3,485,2
BP06546,Gucci,35,10,391,3
BP06547,Gucci,67,4,519,11
BP06548,Gucci,87,9,1323,6
BP06549,Gucci,147,12,998,3
BP06550,Gucci,65,14,665,9
BP06551,Gucci,69,9,639,5
BP06552,Gucci,76,12,696,25
BP06553,Gucci,32,5,383,4
BP06554,Gucci,62,6,543,3
BP06555,Gucci,63,6,844,5
BP06556,Gucci,34,10,431,3
BP06557,Gucci,32,2,409,2
BP06558,Gucci,59,10,514,7
BP06559,Gucci,46,3,323,3
BP06560,Gucci,559,160,1737,186
BP06561,Gucci,48,98,276,2
BP06562,Gucci,55,212,310,1
BP06563,Gucci,4674,359,9514,211
BP06564,Gucci,5478,424,9675,338
BP06565,Gucci,5903,577,11178,456
BP06566,Gucci,52,7,501,6
BP06567,Gucci,38,2,396,1
BP06568,Gucci,60,2,565,12
BP06569,Gucci,62,6,554,6
BP06570,Gucci,60,8,674,3
BP06571,Gucci,218,25,1613,15
BP06572,Gucci,77,6,647,5
BP06573,Gucci,52,8,585,7
BP06574,Gucci,119,14,1103,7
BP06575,Gucci,242,27,1727,27
BP06576,Gucci,37,6,514,9
BP06577,Gucci,90,0,0,0
BP06578,Gucci,172,18,1417,13
BP06579,Gucci,94,28,488,21
BP06580,Gucci,99,40,568,13
BP06581,Gucci,171,54,979,53
BP06582,Gucci,2,0,28,0
BP06583,Gucci,79,17,689,6
BP06584,Gucci,49,4,512,1
BP06585,Gucci,55,6,524,6
BP06586,Gucci,42,22,470,4
BP06587,Gucci,50,7,412,4
BP06588,Gucci,40,5,417,3
BP06589,Gucci,52,8,435,2
BP06590,Gucci,40,3,415,2
BP06591,Gucci,43,9,367,0
BP06592,Gucci,44,6,521,4
BP06593,Gucci,40,3,406,3
BP06594,Gucci,64,6,382,3
BP06595,Gucci,46,5,480,2
BP06596,Gucci,65,15,620,8
BP06597,Gucci,47,5,465,6
BP06598,Gucci,68,4,559,2
BP06599,Gucci,444,39,3188,32
BP06600,Gucci,340,22,2344,29
BP06601,Gucci,824,69,5067,88
BP06602,Gucci,75,13,670,5
BP06603,Gucci,88,10,797,2
BP06604,Gucci,67,22,661,11
BP06605,Gucci,66,11,482,8
BP06606,Gucci,105,8,728,32
BP06607,Gucci,12,37,179,0
BP06608,Gucci,107,65,662,18
BP06609,Gucci,17,4,182,0
BP06610,Gucci,318,187,1200,141
BP06611,Gucci,29,3,370,2
BP06612,Gucci,54,12,617,3
BP06613,Gucci,68,39,472,6
BP06614,Gucci,24,8,71,5
BP06615,Gucci,46,7,379,6
BP06616,Gucci,68,21,615,2
BP06617,Gucci,560,79,1493,47
BP06618,Gucci,1894,156,3728,109
BP06619,Gucci,3810,399,7413,188
BP06620,Gucci,413,145,1242,91
BP06621,Gucci,178,78,703,24
BP06622,Gucci,51,12,383,11
BP06623,Gucci,391,100,1264,106
BP06624,Gucci,43,2,456,2
BP06625,Gucci,80,5,698,6
BP06626,Gucci,31,0,0,0
BP06627,Gucci,47,4,464,0
BP06628,Gucci,50,5,511,6
BP06629,Gucci,52,3,590,2
BP06630,Gucci,42,5,482,1
BP06631,Gucci,71,15,763,8
BP06632,Gucci,42,5,487,0
BP06633,Gucci,80,9,773,1
BP06634,Gucci,48,8,486,1
BP06635,Gucci,50,8,473,5
BP06636,Gucci,71,6,651,10
BP06637,Gucci,101,35,636,4
BP06638,Gucci,15377,512,28715,569
BP06639,Gucci,62,6,527,6
BP06640,Gucci,90,7,621,5
BP06641,Gucci,66,8,598,3
BP06642,Gucci,66,9,598,9
BP06643,Gucci,77,13,813,4
BP06644,Gucci,61,12,651,2
BP06645,Gucci,127,20,1278,2
BP06646,Gucci,3338,300,6496,311
BP06647,Gucci,97,21,797,14
BP06648,Gucci,143,48,1211,13
BP06649,Gucci,96,27,633,17
BP06650,Gucci,180,57,1486,21
BP06651,Gucci,126,8,915,6
BP06652,Gucci,116,25,1824,23
BP06653,Gucci,225,76,1441,39
BP06654,Gucci,140,13,1063,4
BP06655,Gucci,122,101,1274,75
BP06656,Gucci,144,12,1230,11
BP06657,Gucci,96,22,1383,5
BP06658,Gucci,46,6,472,3
BP06659,Gucci,75,8,880,6
BP06660,Gucci,94,21,945,9
BP06661,Gucci,70,13,877,8
BP06662,Gucci,171,19,1495,37
BP06663,Gucci,390,101,1179,135
BP06664,Gucci,68,10,649,9
BP06665,Gucci,101,17,976,15
BP06666,Gucci,85,5,758,8
BP06667,Gucci,66,18,695,14
BP06668,Gucci,117,19,903,16
BP06669,Gucci,75,10,634,19
BP06670,Gucci,101,12,988,10
BP06671,Gucci,84,11,1098,15
BP06672,Gucci,81,3,571,7
BP06673,Gucci,129,22,1961,11
BP06674,Gucci,45,9,600,5
BP06675,Gucci,40,3,443,9
BP06676,Gucci,108,36,837,27
BP06677,Gucci,64,7,475,2
BP06678,Gucci,42,4,499,3
BP06679,Gucci,60,10,576,6
BP06680,Gucci,56,6,572,4
BP06681,Gucci,41,8,503,2
BP06682,Gucci,117,16,1023,3
BP06683,Gucci,87,23,867,4
BP06684,Gucci,55,20,625,6
BP06685,Gucci,37,7,382,3
BP06686,Gucci,44,8,513,8
BP06687,Gucci,59,11,643,12
BP06688,Gucci,56,6,567,6
BP06689,Gucci,43,7,360,2
BP06690,Gucci,71,7,752,9
BP06691,Gucci,37,4,341,1
BP06692,Gucci,25,6,350,1
BP06693,Gucci,54,10,576,7
BP06694,Gucci,287,29,2494,19
BP06695,Gucci,70,7,524,7
BP06696,Gucci,60,14,674,12
BP06697,Gucci,48,7,409,3
BP06698,Gucci,2752,122,6232,135
BP06699,Gucci,3264,214,7540,304
BP06700,Gucci,52,65,529,4
BP06701,Gucci,35,19,326,7
BP06702,Gucci,32,10,479,6
BP06703,Gucci,132,6,908,12
BP06704,Gucci,7175,890,13414,705
BP06705,Gucci,31,7,483,8
BP06706,Gucci,43,6,349,3
BP06707,Gucci,102,7,692,6
BP06708,Gucci,107,20,841,17
BP06709,Gucci,34,9,577,1
BP06710,Gucci,67,10,735,4
BP06711,Gucci,81,18,804,7
BP06712,Gucci,31,6,314,1
BP06713,Gucci,64,9,572,11
BP06714,Gucci,78,15,938,30
BP06715,Gucci,1,0,14,0
BP06716,Gucci,30,8,404,2
BP06717,Gucci,5,0,28,0
BP06718,Gucci,17234,325,29793,597
BP06719,Gucci,14431,475,21432,834
BP06720,Gucci,14365,730,21413,1344
BP06721,Gucci,29,4,429,4
BP06722,Gucci,1151,52,8356,129
BP06723,Gucci,168,4,1092,13
BP06724,Gucci,44,7,529,11
BP06725,Gucci,78,7,946,2
BP06726,Gucci,47,5,550,11
BP06727,Gucci,67,2,509,9
BP06728,Gucci,54,4,491,6
BP06729,Gucci,89,3,524,7
BP06730,Gucci,464,7,2659,14
BP06731,Gucci,165,10,1539,30
BP06732,Gucci,126,23,1568,9
BP06733,Gucci,53,7,436,2
BP06734,Gucci,82,17,685,5
BP06735,Gucci,79,8,748,10
BP06736,Gucci,281,35,6928,16
BP06737,Gucci,47,3,406,4
BP06738,Gucci,40,4,452,4
BP06739,Gucci,52,5,691,7
BP06740,Gucci,43,1,441,3
BP06741,Gucci,45,4,572,10
BP06742,Gucci,51,8,614,6
BP06743,Gucci,105,7,1024,6
BP06744,Gucci,39,3,484,4
BP06745,Gucci,55,6,636,1
BP06746,Gucci,43,5,538,6
BP06747,Gucci,1667,52,10251,41
BP06748,Gucci,50,6,523,4
BP06749,Gucci,70,9,577,9
BP06750,Gucci,84,8,687,6
BP06751,Gucci,38,6,509,4
BP06752,Gucci,37,3,424,1
BP06753,Gucci,42,4,543,4
BP06754,Gucci,60,13,720,7
BP06755,Gucci,87,8,861,7
BP06756,Gucci,145,9,922,37
BP06757,Gucci,54,7,527,6
BP06758,Gucci,71,8,690,4
BP06759,Gucci,42,3,466,3
BP06760,Gucci,75,8,664,6
BP06761,Gucci,33,3,490,3
BP06762,Gucci,1711,392,8264,1197
BP06763,Gucci,37,3,425,4
BP06764,Gucci,47,7,595,4
BP06765,Gucci,66,3,585,3
BP06766,Gucci,312,13,1746,45
BP06767,Gucci,268,18,1505,33
BP06768,Gucci,367,17,1570,34
BP06769,Gucci,460,23,2536,66
BP06770,Gucci,394,22,1958,54
BP06771,Gucci,402,25,1997,111
BP06772,Gucci,745,66,4597,50
BP06773,Gucci,29,4,401,2
BP06774,Gucci,49,6,432,3
BP06775,Gucci,312,32,2263,28
BP06776,Gucci,27,8,252,1
BP06777,Gucci,36,6,407,6
BP06778,Gucci,75,4,871,7
BP06779,Gucci,93,10,536,26
BP06780,Gucci,13,5,233,4
BP06781,Gucci,12,5,206,3
BP06782,Gucci,11,2,190,0
BP06783,Gucci,5,4,148,1
BP06784,Gucci,19,5,312,9
BP06785,Gucci,19,1,232,8
BP06786,Gucci,72,12,596,20
BP06787,Gucci,9,4,177,1
BP06788,Gucci,103,37,580,42
BP06789,Gucci,8,5,172,0
BP06790,Gucci,15,4,250,5
BP06791,Gucci,146,16,1000,35
BP06792,Gucci,85,0,0,0
BP06793,Gucci,49,5,776,5
BP06794,Gucci,56,5,686,6
BP06795,Gucci,33,13,452,3
BP06796,Gucci,44,1,577,7
BP06797,Gucci,232,18,1974,45
BP06798,Gucci,88,9,908,9
BP06799,Gucci,98,10,991,14
BP06800,Gucci,53,11,835,7
BP06801,Gucci,50,10,586,3
BP06802,Gucci,62,3,708,11
BP06803,Gucci,3816,0,0,0
BP06804,Gucci,139,0,0,0
BP06805,Gucci,33,11,431,5
BP06806,Gucci,36,3,481,7
BP06807,Gucci,137,12,1198,11
BP06808,Gucci,138,14,1045,15
BP06809,Gucci,48,6,807,8
BP06810,Gucci,283,12,2864,33
BP06811,Gucci,60,4,715,7
BP06812,Gucci,102,11,948,11
BP06813,Gucci,14,5,304,2
BP06814,Gucci,15,4,267,5
BP06815,Gucci,107,9,592,20
BP06816,Gucci,2,0,7,0
BP06817,Gucci,77,4,450,37
BP06818,Gucci,101,7,1073,6
BP06819,Gucci,1029,485,3356,169
BP06820,Gucci,173,16,1355,30
BP06821,Gucci,0,0,7,0
BP06822,Gucci,8,2,271,5
BP06823,Gucci,4,2,86,9
BP06824,Gucci,0,0,3,0
BP06825,Gucci,0,0,4,0
BP06826,Gucci,10,5,268,6
BP06827,Gucci,34,3,363,8
BP06828,Gucci,51,3,380,6
BP06829,Gucci,210,34,1418,23
BP06830,Gucci,112,16,764,12
BP06831,Gucci,2868,51,14384,92
BP06832,Gucci,85,15,754,2
BP06833,Gucci,5026,161,22542,295
BP06834,Gucci,59,5,584,6
BP06835,Gucci,155,21,1041,27
BP06836,Gucci,53,3,574,4
BP06837,Gucci,1814,167,4375,111
BP06838,Gucci,396,21,2708,12
BP06839,Gucci,57,5,607,22
BP06840,Gucci,156,11,1103,4
BP06841,Gucci,57,8,583,1
BP06842,Gucci,114,10,769,11
BP06843,Gucci,59,9,726,4
BP06844,Gucci,82,5,605,5
BP06845,Gucci,42,14,483,4
BP06846,Gucci,86,11,839,21
BP06847,Gucci,81,11,838,3
BP06848,Gucci,78,12,970,8
BP06849,Gucci,65,10,830,4
BP06850,Gucci,45,9,579,4
BP06851,Gucci,7062,533,15336,414
BP06852,Gucci,7886,676,14717,529
BP06853,Gucci,14095,2394,22765,2514
BP06854,Gucci,30,9,469,3
BP06855,Gucci,57,4,568,7
BP06856,Gucci,25,3,287,0
BP06857,Gucci,69,5,751,3
BP06858,Gucci,50,5,644,4
BP06859,Gucci,25,4,394,1
BP06860,Gucci,31,2,440,4
BP06861,Gucci,38,7,479,5
BP06862,Gucci,66,9,817,6
BP06863,Gucci,41,4,538,5
BP06864,Gucci,37,4,491,1
BP06865,Gucci,42,3,530,3
BP06866,Gucci,51,9,772,10
BP06867,Gucci,23,0,0,0
BP06868,Gucci,62,0,0,0
BP06869,Gucci,90,5,863,12
BP06870,Gucci,41,7,574,2
BP06871,Gucci,45,3,641,5
BP06872,Gucci,33,2,470,5
BP06873,Gucci,57,6,555,2
BP06874,Gucci,167,9,1134,11
BP06875,Gucci,150,13,1849,12
BP06876,Gucci,32,3,549,2
BP06877,Gucci,32,4,417,4
BP06878,Gucci,65,3,627,14
BP06879,Gucci,20,5,385,4
BP06880,Gucci,232,200,2798,145
BP06881,Gucci,37,3,367,3
BP06882,Gucci,28,1,262,1
BP06883,Gucci,35,4,522,4
BP06884,Gucci,33,3,421,1
BP06885,Gucci,180,3,1120,24
BP06886,Gucci,19,8,343,0
BP06887,Gucci,101,9,1077,31
BP06888,Gucci,62,10,566,7
BP06889,Gucci,74,4,766,7
BP06890,Gucci,36,4,515,3
BP06891,Gucci,77,11,681,35
BP06892,Gucci,47,5,741,2
BP06893,Gucci,37,4,517,5
BP06894,Gucci,49,2,514,3
BP06895,Gucci,62,3,724,21
BP06896,Gucci,2,1,9,0
BP06897,Gucci,34,6,589,3
BP06898,Gucci,39,2,402,0
BP06899,Gucci,6,0,32,0
BP06900,Gucci,47,6,577,1
BP06901,Gucci,42,5,395,4
BP06902,Gucci,178,3,1504,15
BP06903,Gucci,82,15,1383,2
BP06904,Gucci,56,8,907,3
BP06905,Gucci,86,13,1756,2
BP06906,Gucci,20,1,279,0
BP06907,Gucci,56,5,742,4
BP06908,Gucci,61,5,708,6
BP06909,Gucci,37,3,574,4
BP06910,Gucci,24,2,475,2
BP06911,Gucci,532,95,5630,194
BP06912,Gucci,39,3,480,2
BP06913,Gucci,233,30,3106,30
BP06914,Gucci,29,3,341,7
BP06915,Gucci,48,5,269,7
BP06916,Gucci,27,4,380,0
BP06917,Gucci,32,4,417,1
BP06918,Gucci,48,10,463,4
BP06919,Gucci,23,3,371,1
BP06920,Gucci,16,5,265,2
BP06921,Gucci,192,4,1248,21
BP06922,Gucci,128,26,1449,72
BP06923,Gucci,12,0,157,1
BP06924,Gucci,32,8,577,3
BP06925,Gucci,26,1,316,0
BP06926,Gucci,26,4,349,1
BP06927,Gucci,12,1,337,0
BP06928,Gucci,2116,50,10090,155
BP06929,Gucci,42,8,919,4
BP06930,Gucci,119,5,1159,8
BP06931,Gucci,21,4,271,1
BP06932,Gucci,23,2,426,2
BP06933,Gucci,46,3,568,5
BP06934,Gucci,55,10,582,2
BP06935,Gucci,63,11,552,2
BP06936,Gucci,25,4,410,3
BP06937,Gucci,78,26,634,9
BP06938,Gucci,69,11,730,3
BP06939,Gucci,55,7,446,2
BP06940,Gucci,64,3,618,1
BP06941,Gucci,54,5,482,4
BP06942,Gucci,15,6,336,2
BP06943,Gucci,19,4,344,0
BP06944,Gucci,20,6,385,2
BP06945,Gucci,117,12,873,2
BP06946,Gucci,64,11,692,3
BP06947,Gucci,65,3,410,0
BP06948,Gucci,49,8,624,4
BP06949,Gucci,58,6,665,8
BP06950,Gucci,36,3,467,0
BP06951,Gucci,43,10,657,0
BP06952,Gucci,40,7,495,3
BP06953,Gucci,0,0,2,0
BP06954,Gucci,58,10,758,5
BP06955,Gucci,67,5,779,1
BP06956,Gucci,34,5,459,5
BP06957,Gucci,35,3,377,2
BP06958,Gucci,49,10,517,2
BP06959,Gucci,50,4,509,3
BP06960,Gucci,52,12,555,4
BP06961,Gucci,64,2,573,3
BP06962,Gucci,93,9,650,6
BP06963,Gucci,33,10,467,7
BP06964,Gucci,22,5,355,1
BP06965,Gucci,40,3,467,20
BP06966,Gucci,35,8,675,1
BP06967,Gucci,66,5,684,18
BP06968,Gucci,84,7,893,12
BP06969,Gucci,24,4,366,5
BP06970,Gucci,17,4,291,1
BP06971,Gucci,22,4,337,0
BP06972,Gucci,80,4,584,7
BP06973,Gucci,51,18,809,8
BP06974,Gucci,50,4,625,5
BP06975,Gucci,42,5,574,10
BP06976,Gucci,57,1,692,42
BP06977,Gucci,47,12,608,16
BP06978,Gucci,45,7,403,28
BP06979,Gucci,216,28,934,97
BP06980,Gucci,1055,52,6031,493
BP06981,Gucci,77,10,921,11
BP06982,Gucci,58,9,527,21
BP06983,Gucci,100,18,1333,14
BP06984,Gucci,24,4,307,3
BP06985,Gucci,52,11,590,11
BP06986,Gucci,28,2,366,5
BP06987,Gucci,2324,39,17882,58
BP06988,Gucci,10,0,41,1
BP06989,Gucci,42,8,578,5
BP06990,Gucci,0,0,6,0
BP06991,Gucci,30,8,442,2
BP06992,Gucci,88,11,940,5
BP06993,Gucci,148,10,974,5
BP06994,Gucci,123,13,665,12
BP06995,Gucci,66,10,650,4
BP06996,Gucci,241,16,1709,15
BP06997,Gucci,33,4,354,4
BP06998,Gucci,28,3,376,1
BP06999,Gucci,68,11,697,4
BP07000,Gucci,38,5,340,6
BP07001,Gucci,96,13,629,38
BP07002,Gucci,31,8,472,5
BP07003,Gucci,21,4,379,3
BP07004,Gucci,31,5,462,1
BP07005,Gucci,33,9,353,2
BP07006,Gucci,267,47,8407,60
BP07007,Gucci,210,28,5690,22
BP07008,Gucci,49,5,451,4
BP07009,Gucci,46,3,582,3
BP07010,Gucci,157,18,842,16
BP07011,Gucci,81,10,705,2
BP07012,Gucci,584,153,4372,39
BP07013,Gucci,128,11,1211,11
BP07014,Gucci,67,10,682,3
BP07015,Gucci,69,11,713,7
BP07016,Gucci,43,10,568,3
BP07017,Gucci,50,13,876,8
BP07018,Gucci,53,11,652,3
BP07019,Gucci,385,43,988,30
BP07020,Gucci,511,41,1449,26
BP07021,Gucci,351,43,1001,32
BP07022,Gucci,35,3,455,0
BP07023,Gucci,62,9,807,7
BP07024,Gucci,52,1,592,6
BP07025,Gucci,47,2,676,7
BP07026,Gucci,44,3,713,7
BP07027,Gucci,41,2,507,4
BP07028,Gucci,15,0,222,0
BP07029,Gucci,86,4,764,1
BP07030,Gucci,32,0,0,0
BP07031,Gucci,95,5,901,10
BP07032,Gucci,80,8,742,7
BP07033,Gucci,127,13,1542,13
BP07034,Gucci,4,0,11,0
BP07035,Gucci,43,4,497,1
BP07036,Gucci,237,24,1509,17
BP07037,Gucci,45,10,561,2
BP07038,Gucci,47,18,639,2
BP07039,Gucci,46,10,509,0
BP07040,Gucci,32,6,493,1
BP07041,Gucci,2353,116,12978,348
BP07042,Gucci,117,8,1227,16
BP07043,Gucci,81,15,1074,14
BP07044,Gucci,71,6,610,10
BP07045,Gucci,47,5,571,6
BP07046,Gucci,49,8,632,3
BP07047,Gucci,42,4,509,6
BP07048,Gucci,124,4,886,3
BP07049,Gucci,81,5,864,3
BP07050,Gucci,94,5,712,16
BP07051,Gucci,90,1,588,6
BP07052,Gucci,161,8,1279,3
BP07053,Gucci,87,14,1320,4
BP07054,Gucci,939,44,5739,76
BP07055,Gucci,50,4,665,2
BP07056,Gucci,34,1,461,3
BP07057,Gucci,1721,107,6808,203
BP07058,Gucci,61,3,561,5
BP07059,Gucci,381,22,1762,63
BP07060,Gucci,385,28,1793,21
BP07061,Gucci,1260,99,4053,251
BP07062,Gucci,78,5,1009,8
BP07063,Gucci,48,4,532,5
BP07064,Gucci,433,24,2794,98
BP07065,Gucci,551,26,5030,139
BP07066,Gucci,95,9,810,4
BP07067,Gucci,32,4,432,2
BP07068,Gucci,50,3,588,4
BP07069,Gucci,86,11,1164,6
BP07070,Gucci,38,3,575,0
BP07071,Gucci,83,5,954,12
BP07072,Gucci,38,1,576,1
BP07073,Gucci,50,5,510,2
BP07074,Gucci,39,4,586,1
BP07075,Gucci,137,5,957,14
BP07076,Gucci,59,3,584,2
BP07077,Gucci,221,9,1744,16
BP07078,Gucci,81,2,711,8
BP07079,Gucci,77,1,610,6
BP07080,Gucci,94,3,714,9
BP07081,Gucci,148,8,1296,10
BP07082,Gucci,42,4,526,2
BP07083,Gucci,321,37,3712,72
BP07084,Gucci,24,5,361,2
BP07085,Gucci,43,6,515,0
BP07086,Gucci,76,6,749,2
BP07087,Gucci,131,8,1113,14
BP07088,Gucci,34,4,509,1
BP07089,Gucci,43,3,559,1
BP07090,Gucci,512,21,2826,79
BP07091,Gucci,55,3,572,1
BP07092,Gucci,4565,208,9527,450
BP07093,Gucci,4321,357,9197,589
BP07094,Gucci,31,6,558,3
BP07095,Gucci,36,8,549,3
BP07096,Gucci,40,3,483,4
BP07097,Gucci,27,3,426,4
BP07098,Gucci,15,3,408,1
BP07099,Gucci,37,6,584,3
BP07100,Gucci,14,2,418,2
BP07101,Gucci,24,3,437,0
BP07102,Gucci,31,8,503,3
BP07103,Gucci,865,119,10383,256
BP07104,Gucci,39,6,684,4
BP07105,Gucci,73,10,728,8
BP07106,Gucci,49,7,746,0
BP07107,Gucci,85,9,899,8
BP07108,Gucci,98,11,782,9
BP07109,Gucci,31,1,377,2
BP07110,Gucci,25,3,435,1
BP07111,Gucci,42,5,563,1
BP07112,Gucci,38,6,602,3
BP07113,Gucci,32,3,537,3
BP07114,Gucci,56,8,481,3
BP07115,Gucci,53,13,922,3
BP07116,Gucci,50,8,624,3
BP07117,Gucci,54,8,1044,10
BP07118,Gucci,75,10,1224,10
BP07119,Gucci,75,11,1243,7
BP07120,Gucci,55,9,1048,3
BP07121,Gucci,45,6,658,4
BP07122,Gucci,70,10,763,9
BP07123,Gucci,48,6,850,3
BP07124,Gucci,69,4,823,5
BP07125,Gucci,84,9,1061,2
BP07126,Gucci,60,3,688,8
BP07127,Gucci,31,4,426,2
BP07128,Gucci,71,7,593,8
BP07129,Gucci,33,3,463,2
BP07130,Gucci,106,6,967,8
BP07131,Gucci,79,7,721,2
BP07132,Gucci,2974,246,7879,350
BP07133,Gucci,47,3,567,1
BP07134,Gucci,38,3,504,4
BP07135,Gucci,45,6,636,3
BP07136,Gucci,25,8,391,6
BP07137,Gucci,26,2,356,7
BP07138,Gucci,27,7,321,9
BP07139,Gucci,48,2,646,3
BP07140,Gucci,171,16,1534,4
BP07141,Gucci,29,2,538,0
BP07142,Gucci,30,4,347,1
BP07143,Gucci,50,5,734,5
BP07144,Gucci,27,5,380,1
BP07145,Gucci,51,2,529,1
BP07146,Gucci,34,1,521,1
BP07147,Gucci,46,4,705,4
BP07148,Gucci,76,2,818,9
BP07149,Gucci,52,6,685,2
BP07150,Gucci,73,8,786,6
BP07151,Gucci,3444,436,9099,556
BP07152,Gucci,511,75,1516,45
BP07153,Gucci,68,11,585,14
BP07154,Gucci,54,12,718,9
BP07155,Gucci,19,1,475,3
BP07156,Gucci,30,1,614,3
BP07157,Gucci,92,4,1193,10
BP07158,Gucci,71,2,524,8
BP07159,Gucci,63,13,604,8
BP07160,Gucci,73,5,515,5
BP07161,Gucci,40,3,649,9
BP07162,Gucci,62,11,836,8
BP07163,Gucci,50,7,686,6
BP07164,Gucci,48,4,752,3
BP07165,Gucci,53,8,656,6
BP07166,Gucci,47,6,436,4
BP07167,Gucci,738,100,6349,48
BP07168,Gucci,2798,0,0,0
BP07169,Gucci,505,61,2131,30
BP07170,Gucci,325,45,2181,41
BP07171,Gucci,36,5,428,5
BP07172,Gucci,35,4,419,4
BP07173,Gucci,49,7,607,15
BP07174,Gucci,35,4,469,7
BP07175,Gucci,33,3,439,2
BP07176,Gucci,44,3,500,10
BP07177,Gucci,35,8,468,4
BP07178,Gucci,27,0,380,5
BP07179,Gucci,28,6,491,3
BP07180,Gucci,37,9,633,3
BP07181,Gucci,631,28,3309,147
BP07182,Gucci,35,4,578,3
BP07183,Gucci,48,6,657,3
BP07184,Gucci,65,3,746,2
BP07185,Gucci,61,12,624,6
BP07186,Gucci,41,2,504,2
BP07187,Gucci,28,5,430,4
BP07188,Gucci,42,6,511,5
BP07189,Gucci,74,8,837,18
BP07190,Gucci,128,8,922,40
BP07191,Gucci,53,6,728,4
BP07192,Gucci,19,2,414,0
BP07193,Gucci,43,4,512,5
BP07194,Gucci,29,5,535,4
BP07195,Gucci,13,1,298,0
BP07196,Gucci,35,3,617,7
BP07197,Gucci,338,29,3869,26
BP07198,Gucci,4625,227,34401,422
BP07199,Gucci,29,3,719,1
BP07200,Gucci,29,4,539,2
BP07201,Gucci,22,3,536,3
BP07202,Gucci,20,5,507,0
BP07203,Gucci,39,4,672,1
BP07204,Gucci,163,24,1501,8
BP07205,Gucci,103,7,1074,6
BP07206,Gucci,6017,286,44311,516
BP07207,Gucci,78,13,903,8
BP07208,Gucci,26,7,611,5
BP07209,Gucci,33,13,578,3
BP07210,Gucci,86,13,941,10
BP07211,Gucci,8735,585,19452,450
BP07212,Gucci,272,19,1404,12
BP07213,Gucci,521,62,1790,36
BP07214,Gucci,52,3,820,0
BP07215,Gucci,55,21,852,13
BP07216,Gucci,36,9,530,3
BP07217,Gucci,122,11,1563,12
BP07218,Gucci,58,7,547,6
BP07219,Gucci,83,17,1026,13
BP07220,Gucci,47,16,738,4
BP07221,Gucci,33,9,579,0
BP07222,Gucci,47,16,779,10
BP07223,Gucci,45,4,459,1
BP07224,Gucci,65,8,760,4
BP07225,Gucci,64,6,823,9
BP07226,Gucci,35,7,589,1
BP07227,Gucci,32,9,654,0
BP07228,Gucci,53,10,761,6
BP07229,Gucci,48,7,666,3
BP07230,Gucci,56,9,645,3
BP07231,Gucci,57,9,719,1
BP07232,Gucci,63,9,780,3
BP07233,Gucci,147,98,1766,28
BP07234,Gucci,82,7,1091,6
BP07235,Gucci,42,4,696,1
BP07236,Gucci,26,8,631,1
BP07237,Gucci,53,6,695,3
BP07238,Gucci,38,3,543,1
BP07239,Gucci,42,9,682,2
BP07240,Gucci,50,7,652,3
BP07241,Gucci,54,7,636,2
BP07242,Gucci,27,9,601,2
BP07243,Gucci,26,5,604,0
BP07244,Gucci,17,3,438,0
BP07245,Gucci,39,9,825,1
BP07246,Gucci,33,11,1023,5
BP07247,Gucci,7922,220,39200,637
BP07248,Gucci,34,4,507,2
BP07249,Gucci,46,5,593,4
BP07250,Gucci,30,3,474,0
BP07251,Gucci,17,1,418,1
BP07252,Gucci,51,4,709,6
BP07253,Gucci,55,6,855,4
BP07254,Gucci,50,5,746,4
BP07255,Gucci,40,7,782,5
BP07256,Gucci,50,9,780,6
BP07257,Gucci,80,10,1217,10
BP07258,Gucci,44,4,802,3
BP07259,Gucci,60,4,725,4
BP07260,Gucci,55,7,815,2
BP07261,Gucci,85,7,1214,9
BP07262,Gucci,34,11,623,3
BP07263,Gucci,74,6,894,5
BP07264,Gucci,190,17,2622,17
BP07265,Gucci,34,7,544,0
BP07266,Gucci,53,6,801,5
BP07267,Gucci,31,6,615,2
BP07268,Gucci,1170,74,9818,166
BP07269,Gucci,25,5,491,2
BP07270,Gucci,63,4,969,11
BP07271,Gucci,29,10,527,2
BP07272,Gucci,0,0,6,1
BP07273,Gucci,4165,217,30310,414
BP07274,Gucci,128,23,1955,33
BP07275,Gucci,33,18,627,9
BP07276,Gucci,39,4,646,2
BP07277,Gucci,111,7,1426,7
BP07278,Gucci,132,7,1598,18
BP07279,Gucci,171,5,1439,22
BP07280,Gucci,250,10,2291,25
BP07281,Gucci,67,9,827,12
BP07282,Gucci,16,6,441,1
BP07283,Gucci,28,3,602,4
BP07284,Gucci,49,7,894,7
BP07285,Gucci,112,9,1161,14
BP07286,Gucci,31,1,594,5
BP07287,Gucci,71,5,742,11
BP07288,Gucci,40,2,618,4
BP07289,Gucci,59,6,1061,4
BP07290,Gucci,19,2,454,1
BP07291,Gucci,93,9,747,3
BP07292,Gucci,32,4,626,1
BP07293,Gucci,40,3,780,2
BP07294,Gucci,46,5,1108,9
BP07295,Gucci,78,8,988,6
BP07296,Gucci,65,5,1307,7
BP07297,Gucci,44,3,738,2
BP07298,Gucci,26,4,561,0
BP07299,Gucci,82,11,1067,4
BP07300,Gucci,91,6,1627,16
BP07301,Gucci,4262,166,25648,254
BP07302,Gucci,6031,168,35069,338
BP07303,Gucci,19887,1058,111385,931
BP07304,Gucci,356,33,3327,40
BP07305,Gucci,506,56,5479,115
BP07306,Gucci,1680,1332,14385,1714
BP07307,Gucci,1244,1321,12759,1710
BP07308,Gucci,1769,1111,15731,1515
BP07309,Gucci,180,55,3226,93
BP07310,Gucci,40,6,657,5
BP07311,Gucci,44,7,859,5
BP07312,Gucci,70,12,825,18
BP07313,Gucci,44,2,660,8
BP07314,Gucci,484,58,3700,260
BP07315,Gucci,63,8,915,15
BP07316,Gucci,48,10,779,7
BP07317,Gucci,40,11,662,5
BP07318,Gucci,66,3,518,7
BP07319,Gucci,37,2,553,1
BP07320,Gucci,53,3,599,4
BP07321,Gucci,25,2,362,2
BP07322,Gucci,43,5,667,4
BP07323,Gucci,120,11,1318,10
BP07324,Gucci,53,5,531,3
BP07325,Gucci,110,5,1020,15
BP07326,Gucci,70,8,715,2
BP07327,Gucci,48,5,454,11
BP07328,Gucci,283,7,1781,70
BP07329,Gucci,113,2,859,16
BP07330,Gucci,116,8,1001,9
BP07331,Gucci,160,12,1220,32
BP07332,Gucci,142,14,757,34
BP07333,Gucci,73,7,599,8
BP07334,Gucci,183,9,1029,27
BP07335,Gucci,28,2,345,4
BP07336,Gucci,31,0,351,4
BP07337,Gucci,854,61,2882,124
BP07338,Gucci,31,4,435,5
BP07339,Gucci,76,10,594,23
BP07340,Gucci,29,1,371,1
BP07341,Gucci,1448,335,7502,325
BP07342,Gucci,67,12,609,5
BP07343,Gucci,68,39,411,9
BP07344,Gucci,34,4,420,2
BP07345,Gucci,35,5,393,5
BP07346,Gucci,140,18,906,44
BP07347,Gucci,25,5,492,5
BP07348,Gucci,29,8,525,9
BP07349,Gucci,19,4,322,1
BP07350,Gucci,64,6,696,19
BP07351,Gucci,54,7,655,0
BP07352,Gucci,72,13,891,11
BP07353,Gucci,28,8,532,1
BP07354,Gucci,14,3,320,3
BP07355,Gucci,32,4,541,1
BP07356,Gucci,11,4,335,3
BP07357,Gucci,76,8,717,5
BP07358,Gucci,31,2,432,1
BP07359,Gucci,52,8,844,9
BP07360,Gucci,41,5,645,11
BP07361,Gucci,56,6,811,9
BP07362,Gucci,38,4,348,2
BP07363,Gucci,56,6,522,20
BP07364,Gucci,84,15,638,18
BP07365,Gucci,48,5,456,8
BP07366,Gucci,194,22,1544,68
BP07367,Gucci,38,7,591,0
BP07368,Gucci,107,32,1348,42
BP07369,Gucci,28,6,526,1
BP07370,Gucci,37,8,572,2
BP07371,Gucci,89,12,757,3
BP07372,Gucci,19,11,363,0
BP07373,Gucci,30,17,555,3
BP07374,Gucci,43,2,826,4
BP07375,Gucci,473,72,4009,143
BP07376,Gucci,43,1,906,1
BP07377,Gucci,27096,2258,118179,8872
BP07378,Gucci,825,201,10995,702
BP07379,Gucci,38,2,423,1
BP07380,Gucci,25,2,306,1
BP07381,Gucci,21,5,353,2
BP07382,Gucci,22,2,278,0
BP07383,Gucci,24,2,327,3
BP07384,Gucci,29,4,330,0
BP07385,Gucci,39,2,533,5
BP07386,Gucci,30,4,359,5
BP07387,Gucci,78,9,515,6
BP07388,Gucci,23,8,343,0
BP07389,Gucci,30,4,385,3
BP07390,Gucci,44,8,444,5
BP07391,Gucci,25,3,325,1
BP07392,Gucci,39,4,432,2
BP07393,Gucci,30,2,410,1
BP07394,Gucci,17,3,310,0
BP07395,Gucci,25,2,262,1
BP07396,Gucci,20,4,323,0
BP07397,Gucci,31,6,523,5
BP07398,Gucci,25,4,386,0
BP07399,Gucci,36,4,325,0
BP07400,Gucci,70,5,546,4
BP07401,Gucci,48,6,412,4
BP07402,Gucci,31,7,399,1
BP07403,Gucci,36,2,677,2
BP07404,Gucci,7428,209,37275,552
BP07405,Gucci,203,12,2654,8
BP07406,Gucci,187,15,1441,8
BP07407,Gucci,170,15,1866,13
BP07408,Gucci,9639,185,45861,582
BP07409,Gucci,3264,55,16871,115
BP07410,Gucci,30,1,349,2
BP07411,Gucci,43,9,512,0
BP07412,Gucci,93,4,902,10
BP07413,Gucci,39,4,400,1
BP07414,Gucci,27,3,338,0
BP07415,Gucci,43,7,411,3
BP07416,Gucci,33,6,315,1
BP07417,Gucci,39,7,378,8
BP07418,Gucci,38,8,421,5
BP07419,Gucci,38,9,361,3
BP07420,Gucci,38,5,310,7
BP07421,Gucci,115,10,819,3
BP07422,Gucci,77,5,597,4
BP07423,Gucci,29,4,404,2
BP07424,Gucci,34,3,362,1
BP07425,Gucci,29,1,292,2
BP07426,Gucci,19343,552,33632,442
BP07427,Gucci,36,2,323,2
BP07428,Gucci,27,5,230,2
BP07429,Gucci,285,21,2246,28
BP07430,Gucci,41,13,357,1
BP07431,Gucci,193,21,1927,10
BP07432,Gucci,31,10,520,4
BP07433,Gucci,21,7,295,3
BP07434,Gucci,47,4,247,9
BP07435,Gucci,43,8,358,6
BP07436,Gucci,132,31,1058,41
BP07437,Gucci,32,6,257,3
BP07438,Gucci,127,12,895,34
BP07439,Gucci,35,6,285,2
BP07440,Gucci,15301,584,21337,873
BP07441,Gucci,24122,718,44284,704
BP07442,Gucci,30702,1246,52332,1474
BP07443,Gucci,30,2,338,1
BP07444,Gucci,43,10,295,0
BP07445,Gucci,35,10,264,2
BP07446,Gucci,18294,950,27953,1070
BP07447,Gucci,39,16,373,3
BP07448,Gucci,60,26,822,5
BP07449,Gucci,53,31,401,4
BP07450,Gucci,44,20,417,3
BP07451,Gucci,103,24,716,14
BP07452,Gucci,48,13,539,5
BP07453,Gucci,32,10,375,1
BP07454,Gucci,39,10,466,2
BP07455,Gucci,63,11,492,7
BP07456,Gucci,36,7,314,1
BP07457,Gucci,34,9,324,1
BP07458,Gucci,89,10,642,9
BP07459,Gucci,24,4,357,2
BP07460,Gucci,53,8,617,4
BP07461,Gucci,31,8,428,1
BP07462,Gucci,39,6,369,1
BP07463,Gucci,42,7,499,3
BP07464,Gucci,66,7,591,2
BP07465,Gucci,48,7,369,6
BP07466,Gucci,87,9,755,8
BP07467,Gucci,43,10,462,3
BP07468,Gucci,36,1,502,7
BP07469,Gucci,43,4,377,4
BP07470,Gucci,185,24,1152,14
BP07471,Gucci,81,12,809,8
BP07472,Gucci,51,8,526,6
BP07473,Gucci,30,2,369,0
BP07474,Gucci,72,5,683,3
BP07475,Gucci,56,7,784,4
BP07476,Gucci,16,3,246,0
BP07477,Gucci,45,4,480,2
BP07478,Gucci,328,61,3197,273
BP07479,Gucci,60,8,441,4
BP07480,Gucci,64,5,537,10
BP07481,Gucci,31,5,365,2
BP07482,Gucci,41,4,487,2
BP07483,Gucci,31,5,350,3
BP07484,Gucci,32,59,418,154
BP07485,Gucci,12,4,246,1
BP07486,Gucci,39,7,502,5
BP07487,Gucci,36,4,431,7
BP07488,Gucci,79,7,760,20
BP07489,Gucci,20,4,292,1
BP07490,Gucci,28,5,360,4
BP07491,Gucci,24,7,305,2
BP07492,Gucci,115,12,914,16
BP07493,Gucci,60,7,586,9
BP07494,Gucci,50,4,439,0
BP07495,Gucci,39,5,442,10
BP07496,Gucci,144,6,911,5
BP07497,Gucci,72,7,1013,3
BP07498,Gucci,34,4,418,4
BP07499,Gucci,56,5,507,8
BP07500,Gucci,42,4,435,2
BP07501,Gucci,67,10,656,3
BP07502,Gucci,32,10,419,4
BP07503,Gucci,40,5,452,5
BP07504,Gucci,69,12,477,3
BP07505,Gucci,63,7,471,5
BP07506,Gucci,51,7,561,6
BP07507,Gucci,32,10,366,1
BP07508,Gucci,34,5,358,2
BP07509,Gucci,13,3,222,2
BP07510,Gucci,207,33,1294,35
BP07511,Gucci,48,7,456,5
BP07512,Gucci,42,2,342,5
BP07513,Gucci,56,9,430,2
BP07514,Gucci,23,5,323,1
BP07515,Gucci,90,6,643,9
BP07516,Gucci,102,9,720,17
BP07517,Gucci,40,5,431,3
BP07518,Gucci,44,0,0,0
BP07519,Gucci,36,7,353,1
BP07520,Gucci,34,4,400,5
BP07521,Gucci,35,5,372,2
BP07522,Gucci,52,5,486,2
BP07523,Gucci,47,14,516,7
BP07524,Gucci,151,35,1068,52
BP07525,Gucci,45,18,502,1
BP07526,Gucci,69,14,767,17
BP07527,Gucci,83,16,596,14
BP07528,Gucci,76,9,725,11
BP07529,Gucci,51,12,583,4
BP07530,Gucci,84,9,661,13
BP07531,Gucci,52,11,468,6
BP07532,Gucci,65,15,706,21
BP07533,Gucci,31,11,357,1
BP07534,Gucci,68,9,577,14
BP07535,Gucci,113,9,1056,6
BP07536,Gucci,145,12,1415,17
BP07537,Gucci,182,12,1519,49
BP07538,Gucci,3972,143,32413,247
BP07539,Gucci,6328,240,40055,651
BP07540,Gucci,61,9,795,1
BP07541,Gucci,26,5,579,9
BP07542,Gucci,34,3,357,2
BP07543,Gucci,18,3,240,1
BP07544,Gucci,24,3,337,0
BP07545,Gucci,33,4,356,1
BP07546,Gucci,29,5,408,3
BP07547,Gucci,340,322,4409,283
BP07548,Gucci,17,2,212,1
BP07549,Gucci,24,4,252,2
BP07550,Gucci,34,5,325,1
BP07551,Gucci,27,4,315,1
BP07552,Gucci,39,5,288,4
BP07553,Gucci,18,4,298,1
BP07554,Gucci,15,2,262,1
BP07555,Gucci,38,6,623,2
BP07556,Gucci,59,14,658,3
BP07557,Gucci,18,4,298,1
BP07558,Gucci,39,7,422,7
BP07559,Gucci,40,3,469,9
BP07560,Gucci,33,6,401,4
BP07561,Gucci,37,4,344,6
BP07562,Gucci,1514,284,7360,1154
BP07563,Gucci,16,4,187,0
BP07564,Gucci,49,8,588,10
BP07565,Gucci,35,8,334,3
BP07566,Gucci,144,7,729,65
BP07567,Gucci,35,4,224,8
BP07568,Gucci,32,4,309,1
BP07569,Gucci,38,4,290,2
BP07570,Gucci,43,7,351,4
BP07571,Gucci,18,5,216,0
BP07572,Gucci,27,8,276,0
BP07573,Gucci,16,7,253,0
BP07574,Gucci,22,5,297,2
BP07575,Gucci,20,3,189,0
BP07576,Gucci,16,3,158,0
BP07577,Gucci,22,6,278,3
BP07578,Gucci,18,6,264,1
BP07579,Gucci,19,8,347,4
BP07580,Gucci,21,4,255,4
BP07581,Gucci,15,3,378,4
BP07582,Gucci,19,9,305,5
BP07583,Gucci,13,4,282,3
BP07584,Gucci,27,4,315,4
BP07585,Gucci,21,3,268,0
BP07586,Gucci,23,4,341,4
BP07587,Gucci,20,1,226,2
BP07588,Gucci,2489,178,31688,209
BP07589,Gucci,28,4,275,1
BP07590,Gucci,17,5,248,1
BP07591,Gucci,26,1,253,2
BP07592,Gucci,18,2,229,2
BP07593,Gucci,19,1,308,2
BP07594,Gucci,30,1,303,3
BP07595,Gucci,15,1,229,3
BP07596,Gucci,25,6,301,8
BP07597,Gucci,22,2,265,2
BP07598,Gucci,39,5,465,8
BP07599,Gucci,18,0,216,1
BP07600,Gucci,14,0,252,2
BP07601,Gucci,18,2,176,1
BP07602,Gucci,16,1,209,1
BP07603,Gucci,17,2,172,3
BP07604,Gucci,23,2,194,3
BP07605,Gucci,13,2,240,3
BP07606,Gucci,11,2,184,2
BP07607,Gucci,15,4,242,3
BP07608,Gucci,18,5,284,0
BP07609,Gucci,21,4,343,2
BP07610,Gucci,28,3,295,7
BP07611,Gucci,33,1,384,2
BP07612,Gucci,16,2,325,1
BP07613,Gucci,25,1,297,2
BP07614,Gucci,33,3,425,3
BP07615,Gucci,31,6,570,8
BP07616,Gucci,34,1,436,4
BP07617,Gucci,14,0,338,2
BP07618,Gucci,29,3,408,3
BP07619,Gucci,11,1,216,4
BP07620,Gucci,22,2,332,3
BP07621,Gucci,19,2,353,1
BP07622,Gucci,20,2,415,3
BP07623,Gucci,24,4,300,3
BP07624,Gucci,25,4,407,6
BP07625,Gucci,10,4,286,2
BP07626,Gucci,14,5,346,2
BP07627,Gucci,24,5,319,3
BP07628,Gucci,10,1,226,1
BP07629,Gucci,12,3,288,2
BP07630,Gucci,53,8,440,6
BP07631,Gucci,11,3,238,2
BP07632,Gucci,26,4,354,1
BP07633,Gucci,14,3,221,0
BP07634,Gucci,11,3,223,1
BP07635,Gucci,27,8,457,4
BP07636,Gucci,18,5,313,1
BP07637,Gucci,18,1,344,0
BP07638,Gucci,21,4,289,3
BP07639,Gucci,690,72,1981,107
BP07640,Gucci,21,1,311,5
BP07641,Gucci,21,1,340,0
BP07642,Gucci,505,121,1233,98
BP07643,Gucci,21,2,293,0
BP07644,Gucci,43,4,302,16
BP07645,Gucci,17,4,339,0
BP07646,Gucci,86,4,695,15
BP07647,Gucci,28,4,459,4
BP07648,Gucci,30,3,442,2
BP07649,Gucci,41,2,393,28
BP07650,Gucci,9,1,274,2
BP07651,Gucci,25,1,259,4
BP07652,Gucci,20,0,233,0
BP07653,Gucci,135,10,1721,13
BP07654,Gucci,20,4,360,1
BP07655,Gucci,13,0,307,0
BP07656,Gucci,57,7,468,15
BP07657,Gucci,155,47,1246,81
BP07658,Gucci,18,1,353,3
BP07659,Gucci,17,3,263,3
BP07660,Gucci,15,3,290,1
BP07661,Gucci,17,1,301,1
BP07662,Gucci,18,3,394,2
BP07663,Gucci,16,0,282,1
BP07664,Gucci,45,6,449,14
BP07665,Gucci,22,0,306,6
BP07666,Gucci,20,1,382,1
BP07667,Gucci,15,3,361,0
BP07668,Gucci,24,0,484,2
BP07669,Gucci,1552,69,16642,86
BP07670,Gucci,23,5,454,11
BP07671,Gucci,69,15,1376,10
BP07672,Gucci,1079,56,6557,170
BP07673,Gucci,224,125,1589,51
BP07674,Gucci,4599,1298,28879,4501
BP07675,Gucci,41,5,943,8
BP07676,Gucci,1815,339,14668,1577
BP07677,Gucci,25,3,588,8
BP07678,Gucci,21,1,414,6
BP07679,Gucci,31,3,435,7
BP07680,Gucci,15,1,302,0
BP07681,Gucci,71,14,820,21
BP07682,Gucci,18,0,281,3
BP07683,Gucci,20,4,425,2
BP07684,Gucci,18,1,347,7
BP07685,Gucci,26,1,347,5
BP07686,Gucci,21,3,281,5
BP07687,Gucci,33,2,403,4
BP07688,Gucci,33,5,419,4
BP07689,Gucci,314,41,1624,181
BP07690,Gucci,40,5,397,13
BP07691,Gucci,23,5,414,5
BP07692,Gucci,50,9,494,34
BP07693,Gucci,29,5,328,7
BP07694,Gucci,20,3,275,3
BP07695,Gucci,21,4,281,0
BP07696,Gucci,33,3,374,2
BP07697,Gucci,11,2,163,1
BP07698,Gucci,19,4,258,2
BP07699,Gucci,18,0,294,0
BP07700,Gucci,5862,354,40167,848
BP07701,Gucci,15,4,290,1
BP07702,Gucci,16,0,217,1
BP07703,Gucci,19,2,259,3
BP07704,Gucci,20,3,280,11
BP07705,Gucci,18,5,282,2
BP07706,Gucci,42,7,392,10
BP07707,Gucci,18,5,282,5
BP07708,Gucci,44,9,479,11
BP07709,Gucci,24,3,322,3
BP07710,Gucci,12,1,307,0
BP07711,Gucci,14,2,321,3
BP07712,Gucci,27,2,421,2
BP07713,Gucci,27,8,464,5
BP07714,Gucci,95,82,914,76
BP07715,Gucci,20,7,399,3
BP07716,Gucci,23,2,375,2
BP07717,Gucci,10,7,264,0
BP07718,Gucci,36,6,746,2
BP07719,Gucci,20,1,292,2
BP07720,Gucci,19,3,373,3
BP07721,Gucci,24,3,371,4
BP07722,Gucci,23,6,305,3
BP07723,Gucci,49,4,481,10
BP07724,Gucci,45,12,668,10
BP07725,Gucci,3406,531,21258,1897
BP07726,Gucci,141,20,766,32
BP07727,Gucci,25,1,380,3
BP07728,Gucci,28,4,485,7
BP07729,Gucci,21,6,318,5
BP07730,Gucci,40,6,540,7
BP07731,Gucci,37,7,650,2
BP07732,Gucci,43,7,508,9
BP07733,Gucci,32,6,434,3
BP07734,Gucci,36,1,438,10
BP07735,Gucci,24,6,289,3
BP07736,Gucci,16,13,286,6
BP07737,Gucci,37,3,528,7
BP07738,Gucci,34,8,369,11
BP07739,Gucci,32,13,474,0
BP07740,Gucci,27,6,288,2
BP07741,Gucci,14,9,198,3
BP07742,Gucci,24,5,408,2
BP07743,Gucci,14,1,240,8
BP07744,Gucci,27,5,397,1
BP07745,Gucci,21,0,188,1
BP07746,Gucci,52,2,581,9
BP07747,Gucci,32,1,233,1
BP07748,Gucci,43,1,578,5
BP07749,Gucci,67,14,548,17
BP07750,Gucci,22,2,385,0
BP07751,Gucci,15,4,326,3
BP07752,Gucci,38,4,437,1
BP07753,Gucci,9,1,196,1
BP07754,Gucci,25,1,357,6
BP07755,Gucci,3323,217,23954,453
BP07756,Gucci,19,5,403,4
BP07757,Gucci,34,6,453,4
BP07758,Gucci,24,1,464,5
BP07759,Gucci,23,0,416,4
BP07760,Gucci,38,3,522,8
BP07761,Gucci,29,4,526,1
BP07762,Gucci,30,9,539,3
BP07763,Gucci,59,1,449,10
BP07764,Gucci,19,4,361,0
BP07765,Gucci,20,2,378,2
BP07766,Gucci,18,0,315,6
BP07767,Gucci,38,1,397,9
BP07768,Gucci,23,0,349,3
BP07769,Gucci,15,2,190,2
BP07770,Gucci,16,1,160,1
BP07771,Gucci,71,7,799,11
BP07772,Gucci,36,2,338,2
BP07773,Gucci,572,46,4839,207
BP07774,Gucci,548,85,4319,366
BP07775,Gucci,57,3,557,12
BP07776,Gucci,25,7,360,15
BP07777,Gucci,69,5,656,5
BP07778,Gucci,30,6,317,11
BP07779,Gucci,67,7,519,4
BP07780,Gucci,34,3,369,9
BP07781,Gucci,41,1,406,5
BP07782,Gucci,31,11,320,7
BP07783,Gucci,47,10,461,4
BP07784,Gucci,14,3,175,0
BP07785,Gucci,41,6,426,3
BP07786,Gucci,12286,636,21102,463
BP07787,Gucci,4,0,0,0
BP07788,Gucci,294,9,1807,38
BP07789,Gucci,47,3,556,3
BP07790,Gucci,58,10,534,8
BP07791,Gucci,41,8,573,3
BP07792,Gucci,36,5,293,3
BP07793,Gucci,22,0,0,0
BP07794,Gucci,36,5,481,13
BP07795,Gucci,47,8,448,5
BP07796,Gucci,60,20,479,6
BP07797,Gucci,15,0,230,1
BP07798,Gucci,63,7,506,1
BP07799,Gucci,45,16,370,3
BP07800,Gucci,292,11,790,33
BP07801,Gucci,33,5,365,1
BP07802,Gucci,17,1,131,1
BP07803,Gucci,47,4,405,0
BP07804,Gucci,39,2,334,0
BP07805,Gucci,19,2,214,0
BP07806,Gucci,18,21,196,9
BP07807,Gucci,33,6,343,0
BP07808,Gucci,35,3,428,1
BP07809,Gucci,27,3,247,2
BP07810,Gucci,3641,272,17483,876
BP07811,Gucci,760,25,2195,176
BP07812,Gucci,36,4,386,3
BP07813,Gucci,22,3,227,0
BP07814,Gucci,51,0,462,8
BP07815,Gucci,33,3,281,4
BP07816,Gucci,47,5,415,4
BP07817,Gucci,43,3,409,5
BP07818,Gucci,38,2,313,1
BP07819,Gucci,23,0,208,2
BP07820,Gucci,51,4,435,4
BP07821,Gucci,47,3,309,5
BP07822,Gucci,58,4,351,3
BP07823,Gucci,546,28,5890,43
BP07824,Gucci,53,2,348,11
BP07825,Gucci,410,17,1341,161
BP07826,Gucci,65,0,0,0
BP07827,Gucci,247,8,1373,37
BP07828,Gucci,26,7,246,3
BP07829,Gucci,49,4,628,4
BP07830,Gucci,32,5,335,2
BP07831,Gucci,32,3,293,3
BP07832,Gucci,58,31,467,35
BP07833,Gucci,31,3,291,5
BP07834,Gucci,20,3,237,0
BP07835,Gucci,10,0,82,2
BP07836,Gucci,4159,508,8679,781
BP07837,Gucci,200,16,1165,64
BP07838,Gucci,107,9,786,40
BP07839,Gucci,46,3,388,0
BP07840,Gucci,27,2,247,0
BP07841,Gucci,52,5,422,3
BP07842,Gucci,233,4,959,21
BP07843,Gucci,2602,371,5766,444
BP07844,Gucci,158,68,863,30
BP07845,Gucci,18,3,294,3
BP07846,Gucci,30,5,313,7
BP07847,Gucci,27,1,302,2
BP07848,Gucci,41,2,366,2
BP07849,Gucci,36,3,302,4
BP07850,Gucci,44,2,313,2
BP07851,Gucci,14,0,214,1
BP07852,Gucci,53,0,0,0
BP07853,Gucci,26,7,316,2
BP07854,Gucci,3371,266,26278,391
BP07855,Gucci,588,146,1559,175
BP07856,Gucci,17,6,182,0
BP07857,Gucci,20,5,253,1
BP07858,Gucci,56,16,464,10
BP07859,Gucci,22,2,258,1
BP07860,Gucci,52,8,558,3
BP07861,Gucci,32,4,373,1
BP07862,Gucci,38,5,423,1
BP07863,Gucci,19,7,246,3
BP07864,Gucci,33,1,359,2
BP07865,Gucci,43,5,379,1
BP07866,Gucci,31,5,362,3
BP07867,Gucci,36,3,320,4
BP07868,Gucci,33,6,435,4
BP07869,Gucci,23,3,280,2
BP07870,Gucci,25,3,244,0
BP07871,Gucci,45,5,341,4
BP07872,Gucci,278,17,1707,14
BP07873,Gucci,44,5,376,7
BP07874,Gucci,109,71,659,155
BP07875,Gucci,60,7,389,7
BP07876,Gucci,19,1,238,4
BP07877,Gucci,28,13,228,8
BP07878,Gucci,43,3,391,4
BP07879,Gucci,30,1,346,5
BP07880,Gucci,106,5,653,12
BP07881,Gucci,80,3,673,8
BP07882,Gucci,45,4,388,1
BP07883,Gucci,52,0,283,5
BP07884,Gucci,50,1,398,4
BP07885,Gucci,22,2,270,5
BP07886,Gucci,20,2,284,5
BP07887,Gucci,13,2,273,3
BP07888,Gucci,53,2,515,4
BP07889,Gucci,36,2,322,10
BP07890,Gucci,32,5,321,2
BP07891,Gucci,47,5,552,5
BP07892,Gucci,56,6,605,11
BP07893,Gucci,55,10,449,4
BP07894,Gucci,103,39,1094,92
BP07895,Gucci,47,25,530,14
BP07896,Gucci,24,3,216,4
BP07897,Gucci,24,2,242,2
BP07898,Gucci,36,30,298,23
BP07899,Gucci,47,7,443,6
BP07900,Gucci,49,2,393,4
BP07901,Gucci,22,4,220,1
BP07902,Gucci,28,5,219,0
BP07903,Gucci,20,1,177,2
BP07904,Gucci,20,3,254,3
BP07905,Gucci,47,3,429,1
BP07906,Gucci,56,1,397,5
BP07907,Gucci,64,0,515,3
BP07908,Gucci,54,3,488,1
BP07909,Gucci,70,0,519,7
BP07910,Gucci,92,4,657,6
BP07911,Gucci,30,5,246,2
BP07912,Gucci,357,26,1413,36
BP07913,Gucci,1376,231,3259,174
BP07914,Gucci,28,4,345,4
BP07915,Gucci,44,4,461,6
BP07916,Gucci,27,3,409,3
BP07917,Gucci,28,1,386,2
BP07918,Gucci,56,12,479,4
BP07919,Gucci,49,8,455,7
BP07920,Gucci,24,4,287,2
BP07921,Gucci,33,4,374,1
BP07922,Gucci,18,4,273,1
BP07923,Gucci,33,3,381,2
BP07924,Gucci,21,5,336,2
BP07925,Gucci,29,6,305,3
BP07926,Gucci,30,8,392,6
BP07927,Gucci,33,4,339,3
BP07928,Gucci,41,3,409,5
BP07929,Gucci,33,5,302,1
BP07930,Gucci,38,7,393,2
BP07931,Gucci,29,1,318,5
BP07932,Gucci,36,3,285,2
BP07933,Gucci,114,9,604,40
BP07934,Gucci,231,12,1726,26
BP07935,Gucci,36,1,281,2
BP07936,Gucci,17,1,174,0
BP07937,Gucci,24,2,292,3
BP07938,Gucci,29,3,446,4
BP07939,Gucci,101,5,626,45
BP07940,Gucci,28,3,401,3
BP07941,Gucci,20,1,169,1
BP07942,Gucci,85,8,564,8
BP07943,Gucci,26,0,236,1
BP07944,Gucci,37,2,284,4
BP07945,Gucci,104,5,759,17
BP07946,Gucci,28,1,312,0
BP07947,Gucci,46,0,424,3
BP07948,Gucci,39,2,365,4
BP07949,Gucci,51,2,375,3
BP07950,Gucci,31,3,233,3
BP07951,Gucci,78,14,723,15
BP07952,Gucci,46,6,473,9
BP07953,Gucci,62,5,606,10
BP07954,Gucci,34,4,275,7
BP07955,Gucci,39,4,302,3
BP07956,Gucci,24,1,197,3
BP07957,Gucci,24,2,228,3
BP07958,Gucci,18,3,249,0
BP07959,Gucci,48,2,440,5
BP07960,Gucci,37,7,443,3
BP07961,Gucci,95,6,570,29
BP07962,Gucci,68,5,476,6
BP07963,Gucci,56,9,451,12
BP07964,Gucci,28,4,282,2
BP07965,Gucci,34,0,282,3
BP07966,Gucci,33,0,282,8
BP07967,Gucci,39,4,294,0
BP07968,Gucci,43,3,543,2
BP07969,Gucci,18,2,175,3
BP07970,Gucci,42,0,385,9
BP07971,Gucci,32,1,177,0
BP07972,Gucci,57,2,341,3
BP07973,Gucci,24,2,164,1
BP07974,Gucci,23,0,174,1
BP07975,Gucci,38,0,292,3
BP07976,Gucci,48,0,352,1
BP07977,Gucci,34,0,215,0
BP07978,Gucci,49,3,519,4
BP07979,Gucci,23,1,145,4
BP07980,Gucci,29,0,255,2
BP07981,Gucci,36,2,256,2
BP07982,Gucci,25,1,162,7
BP07983,Gucci,35,1,241,1
BP07984,Gucci,30,3,189,9
BP07985,Gucci,21,1,198,4
BP07986,Gucci,39,5,254,8
BP07987,Gucci,24,1,182,7
BP07988,Gucci,8,0,107,1
BP07989,Gucci,30,3,167,3
BP07990,Gucci,296,103,758,39
BP07991,Gucci,60,2,358,6
BP07992,Gucci,477,73,1067,26
BP07993,Gucci,66,8,292,14
BP07994,Gucci,28,6,307,0
BP07995,Gucci,48,1,450,6
BP07996,Gucci,53,2,542,2
BP07997,Gucci,78,2,619,2
BP07998,Gucci,50,3,458,0
BP07999,Gucci,64,4,502,6
BP08000,Gucci,60,8,658,27
BP08001,Gucci,33,13,436,13
BP08002,Gucci,33,1,332,1
BP08003,Gucci,17,3,232,1
BP08004,Gucci,26,3,215,1
BP08005,Gucci,27,2,290,3
BP08006,Gucci,25,8,309,2
BP08007,Gucci,11,0,120,1
BP08008,Gucci,90,2,524,5
BP08009,Gucci,42,2,397,3
BP08010,Gucci,54,0,511,4
BP08011,Gucci,19,1,214,1
BP08012,Gucci,32,4,348,1
BP08013,Gucci,33,2,416,1
BP08014,Gucci,24,3,223,2
BP08015,Gucci,21,0,246,3
BP08016,Gucci,73,3,680,8
BP08017,Gucci,40,9,492,8
BP08018,Gucci,36,15,304,21
BP08019,Gucci,31,2,215,1
BP08020,Gucci,32,3,230,7
BP08021,Gucci,57,17,745,25
BP08022,Gucci,48,6,548,10
BP08023,Gucci,54,5,531,7
BP08024,Gucci,72,9,795,6
BP08025,Gucci,21,1,202,0
BP08026,Gucci,18,2,292,2
BP08027,Gucci,1945,76,18044,89
BP08028,Gucci,220,24,2114,29
BP08029,Gucci,2151,157,17735,248
BP08030,Gucci,32,5,391,2
BP08031,Gucci,84,17,527,27
BP08032,Gucci,32,4,312,10
BP08033,Gucci,27,2,219,3
BP08034,Gucci,40,3,349,5
BP08035,Gucci,40,2,282,5
BP08036,Gucci,15,1,164,0
BP08037,Gucci,21,0,180,1
BP08038,Gucci,29,3,207,3
BP08039,Gucci,27,3,310,0
BP08040,Gucci,61,12,683,8
BP08041,Gucci,52,6,458,4
BP08042,Gucci,36,2,263,0
BP08043,Gucci,15,2,116,2
BP08044,Gucci,16,0,97,0
BP08045,Gucci,42,1,264,2
BP08046,Gucci,41,7,555,18
BP08047,Gucci,48,5,245,1
BP08048,Gucci,158,30,1695,33
BP08049,Gucci,4,0,19,0
BP08050,Gucci,642,0,0,0
BP08051,Gucci,32,3,320,2
BP08052,Gucci,32,1,217,1
BP08053,Gucci,49,2,291,4
BP08054,Gucci,23,2,131,1
BP08055,Gucci,14,2,165,1
BP08056,Gucci,24,3,143,0
BP08057,Gucci,21,1,188,1
BP08058,Gucci,2,0,9,0
BP08059,Gucci,35,7,298,5
BP08060,Gucci,24,5,249,1
BP08061,Gucci,33,9,358,4
BP08062,Gucci,29,8,228,2
BP08063,Gucci,17,4,233,2
BP08064,Gucci,28,4,244,0
BP08065,Gucci,3,0,5,0
BP08066,Gucci,2,0,3,0
BP08067,Gucci,19,4,255,0
BP08068,Gucci,20,5,234,3
BP08069,Gucci,23,2,264,3
BP08070,Gucci,28,5,183,4
BP08071,Gucci,84,17,822,28
BP08072,Gucci,59,2,311,16
BP08073,Gucci,28,5,364,2
BP08074,Gucci,20,3,161,3
BP08075,Gucci,22,5,164,0
BP08076,Gucci,24,3,195,0
BP08077,Gucci,127,6,600,10
BP08078,Gucci,182,0,0,0
BP08079,Gucci,44,3,322,1
BP08080,Gucci,101,5,444,10
BP08081,Gucci,39,5,313,7
BP08082,Gucci,31,6,270,1
BP08083,Gucci,40,2,279,1
BP08084,Gucci,31,2,267,0
BP08085,Gucci,30,5,269,3
BP08086,Gucci,30,5,161,3
BP08087,Gucci,25,3,183,1
BP08088,Gucci,17,1,140,0
BP08089,Gucci,23,2,153,0
BP08090,Gucci,41,8,259,2
BP08091,Gucci,72,25,424,14
BP08092,Gucci,143,21,754,21
BP08093,Gucci,380,40,1492,73
BP08094,Gucci,40,10,313,4
BP08095,Gucci,34,4,264,1
BP08096,Gucci,40,1,293,3
BP08097,Gucci,27,4,227,0
BP08098,Gucci,30,4,209,5
BP08099,Gucci,38,1,258,3
BP08100,Gucci,26,4,258,1
BP08101,Gucci,27,5,259,1
BP08102,Gucci,35,4,295,2
BP08103,Gucci,14,3,198,1
BP08104,Gucci,62,6,431,13
BP08105,Gucci,32,6,280,2
BP08106,Gucci,41,3,406,8
BP08107,Gucci,37,6,385,4
BP08108,Gucci,32,3,252,4
BP08109,Gucci,38,1,255,14
BP08110,Gucci,34,2,223,1
BP08111,Gucci,27,2,215,1
BP08112,Gucci,32,7,260,1
BP08113,Gucci,33,2,241,5
BP08114,Gucci,42,2,356,4
BP08115,Gucci,21,1,198,0
BP08116,Gucci,35,1,270,3
BP08117,Gucci,20,0,147,0
BP08118,Gucci,79,50,355,6
BP08119,Gucci,19,1,160,2
BP08120,Gucci,32,0,388,2
BP08121,Gucci,68,5,509,5
BP08122,Gucci,38,1,308,2
BP08123,Gucci,38,0,345,5
BP08124,Gucci,32,7,323,3
BP08125,Gucci,42,2,480,5
BP08126,Gucci,28,4,292,1
BP08127,Gucci,66,2,399,6
BP08128,Gucci,29,1,270,5
BP08129,Gucci,2987,299,6152,322
BP08130,Gucci,7381,212,35602,666
BP08131,Gucci,28,1,284,1
BP08132,Gucci,23,1,332,3
BP08133,Gucci,27,4,282,5
BP08134,Gucci,68,3,439,2
BP08135,Gucci,37,5,373,3
BP08136,Gucci,45,3,496,3
BP08137,Gucci,81,7,612,9
BP08138,Gucci,26,14,263,24
BP08139,Gucci,35,2,281,1
BP08140,Gucci,47,6,310,4
BP08141,Gucci,50,5,298,4
BP08142,Gucci,91,9,578,14
BP08143,Gucci,35,5,174,2
BP08144,Gucci,37,3,309,2
BP08145,Gucci,43,2,284,4
BP08146,Gucci,56,3,470,3
BP08147,Gucci,22,2,149,0
BP08148,Gucci,59,6,471,7
BP08149,Gucci,48,5,341,2
BP08150,Gucci,102,2,597,36
BP08151,Gucci,68,7,304,2
BP08152,Gucci,41,1,207,0
BP08153,Gucci,51,2,243,1
BP08154,Gucci,51,2,344,1
BP08155,Gucci,61,3,231,2
BP08156,Gucci,32,2,191,2
BP08157,Gucci,96,0,261,4
BP08158,Gucci,18,0,107,0
BP08159,Gucci,147,3,613,12
BP08160,Gucci,15,0,116,0
BP08161,Gucci,118,17,695,45
BP08162,Gucci,36,3,245,0
BP08163,Gucci,250,61,1532,19
BP08164,Gucci,26,4,199,0
BP08165,Gucci,26,2,182,1
BP08166,Gucci,16,0,210,0
BP08167,Gucci,33,1,327,1
BP08168,Gucci,43,2,302,4
BP08169,Gucci,49,10,418,5
BP08170,Gucci,31,7,296,2
BP08171,Gucci,56,4,325,7
BP08172,Gucci,48,0,310,1
BP08173,Gucci,15,0,119,0
BP08174,Gucci,14,1,189,3
BP08175,Gucci,20,8,255,1
BP08176,Gucci,17,0,221,1
BP08177,Gucci,44,1,275,1
BP08178,Gucci,28,0,243,1
BP08179,Gucci,19,0,193,0
BP08180,Gucci,32,11,343,4
BP08181,Gucci,96,1,468,8
BP08182,Gucci,48,1,250,3
BP08183,Gucci,51,1,327,7
BP08184,Gucci,51,6,403,13
BP08185,Gucci,30,1,287,0
BP08186,Gucci,36,0,193,0
BP08187,Gucci,26,1,142,1
BP08188,Gucci,32,2,211,2
BP08189,Gucci,36,3,261,2
BP08190,Gucci,41,2,354,2
BP08191,Gucci,63,4,474,2
BP08192,Gucci,30,1,221,1
BP08193,Gucci,19,0,198,5
BP08194,Gucci,35,2,213,2
BP08195,Gucci,28,0,196,0
BP08196,Gucci,27,2,187,3
BP08197,Gucci,55,2,351,2
BP08198,Gucci,62,1,384,2
BP08199,Gucci,129,3,650,4
BP08200,Gucci,30,3,307,2
BP08201,Gucci,16,4,162,0
BP08202,Gucci,35,0,233,2
BP08203,Gucci,49,0,259,3
BP08204,Gucci,31,5,212,2
BP08205,Gucci,83,2,376,4
BP08206,Gucci,45,6,317,8
BP08207,Gucci,109,46,383,17
BP08208,Gucci,78,5,469,3
BP08209,Gucci,60,4,406,3
BP08210,Gucci,31,3,232,1
BP08211,Gucci,38328,1538,86492,1189
BP08212,Gucci,836,43,2098,31
BP08213,Gucci,42,4,322,2
BP08214,Gucci,43,7,331,3
BP08215,Gucci,44,4,362,1
BP08216,Gucci,34,1,262,3
BP08217,Gucci,74,2,484,4
BP08218,Gucci,47,3,327,2
BP08219,Gucci,45,0,342,1
BP08220,Gucci,57,3,373,1
BP08221,Gucci,34,0,363,4
BP08222,Gucci,99,3,573,3
BP08223,Gucci,46,14,271,3
BP08224,Gucci,26,1,217,1
BP08225,Gucci,39,3,294,1
BP08226,Gucci,119,8,733,5
BP08227,Gucci,52,3,408,5
BP08228,Gucci,52,1,305,6
BP08229,Gucci,36,2,247,0
BP08230,Gucci,46,1,189,4
BP08231,Gucci,29,5,263,2
BP08232,Gucci,31,1,152,1
BP08233,Gucci,45,6,251,3
BP08234,Gucci,75,2,332,3
BP08235,Gucci,68,3,338,3
BP08236,Gucci,68,4,286,7
BP08237,Gucci,73,5,337,2
BP08238,Gucci,99,5,304,5
BP08239,Gucci,47,4,215,3
BP08240,Gucci,56,7,209,1
BP08241,Gucci,27,0,131,1
BP08242,Gucci,18,0,108,0
BP08243,Gucci,109,3,276,4
BP08244,Gucci,23,3,141,0
BP08245,Gucci,83,4,353,2
BP08246,Gucci,49,3,167,2
BP08247,Gucci,61,4,226,0
BP08248,Gucci,94,0,0,0
BP08249,Gucci,39,4,161,0
BP08250,Gucci,63,5,268,8
BP08251,Gucci,179,64,690,10
BP08252,Gucci,106,6,362,8
BP08253,Gucci,33,10,279,2
BP08254,Gucci,25,1,107,3
BP08255,Gucci,32,3,291,2
BP08256,Gucci,1678,60,7573,71
BP08257,Gucci,4529,198,15702,527
BP08258,Gucci,42,6,307,5
BP08259,Gucci,42,4,246,3
BP08260,Gucci,25,2,180,2
BP08261,Gucci,32,6,207,1
BP08262,Gucci,38,8,365,3
BP08263,Gucci,48,5,284,4
BP08264,Gucci,39,8,303,7
BP08265,Gucci,59,3,458,4
BP08266,Gucci,98,5,536,6
BP08267,Gucci,70,2,334,4
BP08268,Gucci,39,3,258,2
BP08269,Gucci,52,6,412,6
BP08270,Gucci,47,6,291,5
BP08271,Gucci,79,5,620,9
BP08272,Gucci,35,2,232,1
BP08273,Gucci,43,2,262,1
BP08274,Gucci,33,4,255,6
BP08275,Gucci,25,4,228,0
BP08276,Gucci,92,10,510,4
BP08277,Gucci,12,3,146,1
BP08278,Gucci,13,2,162,1
BP08279,Gucci,39,2,199,1
BP08280,Gucci,29,2,218,1
BP08281,Gucci,18,1,190,2
BP08282,Gucci,67,5,497,5
BP08283,Gucci,20,5,239,0
BP08284,Gucci,28,6,280,0
BP08285,Gucci,60,7,427,2
BP08286,Gucci,20,2,239,1
BP08287,Gucci,45,4,555,2
BP08288,Gucci,61,6,394,3
BP08289,Gucci,46,2,407,3
BP08290,Gucci,8663,253,12709,108
BP08291,Gucci,36,6,309,0
BP08292,Gucci,958,32,6682,65
BP08293,Gucci,10293,418,14438,159
BP08294,Gucci,53,4,326,0
BP08295,Gucci,9884,415,13148,223
BP08296,Gucci,17216,1015,24451,583
BP08297,Gucci,40,4,353,7
BP08298,Gucci,20,4,234,1
BP08299,Gucci,1732,35,9192,58
BP08300,Gucci,44,2,349,3
BP08301,Gucci,23,1,207,1
BP08302,Gucci,31,6,320,5
BP08303,Gucci,30,2,260,5
BP08304,Gucci,10,1,128,1
BP08305,Gucci,16,1,144,5
BP08306,Gucci,44,4,312,0
BP08307,Gucci,24,2,253,0
BP08308,Gucci,17,2,240,3
BP08309,Gucci,41,2,431,1
BP08310,Gucci,49,2,466,2
BP08311,Gucci,31,8,395,8
BP08312,Gucci,13,1,175,3
BP08313,Gucci,51,2,445,4
BP08314,Gucci,935,13,5924,25
BP08315,Gucci,18,4,226,11
BP08316,Gucci,2655,70,14587,142
BP08317,Gucci,3535,79,13483,173
BP08318,Gucci,1229,36,7196,37
BP08319,Gucci,18,1,211,1
BP08320,Gucci,65,27,321,7
BP08321,Gucci,47,6,368,3
BP08322,Gucci,62,3,536,6
BP08323,Gucci,25,1,243,2
BP08324,Gucci,73,8,503,10
BP08325,Gucci,48,4,413,3
BP08326,Gucci,35,1,335,3
BP08327,Gucci,85,3,698,5
BP08328,Gucci,25,3,246,2
BP08329,Gucci,32,0,303,1
BP08330,Gucci,24,1,207,0
BP08331,Gucci,47,4,485,3
BP08332,Gucci,29,1,247,0
BP08333,Gucci,108,7,732,4
BP08334,Gucci,79,4,506,5
BP08335,Gucci,80,8,466,10
BP08336,Gucci,43,1,263,0
BP08337,Gucci,32,11,280,3
BP08338,Gucci,53,5,331,2
BP08339,Gucci,23,1,195,3
BP08340,Gucci,32,1,241,1
BP08341,Gucci,37,3,296,2
BP08342,Gucci,40,2,336,4
BP08343,Gucci,32,0,302,1
BP08344,Gucci,21,0,207,1
BP08345,Gucci,10,0,140,1
BP08346,Gucci,22,2,266,2
BP08347,Gucci,19,1,221,2
BP08348,Gucci,1207,104,2783,154
BP08349,Gucci,25,1,199,0
BP08350,Gucci,153,4,602,5
BP08351,Gucci,25,2,207,1
BP08352,Gucci,33,4,298,3
BP08353,Gucci,50,5,366,4
BP08354,Gucci,49,1,362,2
BP08355,Gucci,29,2,224,3
BP08356,Gucci,58,2,468,5
BP08357,Gucci,19,2,201,3
BP08358,Gucci,92,4,514,0
BP08359,Gucci,39,4,357,1
BP08360,Gucci,135,31,894,120
BP08361,Gucci,76,5,411,0
BP08362,Gucci,202,2,749,29
BP08363,Gucci,52,0,280,9
BP08364,Gucci,76,7,467,8
BP08365,Gucci,61,0,385,3
BP08366,Gucci,30,1,198,9
BP08367,Gucci,76,2,405,11
BP08368,Gucci,139,3,605,16
BP08369,Gucci,39,4,256,4
BP08370,Gucci,50,0,310,7
BP08371,Gucci,28,3,204,3
BP08372,Gucci,24,0,138,1
BP08373,Gucci,20,0,131,2
BP08374,Gucci,37,0,242,2
BP08375,Gucci,377,54,1002,75
BP08376,Gucci,51,9,276,5
BP08377,Gucci,13,1,175,2
BP08378,Gucci,1806,53,10438,109
BP08379,Gucci,1348,39,8425,83
BP08380,Gucci,79,5,419,5
BP08381,Gucci,80,7,459,3
BP08382,Gucci,59,7,358,20
BP08383,Gucci,15,2,190,1
BP08384,Gucci,27,8,256,1
BP08385,Gucci,93,12,677,14
BP08386,Gucci,24,3,222,1
BP08387,Gucci,25,4,256,4
BP08388,Gucci,24,7,233,0
BP08389,Gucci,17,2,190,0
BP08390,Gucci,15,2,222,1
BP08391,Gucci,19,2,183,0
BP08392,Gucci,18,2,205,1
BP08393,Gucci,76,10,558,21
BP08394,Gucci,27,0,224,2
BP08395,Gucci,24,3,247,0
BP08396,Gucci,24,3,189,0
BP08397,Gucci,9,4,207,0
BP08398,Gucci,29,8,238,1
BP08399,Gucci,52,4,340,4
BP08400,Gucci,41,3,291,1
BP08401,Gucci,20,1,174,0
BP08402,Gucci,235,16,896,20
BP08403,Gucci,24,2,227,2
BP08404,Gucci,20,5,248,2
BP08405,Gucci,50,2,359,7
BP08406,Gucci,11,4,158,0
BP08407,Gucci,17,3,212,1
BP08408,Gucci,103,6,743,14
BP08409,Gucci,96,19,1531,6
BP08410,Gucci,49,7,383,6
BP08411,Gucci,23,4,211,1
BP08412,Gucci,45,19,772,1
BP08413,Gucci,12,4,184,0
BP08414,Gucci,208,16,1620,18
BP08415,Gucci,74,2,501,4
BP08416,Gucci,45,3,239,2
BP08417,Gucci,52,4,314,3
BP08418,Gucci,27,1,184,1
BP08419,Gucci,15,2,155,1
BP08420,Gucci,83,4,540,3
BP08421,Gucci,52,5,367,4
BP08422,Gucci,63,3,502,3
BP08423,Gucci,33,1,267,0
BP08424,Gucci,18,3,205,1
BP08425,Gucci,63,3,506,7
BP08426,Gucci,48,5,447,6
BP08427,Gucci,23,5,285,0
BP08428,Gucci,26,2,312,2
BP08429,Gucci,43,5,417,9
BP08430,Gucci,39,5,324,6
BP08431,Gucci,46,4,371,0
BP08432,Gucci,44,5,336,4
BP08433,Gucci,22,3,290,2
BP08434,Gucci,64,3,507,7
BP08435,Gucci,288,18,1549,23
BP08436,Gucci,19,8,216,1
BP08437,Gucci,22,3,252,0
BP08438,Gucci,35,7,361,1
BP08439,Gucci,50,6,394,8
BP08440,Gucci,58,4,458,3
BP08441,Gucci,15,3,161,0
BP08442,Gucci,1158,61,4919,204
BP08443,Gucci,99,11,633,5
BP08444,Gucci,102,2,765,6
BP08445,Gucci,74,4,611,6
BP08446,Gucci,16,1,198,2
BP08447,Gucci,15,1,171,2
BP08448,Gucci,39,5,404,7
BP08449,Gucci,7,3,129,0
BP08450,Gucci,12,0,177,0
BP08451,Gucci,40,2,301,4
BP08452,Gucci,44,3,344,2
BP08453,Gucci,30,2,318,1
BP08454,Gucci,27,4,263,2
BP08455,Gucci,18,2,251,1
BP08456,Gucci,18,0,195,0
BP08457,Gucci,62,7,378,3
BP08458,Gucci,13,0,196,0
BP08459,Gucci,23,0,226,2
BP08460,Gucci,85,7,708,2
BP08461,Gucci,25,1,260,1
BP08462,Gucci,60,2,383,9
BP08463,Gucci,23,2,332,0
BP08464,Gucci,26,6,276,1
BP08465,Gucci,19,3,247,4
BP08466,Gucci,18,0,193,0
BP08467,Gucci,161,66,1748,14
BP08468,Gucci,21,2,368,0
BP08469,Gucci,12,0,172,2
BP08470,Gucci,19,4,226,1
BP08471,Gucci,23,1,194,2
BP08472,Gucci,89,3,1078,4
BP08473,Gucci,227,24,3239,22
BP08474,Gucci,53,8,609,4
BP08475,Gucci,168,16,1587,23
BP08476,Gucci,709,26,3520,134
BP08477,Gucci,36,2,459,4
BP08478,Gucci,52,4,469,7
BP08479,Gucci,46,3,360,0
BP08480,Gucci,37,2,375,2
BP08481,Gucci,39,4,441,9
BP08482,Gucci,21,2,175,2
BP08483,Gucci,45,2,406,2
BP08484,Gucci,40,3,353,0
BP08485,Gucci,43,3,415,7
BP08486,Gucci,82,7,563,6
BP08487,Gucci,2594,253,4632,354
BP08488,Gucci,12,2,156,3
BP08489,Gucci,24,10,313,7
BP08490,Gucci,19,1,150,3
BP08491,Gucci,38,5,347,2
BP08492,Gucci,16,2,318,0
BP08493,Gucci,52,3,334,2
BP08494,Gucci,35,3,251,0
BP08495,Gucci,48,4,339,6
BP08496,Gucci,32,9,185,5
BP08497,Gucci,60,28,511,15
BP08498,Gucci,28,4,232,3
BP08499,Gucci,84,4,541,5
BP08500,Gucci,21,8,239,9
BP08501,Gucci,66,9,408,40
BP08502,Gucci,19,9,223,2
BP08503,Gucci,43,1,394,5
BP08504,Gucci,35,3,261,1
BP08505,Gucci,31,4,304,15
BP08506,Gucci,36,4,284,7
BP08507,Gucci,8,0,0,0
BP08508,Gucci,40,4,259,3
BP08509,Gucci,40,36,276,16
BP08510,Gucci,21,5,232,3
BP08511,Gucci,31,6,242,1
BP08512,Gucci,86,10,544,26
BP08513,Gucci,36,4,234,1
BP08514,Gucci,111,4,811,11
BP08515,Gucci,35,4,392,8
BP08516,Gucci,21,0,170,0
BP08517,Gucci,30,1,316,5
BP08518,Gucci,21,0,190,1
BP08519,Gucci,30,0,211,2
BP08520,Gucci,54,0,455,2
BP08521,Gucci,24,1,240,3
BP08522,Gucci,40,3,419,11
BP08523,Gucci,17,0,129,0
BP08524,Gucci,11176,367,15901,146
BP08525,Gucci,24,5,230,6
BP08526,Gucci,27,3,230,2
BP08527,Gucci,6,1,109,1
BP08528,Gucci,20,1,184,1
BP08529,Gucci,106,7,555,15
BP08530,Gucci,20,1,221,2
BP08531,Gucci,21,8,235,2
BP08532,Gucci,15,3,172,2
BP08533,Gucci,63,2,396,12
BP08534,Gucci,21,1,160,1
BP08535,Gucci,92,6,578,21
BP08536,Gucci,75,6,334,4
BP08537,Gucci,48,4,323,5
BP08538,Gucci,28,2,160,0
BP08539,Gucci,281,11,726,56
BP08540,Gucci,94,2,358,6
BP08541,Gucci,33,3,228,11
BP08542,Gucci,23,1,174,11
BP08543,Gucci,55,1,285,13
BP08544,Gucci,35,1,190,5
BP08545,Gucci,50,1,213,7
BP08546,Gucci,166,8,538,53
BP08547,Gucci,34,1,187,10
BP08548,Gucci,51,7,208,32
BP08549,Gucci,68,1,278,5
BP08550,Gucci,68,0,343,13
BP08551,Gucci,39,3,216,23
BP08552,Gucci,10120,421,12041,337
BP08553,Gucci,2076,81,2354,80
BP08554,Gucci,112,8,533,11
BP08555,Gucci,60,3,421,9
BP08556,Gucci,80,10,383,10
BP08557,Gucci,71,8,284,3
BP08558,Gucci,812,31,1676,74
BP08559,Gucci,271,51,858,54
BP08560,Gucci,28,1,187,1
BP08561,Gucci,18,0,197,2
BP08562,Gucci,42,5,336,4
BP08563,Gucci,35,6,356,0
BP08564,Gucci,47,4,380,2
BP08565,Gucci,22,3,212,1
BP08566,Gucci,38,5,345,2
BP08567,Gucci,78,3,403,5
BP08568,Gucci,38,5,285,0
BP08569,Gucci,23,4,265,2
BP08570,Gucci,47,5,398,9
BP08571,Gucci,109,14,564,24
BP08572,Gucci,29,2,259,1
BP08573,Gucci,41,5,378,1
BP08574,Gucci,29,3,295,11
BP08575,Gucci,55,4,390,9
BP08576,Gucci,72,5,513,13
BP08577,Gucci,40,5,315,2
BP08578,Gucci,54,5,490,6
BP08579,Gucci,63,3,431,4
BP08580,Gucci,35,3,300,1
BP08581,Gucci,97,3,518,5
BP08582,Gucci,119,1,505,6
BP08583,Gucci,55,4,369,1
BP08584,Gucci,20,5,237,1
BP08585,Gucci,22,2,276,1
BP08586,Gucci,37,9,312,7
BP08587,Gucci,17,3,205,0
BP08588,Gucci,10,1,147,0
BP08589,Gucci,26,3,219,8
BP08590,Gucci,34,6,392,3
BP08591,Gucci,71,5,597,7
BP08592,Gucci,62,6,445,8
BP08593,Gucci,74,8,571,10
BP08594,Gucci,31,0,293,5
BP08595,Gucci,61,2,467,7
BP08596,Gucci,65,6,497,7
BP08597,Gucci,462,30,1989,287
BP08598,Gucci,88,5,669,15
BP08599,Gucci,46,5,424,13
BP08600,Gucci,168,13,880,18
BP08601,Gucci,232,15,1167,24
BP08602,Gucci,32,4,266,0
BP08603,Gucci,57,7,555,1
BP08604,Gucci,44,4,384,2
BP08605,Gucci,28,4,293,0
BP08606,Gucci,52,4,444,3
BP08607,Gucci,40,7,383,0
BP08608,Gucci,59,10,518,5
BP08609,Gucci,67,3,505,1
BP08610,Gucci,32,1,354,2
BP08611,Gucci,54,4,452,2
BP08612,Gucci,129,1,652,10
BP08613,Gucci,63,2,498,3
BP08614,Gucci,74,5,551,6
BP08615,Gucci,43,1,343,2
BP08616,Gucci,44,2,306,0
BP08617,Gucci,1266,24,7338,45
BP08618,Gucci,36,1,251,2
BP08619,Gucci,36,3,294,3
BP08620,Gucci,36,1,259,2
BP08621,Gucci,33,1,291,2
BP08622,Gucci,49,6,346,3
BP08623,Gucci,37,1,297,1
BP08624,Gucci,35,3,293,3
BP08625,Gucci,30,5,233,2
BP08626,Gucci,39,2,277,3
BP08627,Gucci,1087,45,6517,61
BP08628,Gucci,31,2,247,0
BP08629,Gucci,46,1,307,2
BP08630,Gucci,76,6,479,4
BP08631,Gucci,35,3,260,1
BP08632,Gucci,20,0,0,0
BP08633,Gucci,17,0,0,0
BP08634,Gucci,13966,259,18877,218
BP08635,Gucci,14838,222,19430,167
BP08636,Gucci,5028,50,8136,14
BP08637,Gucci,15712,261,19893,183
BP08638,Gucci,16151,400,19700,246
BP08639,Gucci,20491,808,25495,401
BP08640,Gucci,1526,27,8035,42
BP08641,Gucci,40,4,224,2
BP08642,Gucci,34,1,214,3
BP08643,Gucci,1559,53,9147,89
BP08644,Gucci,40,3,268,2
BP08645,Gucci,19,0,193,1
BP08646,Gucci,32,1,252,0
BP08647,Gucci,22,8,218,2
BP08648,Gucci,30,1,242,1
BP08649,Gucci,21,1,155,0
BP08650,Gucci,25,4,175,0
BP08651,Gucci,39,2,215,0
BP08652,Gucci,1016,22,5183,31
BP08653,Gucci,49,5,353,0
BP08654,Gucci,43,2,300,2
BP08655,Gucci,67,5,373,3
BP08656,Gucci,388,6,1693,2
BP08657,Gucci,454,11,2185,6
BP08658,Gucci,40,2,271,1
BP08659,Gucci,78,14,534,4
BP08660,Gucci,2742,86,11823,298
BP08661,Gucci,45,4,285,1
BP08662,Gucci,20,1,134,0
BP08663,Gucci,87,8,525,6
BP08664,Gucci,32,1,237,1
BP08665,Gucci,33,8,205,1
BP08666,Gucci,27,0,192,0
BP08667,Gucci,37,1,225,0
BP08668,Gucci,58,17,310,9
BP08669,Gucci,18,1,132,1
BP08670,Gucci,52,2,307,2
BP08671,Gucci,33,3,208,3
BP08672,Gucci,63,9,437,0
BP08673,Gucci,69,2,433,9
BP08674,Gucci,55,1,367,5
BP08675,Gucci,24,1,224,2
BP08676,Gucci,26,1,210,0
BP08677,Gucci,36,2,228,0
BP08678,Gucci,38,5,302,2
BP08679,Gucci,89,3,565,11
BP08680,Gucci,33,2,324,5
BP08681,Gucci,49,2,366,4
BP08682,Gucci,121,7,651,15
BP08683,Gucci,78,2,516,8
BP08684,Gucci,29,2,199,1
BP08685,Gucci,36,2,326,2
BP08686,Gucci,45,3,359,3
BP08687,Gucci,25,1,181,1
BP08688,Gucci,36,6,250,2
BP08689,Gucci,49,5,412,3
BP08690,Gucci,40,3,375,3
BP08691,Gucci,42,1,327,3
BP08692,Gucci,56,2,361,5
BP08693,Gucci,34,1,308,3
BP08694,Gucci,45,10,345,6
BP08695,Gucci,24,1,203,3
BP08696,Gucci,23,4,165,1
BP08697,Gucci,117,4,570,10
BP08698,Gucci,2003,26,9874,54
BP08699,Gucci,2409,59,12179,116
BP08700,Gucci,20,0,152,2
BP08701,Gucci,15,3,140,3
BP08702,Gucci,29,4,247,4
BP08703,Gucci,71,8,638,6
BP08704,Gucci,19,3,127,1
BP08705,Gucci,32,3,171,4
BP08706,Gucci,25,1,164,1
BP08707,Gucci,36,1,206,4
BP08708,Gucci,19,0,180,0
BP08709,Gucci,39,2,245,3
BP08710,Gucci,32,0,275,2
BP08711,Gucci,42,0,306,4
BP08712,Gucci,28,0,219,0
BP08713,Gucci,52,2,337,0
BP08714,Gucci,23,5,260,3
BP08715,Gucci,29,2,213,4
BP08716,Gucci,24,1,291,2
BP08717,Gucci,35,1,279,5
BP08718,Gucci,32,0,294,4
BP08719,Gucci,30,3,315,5
BP08720,Gucci,24,6,178,1
BP08721,Gucci,23,2,227,2
BP08722,Gucci,27,1,242,0
BP08723,Gucci,20,3,214,2
BP08724,Gucci,33,8,274,2
BP08725,Gucci,30,4,256,1
BP08726,Gucci,24,2,243,2
BP08727,Gucci,18,3,198,0
BP08728,Gucci,91,7,521,8
BP08729,Gucci,45,2,304,3
BP08730,Gucci,63,2,560,2
BP08731,Gucci,34,1,316,2
BP08732,Gucci,79,8,659,7
BP08733,Gucci,31,2,279,2
BP08734,Gucci,126,23,916,6
BP08735,Gucci,42,7,390,3
BP08736,Gucci,1666,102,8727,77
BP08737,Gucci,74,5,454,11
BP08738,Gucci,17,4,325,4
BP08739,Gucci,23,5,211,0
BP08740,Gucci,20,2,193,0
BP08741,Gucci,51,5,331,1
BP08742,Gucci,35,0,265,0
BP08743,Gucci,62,5,360,5
BP08744,Gucci,35,3,319,0
BP08745,Gucci,30,1,238,2
BP08746,Gucci,40,2,271,1
BP08747,Gucci,32,1,296,1
BP08748,Gucci,36,7,231,0
BP08749,Gucci,24,0,185,0
BP08750,Gucci,35,2,257,5
BP08751,Gucci,32,1,257,2
BP08752,Gucci,29,1,175,0
BP08753,Gucci,17,0,241,1
BP08754,Gucci,60,3,429,5
BP08755,Gucci,45,1,268,2
BP08756,Gucci,104,11,732,17
BP08757,Gucci,69,4,453,8
BP08758,Gucci,49,3,266,2
BP08759,Gucci,45,5,409,4
BP08760,Gucci,55,4,406,2
BP08761,Gucci,48,2,392,7
BP08762,Gucci,38,3,323,2
BP08763,Gucci,33,3,271,0
BP08764,Gucci,39,2,345,0
BP08765,Gucci,25,1,197,2
BP08766,Gucci,37,0,243,3
BP08767,Gucci,25,0,210,0
BP08768,Gucci,38,1,315,2
BP08769,Gucci,32,0,211,3
BP08770,Gucci,34,1,206,2
BP08771,Gucci,33,3,300,2
BP08772,Gucci,20,3,177,1
BP08773,Gucci,29,2,227,1
BP08774,Gucci,33,2,253,1
BP08775,Gucci,23,3,212,0
BP08776,Gucci,47,1,271,5
BP08777,Gucci,22,1,211,0
BP08778,Gucci,48,5,415,1
BP08779,Gucci,56,7,505,10
BP08780,Gucci,48,2,346,3
BP08781,Gucci,48,3,383,2
BP08782,Gucci,43,2,313,5
BP08783,Gucci,37,3,300,3
BP08784,Gucci,29,2,270,0
BP08785,Gucci,22,2,246,0
BP08786,Gucci,23,3,163,1
BP08787,Gucci,24,3,236,0
BP08788,Gucci,31,1,298,3
BP08789,Gucci,34,5,309,6
BP08790,Gucci,20,0,142,0
BP08791,Gucci,27,4,166,5
BP08792,Gucci,24,6,220,0
BP08793,Gucci,20,0,178,0
BP08794,Gucci,34,4,232,1
BP08795,Gucci,26,0,153,2
BP08796,Gucci,20,1,168,0
BP08797,Gucci,21,2,182,0
BP08798,Gucci,123,15,839,10
BP08799,Gucci,35,3,199,0
BP08800,Gucci,26,1,183,0
BP08801,Gucci,1360,66,2923,75
BP08802,Gucci,37,2,277,2
BP08803,Gucci,26,1,207,0
BP08804,Gucci,36,4,349,3
BP08805,Gucci,25,1,226,2
BP08806,Gucci,25,1,270,3
BP08807,Gucci,82,6,437,7
BP08808,Gucci,40,3,385,4
BP08809,Gucci,57,6,553,4
BP08810,Gucci,15,4,172,1
BP08811,Gucci,24,4,336,8
BP08812,Gucci,20,2,226,1
BP08813,Gucci,39,2,334,3
BP08814,Gucci,17,3,183,0
BP08815,Gucci,41,3,295,8
BP08816,Gucci,26,0,241,1
BP08817,Gucci,20,3,203,0
BP08818,Gucci,18,2,218,2
BP08819,Gucci,25,2,213,0
BP08820,Gucci,40,4,304,4
BP08821,Gucci,25,3,163,3
BP08822,Gucci,18,4,197,1
BP08823,Gucci,48,4,374,2
BP08824,Gucci,67,5,420,13
BP08825,Gucci,40,4,384,3
BP08826,Gucci,29,4,326,1
BP08827,Gucci,27,3,364,2
BP08828,Gucci,46,3,405,9
BP08829,Gucci,50,2,395,6
BP08830,Gucci,19,2,258,2
BP08831,Gucci,32,5,334,3
BP08832,Gucci,36,4,312,3
BP08833,Gucci,14,1,228,0
BP08834,Gucci,50,2,436,1
BP08835,Gucci,2329,34,10979,73
BP08836,Gucci,20,1,249,2
BP08837,Gucci,21,10,185,2
BP08838,Gucci,3360,73,13382,136
BP08839,Gucci,1870,43,6671,64
BP08840,Gucci,30,1,189,5
BP08841,Gucci,18,5,249,2
BP08842,Gucci,12,2,202,3
BP08843,Gucci,18,0,192,1
BP08844,Gucci,31,2,229,2
BP08845,Gucci,47,4,257,6
BP08846,Gucci,89,5,459,25
BP08847,Gucci,25,4,256,1
BP08848,Gucci,11,1,205,1
BP08849,Gucci,25,1,230,2
BP08850,Gucci,28,0,281,3
BP08851,Gucci,26,1,220,0
BP08852,Gucci,34,4,274,5
BP08853,Gucci,194,8,1218,35
BP08854,Gucci,21,2,230,0
BP08855,Gucci,12,1,147,1
BP08856,Gucci,28,4,288,3
BP08857,Gucci,17,0,172,1
BP08858,Gucci,29,6,327,0
BP08859,Gucci,42,3,400,6
BP08860,Gucci,59,3,417,8
BP08861,Gucci,22,2,267,0
BP08862,Gucci,56,5,461,11
BP08863,Gucci,23,1,264,4
BP08864,Gucci,47,1,426,3
BP08865,Gucci,85,8,584,7
BP08866,Gucci,27,4,238,2
BP08867,Gucci,1324,127,5325,217
BP08868,Gucci,36,1,329,1
BP08869,Gucci,27,6,288,1
BP08870,Gucci,48,4,336,5
BP08871,Gucci,166,16,925,24
BP08872,Gucci,12,1,214,2
BP08873,Gucci,179,15,880,17
BP08874,Gucci,51,9,354,14
BP08875,Gucci,18,5,249,2
BP08876,Gucci,685,79,2415,183
BP08877,Gucci,190,7,542,39
BP08878,Gucci,27,2,283,4
BP08879,Gucci,130,4,667,4
BP08880,Gucci,31,5,294,5
BP08881,Gucci,59,6,413,9
BP08882,Gucci,62,7,399,4
BP08883,Gucci,36,1,319,4
BP08884,Gucci,50,5,523,5
BP08885,Gucci,47,5,385,6
BP08886,Gucci,58,4,427,4
BP08887,Gucci,19,0,197,0
BP08888,Gucci,53,2,364,3
BP08889,Gucci,39,4,388,5
BP08890,Gucci,17,7,239,2
BP08891,Gucci,32,1,263,3
BP08892,Gucci,35,4,245,2
BP08893,Gucci,25,6,230,2
BP08894,Gucci,128,2,471,64
BP08895,Gucci,12,2,173,2
BP08896,Gucci,41,9,344,8
BP08897,Gucci,47,5,426,5
BP08898,Gucci,76,6,356,8
BP08899,Gucci,14,2,180,1
BP08900,Gucci,10,0,149,0
BP08901,Gucci,13,1,134,1
BP08902,Gucci,43,4,335,11
BP08903,Gucci,25,5,231,2
BP08904,Gucci,37,7,319,13
BP08905,Gucci,19,3,238,2
BP08906,Gucci,23,1,298,1
BP08907,Gucci,36,2,305,5
BP08908,Gucci,29,4,264,1
BP08909,Gucci,21,4,215,3
BP08910,Gucci,26,2,244,1
BP08911,Gucci,63,5,454,7
BP08912,Gucci,25,1,274,2
BP08913,Gucci,10,2,141,1
BP08914,Gucci,1470,34,3207,49
BP08915,Gucci,28,3,217,2
BP08916,Gucci,2637,92,2789,141
BP08917,Gucci,21,0,332,11
BP08918,Gucci,66,1,338,2
BP08919,Gucci,35,2,214,5
BP08920,Gucci,22,1,143,0
BP08921,Gucci,36,4,256,1
BP08922,Gucci,16,3,179,1
BP08923,Gucci,45,13,282,7
BP08924,Gucci,27,8,212,1
BP08925,Gucci,62,10,554,6
BP08926,Gucci,28,3,242,2
BP08927,Gucci,105,11,460,6
BP08928,Gucci,42,6,235,22
BP08929,Gucci,49,49,230,75
BP08930,Gucci,74,5,514,8
BP08931,Gucci,47,2,255,3
BP08932,Gucci,91,5,458,18
BP08933,Gucci,94,8,527,30
BP08934,Gucci,37,2,225,3
BP08935,Gucci,72,5,319,15
BP08936,Gucci,48,2,275,14
BP08937,Gucci,33,1,185,13
BP08938,Gucci,46,2,209,8
BP08939,Gucci,93,3,284,8
BP08940,Gucci,105,6,273,15
BP08941,Gucci,12,0,103,1
BP08942,Gucci,16,0,108,1
BP08943,Gucci,216,7,740,22
BP08944,Gucci,65,2,223,3
BP08945,Gucci,197,10,624,42
BP08946,Gucci,105,6,482,24
BP08947,Gucci,45,4,440,2
BP08948,Gucci,75,7,500,4
BP08949,Gucci,53,1,314,5
BP08950,Gucci,37,2,280,5
BP08951,Gucci,28,1,303,3
BP08952,Gucci,37,6,300,7
BP08953,Gucci,82,4,566,6
BP08954,Gucci,55,2,429,2
BP08955,Gucci,65,1,462,4
BP08956,Gucci,122,7,821,8
BP08957,Gucci,2192,80,3654,97
BP08958,Gucci,30986,2002,40327,1550
BP08959,Gucci,53,0,429,2
BP08960,Gucci,101,2,458,4
BP08961,Gucci,84,2,572,4
BP08962,Gucci,37,0,298,3
BP08963,Gucci,141,3,872,4
BP08964,Gucci,25,1,280,0
BP08965,Gucci,32,2,265,4
BP08966,Gucci,22,0,167,1
BP08967,Gucci,29,1,220,1
BP08968,Gucci,34,0,207,3
BP08969,Gucci,24,2,195,7
BP08970,Gucci,50,7,340,19
BP08971,Gucci,21,3,157,1
BP08972,Gucci,14429,892,17842,363
BP08973,Gucci,2296,96,9693,134
BP08974,Gucci,30,3,315,1
BP08975,Gucci,49,5,405,3
BP08976,Gucci,75,4,475,4
BP08977,Gucci,44,6,396,2
BP08978,Gucci,41,1,328,2
BP08979,Gucci,49,2,408,4
BP08980,Gucci,46,2,330,1
BP08981,Gucci,31,1,357,0
BP08982,Gucci,64,3,468,4
BP08983,Gucci,34,0,269,2
BP08984,Gucci,62,3,471,1
BP08985,Gucci,76,7,561,7
BP08986,Gucci,89,7,810,12
BP08987,Gucci,51,1,428,4
BP08988,Gucci,1,0,6,0
BP08989,Gucci,50,2,445,5
BP08990,Gucci,63,4,506,2
BP08991,Gucci,647,17,2516,16
BP08992,Gucci,1519,41,7655,77
BP08993,Gucci,19,2,214,1
BP08994,Gucci,27,5,333,4
BP08995,Gucci,45,5,368,3
BP08996,Gucci,51,4,317,3
BP08997,Gucci,52,6,298,5
BP08998,Gucci,83,2,249,3
BP08999,Gucci,58,3,349,4
BP09000,Gucci,46,0,236,1
BP09001,Gucci,92,2,519,5
BP09002,Gucci,57,3,359,2
BP09003,Gucci,44,1,308,3
BP09004,Gucci,36,1,214,2
BP09005,Gucci,39,0,206,2
BP09006,Gucci,39,2,218,1
BP09007,Gucci,26,0,189,0
BP09008,Gucci,35,1,316,1
BP09009,Gucci,46,3,362,1
BP09010,Gucci,62,8,471,4
BP09011,Gucci,23,0,234,3
BP09012,Gucci,27,0,227,1
BP09013,Gucci,33,6,334,6
BP09014,Gucci,19,3,197,0
BP09015,Gucci,24,4,190,4
BP09016,Gucci,37,5,334,6
BP09017,Gucci,27,5,235,0
BP09018,Gucci,113,10,638,26
BP09019,Gucci,136,15,830,34
BP09020,Gucci,83,6,532,2
BP09021,Gucci,27,3,278,1
BP09022,Gucci,33,1,325,4
BP09023,Gucci,35,3,426,4
BP09024,Gucci,40,7,461,6
BP09025,Gucci,18,3,228,0
BP09026,Gucci,45,3,350,2
BP09027,Gucci,17,3,221,1
BP09028,Gucci,36,6,446,9
BP09029,Gucci,43,3,483,8
BP09030,Gucci,12,1,246,0
BP09031,Gucci,37,3,340,1
BP09032,Gucci,54,6,569,5
BP09033,Gucci,36,3,421,3
BP09034,Gucci,41,9,445,4
BP09035,Gucci,48,4,382,4
BP09036,Gucci,16,3,200,0
BP09037,Gucci,30,4,304,0
BP09038,Gucci,41,6,406,1
BP09039,Gucci,81,9,612,2
BP09040,Gucci,34,3,289,1
BP09041,Gucci,82,3,707,6
BP09042,Gucci,39,2,420,1
BP09043,Gucci,54,8,544,6
BP09044,Gucci,46,3,333,1
BP09045,Gucci,25,2,331,1
BP09046,Gucci,43,2,396,1
BP09047,Gucci,60,7,677,6
BP09048,Gucci,37,2,377,4
BP09049,Gucci,60,2,539,4
BP09050,Gucci,62,2,463,2
BP09051,Gucci,33,2,398,4
BP09052,Gucci,672,23,2668,27
BP09053,Gucci,19043,2617,98387,1124
BP09054,Gucci,1005,19,3944,12
BP09055,Gucci,45,13,389,9
BP09056,Gucci,38,1,436,0
BP09057,Gucci,23,0,403,0
BP09058,Gucci,38,2,507,1
BP09059,Gucci,36,1,421,2
BP09060,Gucci,2888,81,15387,72
BP09061,Gucci,42,0,455,6
BP09062,Gucci,26,1,336,2
BP09063,Gucci,27,2,321,2
BP09064,Gucci,35,3,363,1
BP09065,Gucci,32,1,331,1
BP09066,Gucci,39,2,223,12
BP09067,Gucci,37,2,436,1
BP09068,Gucci,26,2,281,0
BP09069,Gucci,34,7,293,2
BP09070,Gucci,96,2,660,7
BP09071,Gucci,47,3,354,2
BP09072,Gucci,40,1,381,0
BP09073,Gucci,44,5,369,2
BP09074,Gucci,49,1,393,1
BP09075,Gucci,76,4,528,5
BP09076,Gucci,35,4,371,2
BP09077,Gucci,27,4,382,2
BP09078,Gucci,27,1,249,0
BP09079,Gucci,36,1,369,4
BP09080,Gucci,35,3,386,2
BP09081,Gucci,20,4,229,1
BP09082,Gucci,29,2,328,1
BP09083,Gucci,29,6,290,2
BP09084,Gucci,117,22,580,13
BP09085,Gucci,128,43,634,15
BP09086,Gucci,30,3,274,2
BP09087,Gucci,55,3,464,5
BP09088,Gucci,32,3,350,1
BP09089,Gucci,49,2,470,5
BP09090,Gucci,47,4,516,2
BP09091,Gucci,66,4,681,6
BP09092,Gucci,149,11,993,13
BP09093,Gucci,63,6,462,13
BP09094,Gucci,75,2,536,5
BP09095,Gucci,43,2,442,3
BP09096,Gucci,137,9,899,8
BP09097,Gucci,11,1,175,0
BP09098,Gucci,60,2,482,5
BP09099,Gucci,44,3,349,2
BP09100,Gucci,91,0,592,4
BP09101,Gucci,47,1,437,2
BP09102,Gucci,36,5,331,0
BP09103,Gucci,37,4,258,3
BP09104,Gucci,46,2,383,3
BP09105,Gucci,29,0,281,1
BP09106,Gucci,43,2,395,1
BP09107,Gucci,32,1,321,3
BP09108,Gucci,39,1,291,2
BP09109,Gucci,34,1,324,4
BP09110,Gucci,33,3,310,2
BP09111,Gucci,33,3,314,0
BP09112,Gucci,21,1,321,2
BP09113,Gucci,49,1,380,1
BP09114,Gucci,36,2,272,2
BP09115,Gucci,19,1,259,1
BP09116,Gucci,23,1,279,2
BP09117,Gucci,73,2,403,8
BP09118,Gucci,43,1,318,3
BP09119,Gucci,67,5,677,6
BP09120,Gucci,78,4,572,1
BP09121,Gucci,58,4,588,3
BP09122,Gucci,42,6,359,6
BP09123,Gucci,31,2,299,2
BP09124,Gucci,28,3,333,2
BP09125,Gucci,33,2,378,1
BP09126,Gucci,37,5,431,5
BP09127,Gucci,20,1,253,0
BP09128,Gucci,45,2,409,3
BP09129,Gucci,37,1,425,4
BP09130,Gucci,68,3,615,0
BP09131,Gucci,25,2,329,1
BP09132,Gucci,36,4,406,0
BP09133,Gucci,35,2,376,1
BP09134,Gucci,44,5,412,0
BP09135,Gucci,38,3,321,1
BP09136,Gucci,81,2,419,7
BP09137,Gucci,27,0,205,3
BP09138,Gucci,38,2,210,1
BP09139,Gucci,16,0,161,0
BP09140,Gucci,44,1,336,4
BP09141,Gucci,4,2,162,0
BP09142,Gucci,83,5,602,5
BP09143,Gucci,53,1,485,2
BP09144,Gucci,30,2,368,3
BP09145,Gucci,35,4,329,2
BP09146,Gucci,33,2,206,3
BP09147,Gucci,23,6,222,3
BP09148,Gucci,11,1,159,0
BP09149,Gucci,7,2,141,1
BP09150,Gucci,14,1,152,1
BP09151,Gucci,17,2,169,1
BP09152,Gucci,11,3,148,2
BP09153,Gucci,12,1,171,2
BP09154,Gucci,34,2,382,2
BP09155,Gucci,54,4,510,3
BP09156,Gucci,26,2,325,3
BP09157,Gucci,33,2,396,0
BP09158,Gucci,73,8,576,9
BP09159,Gucci,20,1,324,1
BP09160,Gucci,84,4,716,6
BP09161,Gucci,71,1,517,3
BP09162,Gucci,50,3,482,1
BP09163,Gucci,93,4,725,10
BP09164,Gucci,145,9,722,28
BP09165,Gucci,51,4,439,2
BP09166,Gucci,40,0,332,1
BP09167,Gucci,163,5,915,17
BP09168,Gucci,32,3,329,1
BP09169,Gucci,16,2,159,1
BP09170,Gucci,49,1,500,6
BP09171,Gucci,19,1,337,1
BP09172,Gucci,29,5,324,1
BP09173,Gucci,51,5,465,13
BP09174,Gucci,32,1,289,2
BP09175,Gucci,53,8,441,5
BP09176,Gucci,28,3,324,0
BP09177,Gucci,28,4,351,1
BP09178,Gucci,36,5,384,1
BP09179,Gucci,23,3,302,2
BP09180,Gucci,28,0,293,1
BP09181,Gucci,39,5,322,2
BP09182,Gucci,67,5,459,4
BP09183,Gucci,10,3,189,0
BP09184,Gucci,30,3,352,5
BP09185,Gucci,15497,785,19808,408
BP09186,Gucci,41,1,397,3
BP09187,Gucci,27,2,261,0
BP09188,Gucci,69,13,651,8
BP09189,Gucci,91,9,630,10
BP09190,Gucci,73,17,467,8
BP09191,Gucci,23,4,294,2
BP09192,Gucci,25,5,304,1
BP09193,Gucci,25,2,263,3
BP09194,Gucci,37,1,404,4
BP09195,Gucci,30,2,379,5
BP09196,Gucci,25,3,272,1
BP09197,Gucci,26,7,330,4
BP09198,Gucci,38,3,351,1
BP09199,Gucci,34,2,382,2
BP09200,Gucci,35,2,317,1
BP09201,Gucci,64,7,464,6
BP09202,Gucci,25,2,251,2
BP09203,Gucci,20,1,193,3
BP09204,Gucci,38,1,289,0
BP09205,Gucci,16,0,189,1
BP09206,Gucci,10,0,191,1
BP09207,Gucci,10,0,140,0
BP09208,Gucci,27,2,279,3
BP09209,Gucci,23,1,241,2
BP09210,Gucci,15,1,212,0
BP09211,Gucci,20,1,184,0
BP09212,Gucci,8,1,168,1
BP09213,Gucci,16,1,208,3
BP09214,Gucci,22,2,247,1
BP09215,Gucci,25,1,342,0
BP09216,Gucci,23,0,262,2
BP09217,Gucci,22,0,211,0
BP09218,Gucci,27,2,306,0
BP09219,Gucci,12,4,224,0
BP09220,Gucci,13,4,243,2
BP09221,LV,26,6,325,0
BP09222,LV,21,5,302,0
BP09223,LV,19,0,248,1
BP09224,LV,20,2,299,0
BP09225,LV,47,5,443,0
BP09226,LV,79,12,470,3
BP09227,LV,89,13,697,8
BP09228,LV,55,11,433,0
BP09229,LV,42,8,468,0
BP09230,LV,37,6,392,1
BP09231,LV,59,6,461,2
BP09232,LV,51,10,457,3
BP09233,LV,45,10,496,1
BP09234,LV,89,10,540,3
BP09235,LV,73,5,485,1
BP09236,LV,67,10,515,3
BP09237,LV,61,8,397,0
BP09238,LV,63,6,368,1
BP09239,LV,40,5,336,0
BP09240,LV,58,7,374,2
BP09241,LV,94,29,625,7
BP09242,LV,150,41,702,10
BP09243,LV,53,23,353,2
BP09244,LV,67,21,382,2
BP09245,LV,45,16,305,1
BP09246,LV,69,22,399,2
BP09247,LV,87,33,595,5
BP09248,LV,70,16,454,2
BP09249,LV,89,21,449,3
BP09250,LV,82,28,491,3
BP09251,LV,84,13,501,2
BP09252,LV,52,11,377,1
BP09253,LV,83,16,579,6
BP09254,LV,57,8,394,0
BP09255,LV,57,7,392,0
BP09256,LV,82,11,532,4
BP09257,LV,74,16,604,2
BP09258,LV,67,19,540,0
BP09259,LV,77,8,479,0
BP09260,LV,77,11,484,1
BP09261,LV,85,9,503,10
BP09262,LV,86,9,607,4
BP09263,LV,86,11,542,3
BP09264,LV,80,8,546,3
BP09265,LV,83,10,491,1
BP09266,LV,89,21,505,1
BP09267,LV,123,14,648,2
BP09268,LV,97,10,593,2
BP09269,LV,126,15,727,8
BP09270,LV,108,13,503,3
BP09271,LV,95,39,533,1
BP09272,LV,59,11,386,2
BP09273,LV,84,5,410,0
BP09274,LV,126,53,668,13
BP09275,LV,215,66,1115,38
BP09276,LV,135,20,686,9
BP09277,LV,82,17,603,3
BP09278,LV,74,14,444,3
BP09279,LV,112,14,607,6
BP09280,LV,99,10,559,0
BP09281,LV,81,16,459,1
BP09282,LV,89,12,429,2
BP09283,LV,100,10,548,3
BP09284,LV,109,10,545,3
BP09285,LV,581,51,2817,50
BP09286,LV,163,19,830,9
BP09287,LV,147,17,782,10
BP09288,LV,115,11,709,11
BP09289,LV,67,11,464,1
BP09290,LV,68,9,467,7
BP09291,LV,109,18,703,3
BP09292,LV,94,18,586,2
BP09293,LV,72,13,414,2
BP09294,LV,70,15,481,2
BP09295,LV,94,9,467,2
BP09296,LV,61,10,381,0
BP09297,LV,94,8,473,1
BP09298,LV,138,13,1106,9
BP09299,LV,64,6,451,0
BP09300,LV,52,4,345,2
BP09301,LV,57,5,357,0
BP09302,LV,62,6,325,0
BP09303,LV,79,11,454,2
BP09304,LV,97,6,569,2
BP09305,LV,129,11,790,0
BP09306,LV,136,13,665,8
BP09307,LV,245,18,1285,9
BP09308,LV,268,19,1453,13
BP09309,LV,332,42,1653,15
BP09310,LV,107,16,574,3
BP09311,LV,115,17,813,4
BP09312,LV,75,12,519,4
BP09313,LV,53,14,441,1
BP09314,LV,35,7,431,0
BP09315,LV,67,14,657,7
BP09316,LV,284,28,1540,48
BP09317,LV,96,11,650,3
BP09318,LV,128,15,1217,13
BP09319,LV,79,11,651,5
BP09320,LV,84,22,819,5
BP09321,LV,75,13,966,3
BP09322,LV,104,14,726,5
BP09323,LV,84,14,720,4
BP09324,LV,42,8,451,2
BP09325,LV,76,8,570,12
BP09326,LV,74,11,646,4
BP09327,LV,60,12,528,2
BP09328,LV,311,6,897,50
BP09329,LV,1314,57,9474,63
BP09330,LV,36,7,376,1
BP09331,LV,49,10,467,2
BP09332,LV,83,32,693,5
BP09333,LV,42,10,503,3
BP09334,LV,121,47,1031,28
BP09335,LV,116,21,925,16
BP09336,LV,7706,511,93569,724
BP09337,LV,111,14,770,14
BP09338,LV,83,9,831,10
BP09339,LV,134,11,1506,12
BP09340,LV,2696,264,17583,438
BP09341,LV,123,9,612,7
BP09342,LV,625,29,1733,134
BP09343,LV,113,17,673,11
BP09344,LV,130,19,740,6
BP09345,LV,112,22,735,10
BP09346,LV,94,23,638,3
BP09347,LV,70,11,562,1
BP09348,LV,111,10,651,5
BP09349,LV,69,16,581,5
BP09350,LV,42,11,432,1
BP09351,LV,61,11,510,1
BP09352,LV,363,18,1042,12
BP09353,LV,61,15,566,0
BP09354,LV,69,12,538,1
BP09355,LV,122,19,924,7
BP09356,LV,101,20,746,5
BP09357,LV,105,20,669,14
BP09358,LV,82,18,680,3
BP09359,LV,61,16,554,4
BP09360,LV,76,16,652,7
BP09361,LV,72,19,859,7
BP09362,LV,32,12,458,2
BP09363,LV,57,16,529,3
BP09364,LV,53,13,569,3
BP09365,LV,62,15,615,1
BP09366,LV,72,14,670,10
BP09367,LV,88,27,911,12
BP09368,LV,50,15,586,2
BP09369,LV,66,15,594,9
BP09370,LV,55,13,423,1
BP09371,LV,48,10,492,2
BP09372,LV,92,18,868,9
BP09373,LV,61,21,691,7
BP09374,LV,42,7,477,0
BP09375,LV,38,7,533,4
BP09376,LV,81,16,790,8
BP09377,LV,49,12,525,1
BP09378,LV,64,11,582,2
BP09379,LV,67,24,657,10
BP09380,LV,71,28,527,3
BP09381,LV,48,20,471,2
BP09382,LV,59,17,570,5
BP09383,LV,98,35,1292,9
BP09384,LV,73,21,514,2
BP09385,LV,61,16,601,0
BP09386,LV,58,19,593,1
BP09387,LV,172,30,1019,5
BP09388,LV,95,22,785,9
BP09389,LV,60,15,526,3
BP09390,LV,81,15,537,2
BP09391,LV,60,17,472,1
BP09392,LV,125,21,1176,3
BP09393,LV,84,22,815,11
BP09394,LV,710,18,1603,20
BP09395,LV,6394,634,14268,462
BP09396,LV,87,29,951,9
BP09397,LV,542,41,1738,26
BP09398,LV,565,23,1500,27
BP09399,LV,166,18,983,10
BP09400,LV,170,16,984,5
BP09401,LV,8551,300,44234,338
BP09402,LV,5079,172,15796,129
BP09403,LV,97,17,608,0
BP09404,LV,332,15,1016,24
BP09405,LV,830,59,1575,56
BP09406,LV,106,22,801,7
BP09407,LV,48,14,581,1
BP09408,LV,132,27,991,56
BP09409,LV,62,10,527,2
BP09410,LV,74,18,541,4
BP09411,LV,48,16,482,2
BP09412,LV,104,19,964,6
BP09413,LV,572,39,5620,34
BP09414,LV,121,18,1012,13
BP09415,LV,48,17,556,3
BP09416,LV,67,16,617,0
BP09417,LV,123,18,1051,4
BP09418,LV,58,8,468,1
BP09419,LV,518,14,1668,49
BP09420,LV,254,48,1448,24
BP09421,LV,39,11,543,2
BP09422,LV,59,14,607,1
BP09423,LV,48,11,726,5
BP09424,LV,255,37,1446,15
BP09425,LV,81,16,728,4
BP09426,LV,160,13,1434,6
BP09427,LV,81,17,699,3
BP09428,LV,91,16,822,6
BP09429,LV,263,43,1397,15
BP09430,LV,67,18,637,7
BP09431,LV,67,17,596,4
BP09432,LV,82,16,649,3
BP09433,LV,77,20,628,9
BP09434,LV,73,20,815,5
BP09435,LV,48,18,639,2
BP09436,LV,119,32,1226,16
BP09437,LV,43,12,461,3
BP09438,LV,38,13,459,5
BP09439,LV,55,16,479,6
BP09440,LV,143,29,959,17
BP09441,LV,462,80,2533,109
BP09442,LV,62,10,566,3
BP09443,LV,354,48,2081,96
BP09444,LV,355,45,1827,108
BP09445,LV,61,9,573,5
BP09446,LV,812,117,3236,753
BP09447,LV,93,32,763,12
BP09448,LV,47,10,442,3
BP09449,LV,67,9,696,6
BP09450,LV,67,6,678,3
BP09451,LV,103,12,747,2
BP09452,LV,207,39,1169,29
BP09453,LV,207,34,1093,25
BP09454,LV,61,13,546,3
BP09455,LV,60,9,503,6
BP09456,LV,79,15,724,7
BP09457,LV,99,8,703,5
BP09458,LV,49,11,490,4
BP09459,LV,197,23,1031,11
BP09460,LV,64,18,791,7
BP09461,LV,72,17,684,4
BP09462,LV,58,8,598,1
BP09463,LV,100,24,851,5
BP09464,LV,63,15,685,8
BP09465,LV,56,13,565,7
BP09466,LV,85,19,704,2
BP09467,LV,57,8,499,2
BP09468,LV,49,5,476,0
BP09469,LV,273,23,1018,8
BP09470,LV,69,14,641,1
BP09471,LV,212,39,1227,10
BP09472,LV,187,19,1100,34
BP09473,LV,154,13,1224,20
BP09474,LV,1958,823,15229,352
BP09475,LV,125,17,884,11
BP09476,LV,95,18,825,6
BP09477,LV,153,26,1059,21
BP09478,LV,92,14,728,17
BP09479,LV,72,9,631,4
BP09480,LV,123,28,860,36
BP09481,LV,157,21,1349,11
BP09482,LV,69,11,596,7
BP09483,LV,67,8,712,8
BP09484,LV,101,9,792,3
BP09485,LV,154,22,1327,15
BP09486,LV,76,11,634,4
BP09487,LV,152,26,1331,10
BP09488,LV,102,24,908,7
BP09489,LV,50,8,505,0
BP09490,LV,54,9,607,2
BP09491,LV,68,10,561,6
BP09492,LV,63,11,571,2
BP09493,LV,60,10,533,1
BP09494,LV,116,16,872,9
BP09495,LV,137,8,939,10
BP09496,LV,118,11,915,9
BP09497,LV,55,10,544,1
BP09498,LV,81,9,646,4
BP09499,LV,69,11,622,2
BP09500,LV,47,4,495,0
BP09501,LV,56,6,597,2
BP09502,LV,87,10,621,9
BP09503,LV,126,21,854,17
BP09504,LV,118,13,960,13
BP09505,LV,97,16,903,5
BP09506,LV,40,12,501,2
BP09507,LV,94,18,862,4
BP09508,LV,55,14,601,2
BP09509,LV,86,11,652,10
BP09510,LV,61,8,646,3
BP09511,LV,84,15,821,5
BP09512,LV,85,12,666,9
BP09513,LV,158,18,1094,4
BP09514,LV,100,13,861,9
BP09515,LV,86,13,609,4
BP09516,LV,70,10,593,36
BP09517,LV,48,4,472,2
BP09518,LV,97,8,843,3
BP09519,LV,55,7,469,3
BP09520,LV,209,58,1334,24
BP09521,LV,50,8,595,2
BP09522,LV,57,6,609,8
BP09523,LV,95,16,777,1
BP09524,LV,89,13,779,8
BP09525,LV,140,50,989,22
BP09526,LV,102,22,795,13
BP09527,LV,141,44,980,36
BP09528,LV,98,14,757,3
BP09529,LV,98,9,839,2
BP09530,LV,103,11,804,9
BP09531,LV,110,12,1029,9
BP09532,LV,30,0,0,0
BP09533,LV,70,3,661,1
BP09534,LV,68,9,779,1
BP09535,LV,1181,7,4688,23
BP09536,LV,141,7,935,19
BP09537,LV,147,7,1134,11
BP09538,LV,118,11,1070,7
BP09539,LV,98,20,712,8
BP09540,LV,120,11,1115,10
BP09541,LV,80,11,1004,4
BP09542,LV,66,3,684,3
BP09543,LV,54,3,624,4
BP09544,LV,59,5,622,0
BP09545,LV,48,2,441,1
BP09546,LV,96,6,837,12
BP09547,LV,76,9,1021,2
BP09548,LV,76,11,1015,3
BP09549,LV,108,9,1049,16
BP09550,LV,123,9,1100,6
BP09551,LV,67,12,728,6
BP09552,LV,70,8,1173,4
BP09553,LV,52773,626,204116,518
BP09554,LV,96,15,1145,5
BP09555,LV,47,8,564,1
BP09556,LV,47,2,549,1
BP09557,LV,55,11,680,0
BP09558,LV,56,9,606,1
BP09559,LV,73,10,722,0
BP09560,LV,71,10,792,1
BP09561,LV,87,8,1030,10
BP09562,LV,81,17,1021,5
BP09563,LV,53,10,774,0
BP09564,LV,63,14,710,5
BP09565,LV,96,25,822,1
BP09566,LV,58,13,720,0
BP09567,LV,84,9,724,6
BP09568,LV,90,14,1292,5
BP09569,LV,127,11,1181,10
BP09570,LV,75,4,889,9
BP09571,LV,63,5,798,2
BP09572,LV,223,74,2747,24
BP09573,LV,85,9,824,6
BP09574,LV,306,32,2800,75
BP09575,LV,60,8,873,3
BP09576,LV,59,8,750,4
BP09577,LV,54,8,815,3
BP09578,LV,88,4,1010,3
BP09579,LV,72,5,1055,6
BP09580,LV,61,10,960,2
BP09581,LV,82,20,833,2
BP09582,LV,53,11,722,6
BP09583,LV,149,509,1330,175
BP09584,LV,138,197,1618,65
BP09585,LV,185,122,1531,71
BP09586,LV,72,15,716,2
BP09587,LV,118,17,1287,11
BP09588,LV,74,5,922,1
BP09589,LV,64,11,766,5
BP09590,LV,65,11,766,4
BP09591,LV,65,7,800,3
BP09592,LV,53,8,665,1
BP09593,LV,101,12,1083,5
BP09594,LV,94,14,1058,9
BP09595,LV,115,25,1017,5
BP09596,LV,103,13,1029,8
BP09597,LV,59,6,766,0
BP09598,LV,71,15,875,5
BP09599,LV,68,4,736,5
BP09600,LV,101,12,1446,11
BP09601,LV,138,20,1758,7
BP09602,LV,689,78,6557,58
BP09603,LV,69,5,808,2
BP09604,LV,1394,105,8438,78
BP09605,LV,43,2,760,4
BP09606,LV,113,5,1444,4
BP09607,LV,98,12,1277,6
BP09608,LV,112,11,1115,11
BP09609,LV,97,6,1046,12
BP09610,LV,96,11,938,6
BP09611,LV,115,13,1293,3
BP09612,LV,95,19,1497,7
BP09613,LV,120,9,1255,12
BP09614,LV,61,5,697,4
BP09615,LV,70,8,954,3
BP09616,LV,62,8,820,1
BP09617,LV,98,11,941,6
BP09618,LV,60,16,813,2
BP09619,LV,74,9,748,4
BP09620,LV,76,10,756,3
BP09621,LV,85,17,1110,12
BP09622,LV,100,11,1123,4
BP09623,LV,63,3,789,3
BP09624,LV,43,9,616,1
BP09625,LV,54,3,733,1
BP09626,LV,304,20,1291,13
BP09627,LV,77,5,903,2
BP09628,LV,88,7,950,2
BP09629,LV,109,9,1487,7
BP09630,LV,152,19,1555,16
BP09631,LV,2052,0,25517,314
BP09632,LV,136,17,1192,16
BP09633,LV,157,23,1001,25
BP09634,LV,102,10,1111,8
BP09635,LV,137,14,1338,11
BP09636,LV,72,29,833,7
BP09637,LV,68,16,735,2
BP09638,LV,53,13,721,4
BP09639,LV,56,9,803,4
BP09640,LV,73,30,1069,3
BP09641,LV,47,14,829,4
BP09642,LV,183,20,2593,13
BP09643,LV,136,70,1492,11
BP09644,LV,67,36,1212,6
BP09645,LV,68,29,980,2
BP09646,LV,90,19,1043,9
BP09647,LV,95,22,1282,4
BP09648,LV,93,18,1120,5
BP09649,LV,97,20,1155,7
BP09650,LV,89,21,1381,4
BP09651,LV,72,6,813,5
BP09652,LV,96,12,1212,5
BP09653,LV,321,39,3193,41
BP09654,LV,90,14,1123,6
BP09655,LV,60,11,1045,4
BP09656,LV,81,11,1155,4
BP09657,LV,79,7,1102,5
BP09658,LV,86,10,1012,8
BP09659,LV,58,6,809,3
BP09660,LV,73,13,853,5
BP09661,LV,112,15,1447,9
BP09662,LV,160,21,1535,10
BP09663,LV,107,12,1539,10
BP09664,LV,80,11,1160,3
BP09665,LV,104,11,1746,10
BP09666,LV,98,16,1206,7
BP09667,LV,122,18,1599,14
BP09668,LV,72,8,997,9
BP09669,LV,61,10,992,3
BP09670,LV,95,14,1182,8
BP09671,LV,113,22,1424,9
BP09672,LV,50,8,868,1
BP09673,LV,81,15,1179,2
BP09674,LV,79,12,972,15
BP09675,LV,79,16,1201,3
BP09676,LV,111,12,1409,7
BP09677,LV,75,10,1070,8
BP09678,LV,60,7,927,3
BP09679,LV,50,7,844,0
BP09680,LV,39,7,777,0
BP09681,LV,142,12,2055,7
BP09682,LV,75,17,1219,2
BP09683,LV,119,13,1600,8
BP09684,LV,649,67,5478,130
BP09685,LV,82,15,1322,7
BP09686,LV,65,12,1148,0
BP09687,LV,67,10,1045,1
BP09688,LV,72,11,1122,3
BP09689,LV,74,5,1084,3
BP09690,LV,71,10,1143,6
BP09691,LV,73,11,1068,1
BP09692,LV,59,11,1006,1
BP09693,LV,73,11,1136,4
BP09694,LV,59,4,1135,0
BP09695,LV,96,6,1345,5
BP09696,LV,77,8,1310,3
BP09697,LV,107,14,1598,5
BP09698,LV,64,9,1022,5
BP09699,LV,54,9,1054,5
BP09700,LV,103,8,1303,3
BP09701,LV,101,12,1306,4
BP09702,LV,434,46,5806,113
BP09703,LV,122,11,2121,12
BP09704,LV,60,5,1082,6
BP09705,LV,86,12,1255,5
BP09706,LV,123,9,1359,11
BP09707,LV,51,6,928,5
BP09708,LV,68,9,1122,2
BP09709,LV,108,12,1718,16
BP09710,LV,289,7,2853,20
BP09711,LV,18095,2775,99789,1457
BP09712,LV,133,8,1526,9
BP09713,LV,1338,68,9818,152
BP09714,LV,166,28,2378,27
BP09715,LV,133,13,2028,29
BP09716,LV,175,19,2180,19
BP09717,LV,110,12,1262,9
BP09718,LV,78,5,1235,5
BP09719,LV,401,65,2347,47
BP09720,LV,116,25,1674,6
BP09721,LV,1002,251,4364,143
BP09722,LV,167,24,1987,37
BP09723,LV,1143,320,4575,241
BP09724,LV,163,30,2670,12
BP09725,LV,50927,523,204169,734
BP09726,LV,50778,747,176295,1001
BP09727,LV,57575,769,208121,1221
BP09728,LV,59738,874,230501,988
BP09729,LV,49167,437,183943,502
BP09730,LV,52510,418,190452,765
BP09731,LV,63399,1033,240511,1372
BP09732,LV,47669,403,156953,487
BP09733,LV,129491,2008,542792,1995
BP09734,LV,180,12,4550,5
BP09735,LV,112,7,2345,1
BP09736,LV,89,7,1514,9
BP09737,LV,86,28,1242,7
BP09738,LV,82,11,1153,4
BP09739,LV,195,49,1628,65
BP09740,LV,170,27,1944,16
BP09741,LV,148,18,2076,9
BP09742,LV,244,29,3998,10
BP09743,LV,219,30,2646,12
BP09744,LV,84,18,1364,7
BP09745,LV,103,16,1425,10
BP09746,LV,87,13,1469,2
BP09747,LV,112,13,1331,7
BP09748,LV,82,12,1294,4
BP09749,LV,91,14,1740,7
BP09750,LV,45796,466,179026,306
BP09751,LV,51025,658,197923,532
BP09752,LV,51260,656,192550,638
BP09753,LV,40724,370,145441,343
BP09754,LV,42886,316,154257,400
BP09755,LV,59878,759,203479,1178
BP09756,LV,45672,299,151799,348
BP09757,LV,66058,416,198974,537
BP09758,LV,67338,807,194175,1462
BP09759,LV,105,12,2995,6
BP09760,LV,97,14,1615,7
BP09761,LV,101,19,1760,5
BP09762,LV,104,36,1430,6
BP09763,LV,170,42,1641,25
BP09764,LV,76,16,1158,5
BP09765,LV,67,13,989,4
BP09766,LV,105,18,1184,7
BP09767,LV,94,23,1383,10
BP09768,LV,74,22,1012,5
BP09769,LV,65,21,1079,7
BP09770,LV,123,19,1740,11
BP09771,LV,98,15,1400,18
BP09772,LV,107,18,1253,27
BP09773,LV,605,38,6536,23
BP09774,LV,335,25,3425,20
BP09775,LV,336,34,6381,7
BP09776,LV,15778,1560,95515,1046
BP09777,LV,5338,178,22679,524
BP09778,LV,14658,2408,70293,3618
BP09779,LV,122,24,1579,15
BP09780,LV,102,20,1265,2
BP09781,LV,87,16,1121,7
BP09782,LV,69,16,1186,4
BP09783,LV,71,14,1041,3
BP09784,LV,89,15,1245,3
BP09785,LV,1366,820,13557,141
BP09786,LV,50,13,1194,3
BP09787,LV,74,13,1400,2
BP09788,LV,98,14,1757,7
BP09789,LV,117091,1375,387352,1798
BP09790,LV,100,10,1815,6
BP09791,LV,69,19,1324,2
BP09792,LV,44,8,1011,3
BP09793,LV,106,14,2302,3
BP09794,LV,91,9,1547,7
BP09795,LV,96,11,1417,10
BP09796,LV,72,10,989,5
BP09797,LV,122,18,1906,11
BP09798,LV,103,18,1983,8
BP09799,LV,87,12,1595,5
BP09800,LV,75,15,1593,8
BP09801,LV,85,19,1215,5
BP09802,LV,52,6,1103,6
BP09803,LV,71,8,1075,1
BP09804,LV,56,7,888,0
BP09805,LV,221,40,2055,39
BP09806,LV,136,58,1235,20
BP09807,LV,143,43,1123,24
BP09808,LV,105,16,1371,6
BP09809,LV,743,170,7554,103
BP09810,LV,173,22,1447,10
BP09811,LV,83,20,1040,6
BP09812,LV,107,19,1197,12
BP09813,LV,63,11,1181,3
BP09814,LV,91,12,1153,3
BP09815,LV,61,5,929,4
BP09816,LV,103,10,1172,7
BP09817,LV,61,19,1133,12
BP09818,LV,67,9,1074,6
BP09819,LV,66,17,902,6
BP09820,LV,47,5,1077,2
BP09821,LV,90,10,1383,10
BP09822,LV,72,7,1154,4
BP09823,LV,84,12,925,10
BP09824,LV,98,10,1107,6
BP09825,LV,84,8,1245,3
BP09826,LV,78,7,1139,2
BP09827,LV,62,9,1075,2
BP09828,LV,477,41,7335,43
BP09829,LV,350,26,5392,23
BP09830,LV,66,7,1358,1
BP09831,LV,66,7,1175,3
BP09832,LV,69,11,1291,4
BP09833,LV,99,9,1265,15
BP09834,LV,45,10,1062,5
BP09835,LV,59,11,1038,2
BP09836,LV,86,14,1240,3
BP09837,LV,72,11,1141,4
BP09838,LV,94,13,1167,7
BP09839,LV,137,10,1820,1
BP09840,LV,101,14,1965,5
BP09841,LV,190,13,2369,19
BP09842,LV,90,8,1327,1
BP09843,LV,106,9,1508,14
BP09844,LV,120,17,1697,25
BP09845,LV,76,7,1466,4
BP09846,LV,153,9,2326,13
BP09847,LV,151,8,2033,14
BP09848,LV,62,4,1127,3
BP09849,LV,0,0,34,0
BP09850,LV,75,7,1315,10
BP09851,LV,62,8,1300,2
BP09852,LV,69,9,1273,7
BP09853,LV,69,11,971,2
BP09854,LV,81,10,1648,12
BP09855,LV,60,3,875,0
BP09856,LV,61,4,1095,7
BP09857,LV,48,6,1206,2
BP09858,LV,50,7,1207,3
BP09859,LV,60,5,1067,3
BP09860,LV,47,7,1235,1
BP09861,LV,61,5,1099,2
BP09862,LV,95,12,1745,4
BP09863,LV,107,10,1410,4
BP09864,LV,98,9,1497,5
BP09865,LV,58,4,1309,2
BP09866,LV,61,8,1179,3
BP09867,LV,76,7,1169,3
BP09868,LV,109,10,2071,7
BP09869,LV,323,13,4208,36
BP09870,LV,63,3,1162,3
BP09871,LV,60,5,1139,5
BP09872,LV,52,8,1052,3
BP09873,LV,58,2,1084,2
BP09874,LV,69,5,1413,2
BP09875,LV,48,5,1208,2
BP09876,LV,89,7,1294,4
BP09877,LV,66,5,1466,5
BP09878,LV,63,7,1065,3
BP09879,LV,75,11,1484,7
BP09880,LV,113,11,1525,5
BP09881,LV,88,9,1918,4
BP09882,LV,69,3,1227,1
BP09883,LV,97,6,1335,4
BP09884,LV,99,7,1607,4
BP09885,LV,92,12,1466,7
BP09886,LV,66,9,1445,10
BP09887,LV,109,10,1780,4
BP09888,LV,72,8,1430,3
BP09889,LV,79,6,1415,6
BP09890,LV,58,1,1335,4
BP09891,LV,94,9,1564,8
BP09892,LV,93,9,1360,3
BP09893,LV,213,61,1600,33
BP09894,LV,71,5,1218,5
BP09895,LV,324,42,1665,25
BP09896,LV,67,8,1255,1
BP09897,LV,792,63,2214,75
BP09898,LV,17439,1235,36314,677
BP09899,LV,102,27,1360,13
BP09900,LV,73,6,1300,3
BP09901,LV,2236,103,16961,340
BP09902,LV,8134,355,47317,1630
BP09903,LV,139,7,1558,9
BP09904,LV,2014,597,21812,337
BP09905,LV,137,21,1802,12
BP09906,LV,170,18,2402,13
BP09907,LV,105,6,1817,14
BP09908,LV,115,23,2931,20
BP09909,LV,104,9,2210,9
BP09910,LV,146,29,3153,27
BP09911,LV,119,10,2251,9
BP09912,LV,136,12,1988,16
BP09913,LV,73,17,1484,5
BP09914,LV,104,16,1694,10
BP09915,LV,39,7,1159,2
BP09916,LV,103,14,1637,10
BP09917,LV,151,12,2695,13
BP09918,LV,193,12,3214,15
BP09919,LV,176,21,2725,18
BP09920,LV,151,18,2557,13
BP09921,LV,107,16,1943,4
BP09922,LV,15555,513,62833,568
BP09923,LV,9311,392,32426,480
BP09924,LV,86,13,1901,4
BP09925,LV,60,8,1614,3
BP09926,LV,72,10,1609,2
BP09927,LV,49,10,1635,3
BP09928,LV,57,15,1597,3
BP09929,LV,52,12,1391,2
BP09930,LV,101,18,2057,2
BP09931,LV,73,13,1616,1
BP09932,LV,112,17,2315,11
BP09933,LV,54415,361,207395,382
BP09934,LV,60749,730,223210,545
BP09935,LV,81,9,1853,3
BP09936,LV,88,8,1371,2
BP09937,LV,106,8,1819,2
BP09938,LV,64,8,1440,3
BP09939,LV,100,17,2126,6
BP09940,LV,99,10,1852,3
BP09941,LV,78,10,1605,2
BP09942,LV,97,7,1961,5
BP09943,LV,99,14,1973,3
BP09944,LV,140,21,2811,10
BP09945,LV,100,10,1803,5
BP09946,LV,92,21,2022,4
BP09947,LV,99,11,2062,6
BP09948,LV,108,13,2405,7
BP09949,LV,86,13,1850,6
BP09950,LV,154,19,2846,16
BP09951,LV,217,29,3160,14
BP09952,LV,86,12,2198,9
BP09953,LV,116,32,2795,31
BP09954,LV,72,11,2150,5
BP09955,LV,50,9,1690,8
BP09956,LV,257,36,3940,10
BP09957,LV,225,22,3048,15
BP09958,LV,56,6,1515,2
BP09959,LV,59,7,1614,2
BP09960,LV,118,16,2013,5
BP09961,LV,72,15,1881,5
BP09962,LV,291,24,4548,28
BP09963,LV,83,13,2300,7
BP09964,LV,90,9,2523,12
BP09965,LV,182,17,2675,14
BP09966,LV,200,27,2832,28
BP09967,LV,63,6,1511,2
BP09968,LV,60,4,1381,1
BP09969,LV,56,6,1337,2
BP09970,LV,31,6,763,1
BP09971,LV,72,6,1463,4
BP09972,LV,42,6,882,4
BP09973,LV,89,4,1763,0
BP09974,LV,157,19,2540,10
BP09975,LV,93,10,1982,3
BP09976,LV,132,17,2003,15
BP09977,LV,83,18,2270,10
BP09978,LV,53,8,1646,5
BP09979,LV,66,11,2149,3
BP09980,LV,66,10,1890,4
BP09981,LV,79,4,1875,8
BP09982,LV,114,13,2545,11
BP09983,LV,79,11,1827,2
BP09984,LV,82,8,2056,2
BP09985,LV,57,8,1637,1
BP09986,LV,55,8,1849,3
BP09987,LV,62,7,1667,3
BP09988,LV,61,6,1679,2
BP09989,LV,62,7,1759,1
BP09990,LV,59,3,1532,0
BP09991,LV,68,9,1802,3
BP09992,LV,94,10,2197,4
BP09993,LV,73,4,1812,1
BP09994,LV,76,5,1863,0
BP09995,LV,72,5,2040,4
BP09996,LV,64,6,1959,0
BP09997,LV,74,1,1950,0
BP09998,LV,90,8,1979,8
BP09999,LV,133,19,2511,11
BP10000,LV,825,624,10983,1215
BP10001,LV,226,76,2510,183
BP10002,LV,129,11,2994,6
BP10003,LV,90,12,2168,1
BP10004,LV,79,17,2075,8
BP10005,LV,101,23,2737,5
BP10006,LV,92,9,2025,0
BP10007,LV,106,13,3313,10
BP10008,LV,104,15,2231,6
BP10009,LV,103,8,2796,5
BP10010,LV,145,15,2469,10
BP10011,LV,104,20,2412,7
BP10012,LV,119,15,2604,8
BP10013,LV,190,14,4645,12
BP10014,LV,116,16,3225,7
BP10015,LV,161,16,3430,13
BP10016,LV,63,19,2339,5
BP10017,LV,69,18,2418,1
BP10018,LV,63,17,2506,1
BP10019,LV,67,14,2307,3
BP10020,LV,68,10,2087,3
BP10021,LV,200,34,4062,11
BP10022,LV,150,12,2461,10
BP10023,LV,125,22,2766,8
BP10024,LV,197,41,2659,34
BP10025,LV,125,12,2446,4
BP10026,LV,90,12,2127,2
BP10027,LV,94,11,2677,2
BP10028,LV,109,16,2824,3
BP10029,LV,93,6,2686,3
BP10030,LV,94,11,2611,2
BP10031,LV,112,14,2979,4
BP10032,LV,101,13,2794,4
BP10033,LV,100,12,2662,3
BP10034,LV,122,16,2845,5
BP10035,LV,141,16,3043,6
BP10036,LV,96,12,2574,3
BP10037,LV,110,8,2496,1
BP10038,LV,115,10,2780,6
BP10039,LV,124,15,3075,1
BP10040,LV,390,25,4466,7
BP10041,LV,210,0,0,0
BP10042,LV,266,47,3672,22
BP10043,LV,319,46,3792,34
BP10044,LV,393,79,7448,34
BP10045,LV,133,12,3990,4
BP10046,LV,144,12,4196,6
BP10047,LV,139,18,3697,6
BP10048,LV,150,18,3426,7
BP10049,LV,501,61,11378,38
BP10050,LV,161,21,3214,12
BP10051,LV,108,11,2556,4
BP10052,LV,171,23,4770,9
BP10053,LV,168,28,4210,5
BP10054,LV,157,25,3690,5
BP10055,LV,226,36,4658,26
BP10056,LV,166,28,4019,4
BP10057,LV,212,28,3897,35
BP10058,LV,196,32,5314,11
BP10059,LV,186,33,3969,27
BP10060,LV,219,43,4479,67
BP10061,LV,152,24,3491,37
BP10062,LV,124,22,3883,2
BP10063,LV,120,33,3173,3
BP10064,LV,126,39,4256,3
BP10065,LV,106,27,3460,3
BP10066,LV,101,16,3629,3
BP10067,LV,217,27,7176,6
BP10068,LV,89,6,2935,1
BP10069,LV,133,15,3506,7
BP10070,LV,261,29,8970,20
BP10071,LV,151,26,5117,17
BP10072,LV,175,12,5504,11
BP10073,LV,128,10,4876,5
BP10074,LV,215,21,7115,14
BP10075,LV,204,20,5338,16
BP10076,LV,564,46,15685,39
BP10077,LV,136,12,4798,2
BP10078,LV,94,9,3518,3
BP10079,LV,107,13,3687,3
BP10080,LV,106,11,3327,1
BP10081,LV,480,38,9672,52
BP10082,LV,141,16,4106,5
BP10083,LV,114,12,3489,4
BP10084,LV,141,11,3477,2
BP10085,LV,181,24,5271,8
BP10086,LV,161,15,5782,7
BP10087,LV,149,18,5065,3
BP10088,LV,551,33,7716,6
BP10089,LV,170,16,5676,4
BP10090,LV,293,39,8202,5
BP10091,LV,1222,367,21956,314
BP10092,LV,131,24,4108,4
BP10093,LV,1291,94,12674,98
BP10094,LV,237,24,7283,8
BP10095,LV,396,90,8937,15
BP10096,LV,28114,307,112550,295
BP10097,LV,545,30,12453,10
BP10098,LV,949,44,17943,13
BP10099,LV,36098,812,115668,1201
BP10100,LV,79645,1662,298994,1606
BP10101,LV,15819,431,67025,271
BP10102,LV,82803,1513,290563,1321
BP10103,LV,1105,86,22853,8
BP10104,LV,78687,2236,264755,1536
BP10105,LV,32785,28895,145452,10279
BP10106,LV,110810,2484,386827,2141
BP10107,LV,40248,366,139252,242
BP10108,LV,91448,1427,301328,1484
BP10109,LV,25865,4014,166429,750
BP10110,LV,3914,134,51045,76
BP10111,LV,121443,3819,406490,3104
BP10112,LV,11383,318,103522,102
BP10113,LV,163175,5673,524254,7556
BP10114,LV,307359,11763,1194745,10695
BP10115,LV,61173,13634,353655,3250
BP10116,LV,42356,1387,198449,1021
BP10117,LV,93500,7312,382876,2671
BP10118,LV,206674,10320,637696,7184
BP10119,LV,30251,2090,165954,458
BP10120,LV,170155,8152,559361,3562
BP10121,LV,3180,821,51397,86
BP10122,LV,2639,767,36850,104
BP10123,LV,2780,1102,44088,73
BP10124,LV,2527,1114,35609,46
BP10125,LV,476446,190335,1100003,31254
BP10126,LV,12696,3362,106680,258
BP10127,LV,3478,545,47105,52
BP10128,LV,3427,554,44094,65
BP10129,LV,1857,299,27783,16
BP10130,LV,1579,266,24469,11
BP10131,LV,1685,313,24767,57
BP10132,LV,1512,222,19873,23
BP10133,LV,1105,163,17507,18
BP10134,LV,1139,183,17049,50
BP10135,LV,876,138,13323,9
BP10136,LV,929,147,13119,33
BP10137,LV,1177,163,15299,29
BP10138,LV,842,133,12137,31
BP10139,LV,836,131,11228,13
BP10140,LV,796,119,10912,21
BP10141,LV,692,95,9904,12
BP10142,LV,651,110,9173,7
BP10143,LV,587,110,8427,15
BP10144,LV,528,93,7274,4
BP10145,LV,518,85,7231,14
BP10146,LV,485,84,6772,4
BP10147,LV,436,71,6263,6
BP10148,LV,420,65,6379,7
BP10149,LV,469,63,6523,12
BP10150,LV,441,61,5863,15
BP10151,LV,866,62,7713,24
BP10152,LV,47774,5586,150332,1307
BP10153,LV,437,73,5756,25
BP10154,LV,465,65,5575,29
BP10155,LV,376,63,5161,16
BP10156,LV,345,65,4372,67
BP10157,LV,276,44,3920,10
BP10158,LV,305,45,4191,6
BP10159,LV,257,44,3687,7
BP10160,LV,185,41,3136,1
BP10161,LV,232,34,3402,8
BP10162,LV,183,33,3096,3
BP10163,LV,209,35,3251,4
BP10164,LV,186,39,3156,5
BP10165,LV,191,35,3063,7
BP10166,LV,210,32,2986,5
BP10167,LV,1052,293,10989,529
BP10168,LV,198,27,2781,5
BP10169,LV,194,28,2955,15
BP10170,LV,185,31,2559,8
BP10171,LV,199,30,2698,29
BP10172,LV,186,39,2928,9
BP10173,LV,158,29,2533,2
BP10174,LV,150,21,2578,2
BP10175,LV,187,27,2468,4
BP10176,LV,135,24,2294,4
BP10177,LV,173,25,2472,2
BP10178,LV,192,23,2648,13
BP10179,LV,193,26,2740,9
BP10180,LV,172,27,2351,9
BP10181,LV,221,33,3134,5
BP10182,LV,175,27,2537,8
BP10183,LV,142,45,2209,5
BP10184,LV,148,44,2229,7
BP10185,LV,157,27,2358,5
BP10186,LV,129,25,2197,7
BP10187,LV,153,31,2391,5
BP10188,LV,150,20,2529,5
BP10189,LV,170,18,2843,15
BP10190,LV,140,29,2296,3
BP10191,LV,144,25,2088,4
BP10192,LV,120,21,2099,2
BP10193,LV,133,27,2188,3
BP10194,LV,191,21,2457,10
BP10195,LV,53559,632,154418,540
BP10196,LV,90960,1669,252487,1751
BP10197,LV,83659,13949,234001,7423
BP10198,LV,181,30,2579,8
BP10199,LV,316,31,3553,31
BP10200,LV,652,88,4023,58
BP10201,LV,161,24,2287,7
BP10202,LV,138,18,1925,8
BP10203,LV,1151,131,5352,147
BP10204,LV,205,30,2624,11
BP10205,LV,321,34,2652,36
BP10206,LV,254,18,2927,13
BP10207,LV,102,14,1881,4
BP10208,LV,460,42,2650,40
BP10209,LV,108,24,2042,4
BP10210,LV,122,24,1932,2
BP10211,LV,131,23,2125,7
BP10212,LV,529,56,3766,39
BP10213,LV,170,16,2682,6
BP10214,LV,132,14,2274,12
BP10215,LV,209,25,3010,11
BP10216,LV,130,11,2060,6
BP10217,LV,113,18,2005,6
BP10218,LV,96,16,1846,5
BP10219,LV,100,19,2025,1
BP10220,LV,96,8,1686,4
BP10221,LV,150,17,2081,18
BP10222,LV,102,13,1677,5
BP10223,LV,98,12,1838,1
BP10224,LV,162,17,2489,8
BP10225,LV,142,17,2270,4
BP10226,LV,114,17,1928,4
BP10227,LV,85,22,1821,5
BP10228,LV,89,10,1792,2
BP10229,LV,80,9,1402,5
BP10230,LV,151,24,2679,4
BP10231,LV,159,19,2601,6
BP10232,LV,154,13,2403,3
BP10233,LV,172,16,2397,10
BP10234,LV,139,13,2161,9
BP10235,LV,129,19,2898,10
BP10236,LV,153,13,2114,6
BP10237,LV,188,33,3255,24
BP10238,LV,138,11,2164,10
BP10239,LV,85,18,2112,5
BP10240,LV,116,10,1708,4
BP10241,LV,85,9,1761,3
BP10242,LV,117,18,1841,6
BP10243,LV,76,16,1681,6
BP10244,LV,167,20,2197,31
BP10245,LV,67,8,1471,2
BP10246,LV,95,6,1439,2
BP10247,LV,74,6,1470,1
BP10248,LV,303,32,4078,22
BP10249,LV,129,25,2505,10
BP10250,LV,232,42,3609,33
BP10251,LV,171,56,3483,11
BP10252,LV,100962,1657,337473,1086
BP10253,LV,157853,5627,498306,4891
BP10254,LV,161086,7937,480876,7288
BP10255,LV,138688,6255,394699,4970
BP10256,LV,135576,5245,386383,5637
BP10257,LV,138230,4932,386580,4563
BP10258,LV,162442,7029,474303,8236
BP10259,LV,166156,6528,489159,6953
BP10260,LV,33763,478,139323,461
BP10261,LV,287573,27820,748769,57746
BP10262,LV,10123,270,81820,567
BP10263,LV,10160,254,78704,555
BP10264,LV,7513,190,56650,282
BP10265,LV,69,6,2731,4
BP10266,LV,92,8,1859,9
BP10267,LV,73,10,1539,6
BP10268,LV,45,3,960,0
BP10269,LV,49,6,1141,3
BP10270,LV,55,6,911,1
BP10271,LV,67,5,996,2
BP10272,LV,53,9,765,3
BP10273,LV,50,3,801,3
BP10274,LV,35,13,666,7
BP10275,LV,60,6,925,2
BP10276,LV,45,6,832,0
BP10277,LV,50,9,792,3
BP10278,LV,90,13,1029,5
BP10279,LV,70,4,754,2
BP10280,LV,44,7,718,2
BP10281,LV,30,3,672,0
BP10282,LV,73,6,787,7
BP10283,LV,635,58,4028,72
BP10284,LV,81,14,900,3
BP10285,LV,72,7,896,2
BP10286,LV,69,9,732,2
BP10287,LV,57,7,902,4
BP10288,LV,89,8,1141,4
BP10289,LV,52,4,787,2
BP10290,LV,76,6,864,7
BP10291,LV,58,6,771,1
BP10292,LV,120,8,1350,9
BP10293,LV,116,15,1135,8
BP10294,LV,70,8,929,4
BP10295,LV,60,6,742,2
BP10296,LV,68,4,865,5
BP10297,LV,84,10,883,5
BP10298,LV,99,9,1003,7
BP10299,LV,49,4,608,2
BP10300,LV,62,5,685,2
BP10301,LV,59,4,713,3
BP10302,LV,80,7,908,14
BP10303,LV,129,14,1071,37
BP10304,LV,77,6,882,4
BP10305,LV,48,7,712,5
BP10306,LV,68,4,835,5
BP10307,LV,89,11,835,5
BP10308,LV,45,6,614,2
BP10309,LV,55,8,728,1
BP10310,LV,45,2,648,1
BP10311,LV,66,12,974,1
BP10312,LV,36,4,566,0
BP10313,LV,55,6,832,4
BP10314,LV,67,7,803,3
BP10315,LV,41,7,695,3
BP10316,LV,62,7,604,2
BP10317,LV,18193,595,69971,1038
BP10318,LV,15653,597,57646,822
BP10319,LV,25559,1570,98258,2249
BP10320,LV,39,8,659,5
BP10321,LV,54,4,730,5
BP10322,LV,42,5,566,4
BP10323,LV,51,8,722,4
BP10324,LV,47,4,610,2
BP10325,LV,43,4,670,0
BP10326,LV,61,10,609,1
BP10327,LV,55,5,716,1
BP10328,LV,54,6,597,2
BP10329,LV,63,6,662,3
BP10330,LV,49,8,613,1
BP10331,LV,51,4,596,1
BP10332,LV,52,6,604,2
BP10333,LV,51,6,575,1
BP10334,LV,51,9,664,2
BP10335,LV,61,7,795,6
BP10336,LV,62,6,655,2
BP10337,LV,55,6,609,7
BP10338,LV,72,13,753,6
BP10339,LV,98,16,860,8
BP10340,LV,70,11,620,4
BP10341,LV,37,3,528,3
BP10342,LV,61,17,708,5
BP10343,LV,2318,60,5999,67
BP10344,LV,5212,110,20149,229
BP10345,LV,269,14,2456,17
BP10346,LV,320,15,2062,11
BP10347,LV,62,7,689,3
BP10348,LV,55,4,614,0
BP10349,LV,114,4,883,5
BP10350,LV,92,7,693,6
BP10351,LV,79,7,838,11
BP10352,LV,67,7,668,5
BP10353,LV,33,2,529,0
BP10354,LV,113,12,1110,4
BP10355,LV,45,8,576,1
BP10356,LV,111,12,1132,10
BP10357,LV,63,8,791,4
BP10358,LV,75,5,680,3
BP10359,LV,91,11,1087,2
BP10360,LV,58,8,608,4
BP10361,LV,38546,619,160515,536
BP10362,LV,83,7,809,2
BP10363,LV,70,3,736,3
BP10364,LV,50,5,714,1
BP10365,LV,72,4,542,2
BP10366,LV,76,9,879,1
BP10367,LV,68,5,569,5
BP10368,LV,53,8,604,1
BP10369,LV,44,9,581,1
BP10370,LV,65,6,572,1
BP10371,LV,44,7,629,5
BP10372,LV,42,5,544,1
BP10373,LV,56,5,517,2
BP10374,LV,57,5,646,4
BP10375,LV,56,6,532,2
BP10376,LV,45,9,474,5
BP10377,LV,346,67,1162,81
BP10378,LV,66,33,616,8
BP10379,LV,333,50,1015,23
BP10380,LV,30,5,381,0
BP10381,LV,65,6,428,3
BP10382,LV,50,5,466,3
BP10383,LV,48,5,512,1
BP10384,LV,48,8,490,1
BP10385,LV,142,8,907,7
BP10386,LV,75,11,519,7
BP10387,LV,69,14,685,3
BP10388,LV,63,2,632,2
BP10389,LV,47,5,427,2
BP10390,LV,57,11,444,4
BP10391,LV,72,12,499,6
BP10392,LV,128,8,641,17
BP10393,LV,465,196,5079,94
BP10394,LV,99,12,522,7
BP10395,LV,101,8,559,8
BP10396,LV,55,9,515,3
BP10397,LV,165,47,626,3
BP10398,LV,43,3,376,2
BP10399,LV,69,6,492,3
BP10400,LV,81,14,595,8
BP10401,LV,62,7,464,3
BP10402,LV,61,6,454,1
BP10403,LV,80,14,573,5
BP10404,LV,46,13,488,0
BP10405,LV,36,9,455,1
BP10406,LV,39,10,473,0
BP10407,LV,35,5,403,0
BP10408,LV,41,9,423,3
BP10409,LV,29,4,418,2
BP10410,LV,59,12,639,3
BP10411,LV,70,9,777,6
BP10412,LV,99,11,963,8
BP10413,LV,76,7,801,2
BP10414,LV,55,6,532,3
BP10415,LV,74,7,702,1
BP10416,LV,85,11,784,7
BP10417,LV,56,9,692,3
BP10418,LV,53,10,524,1
BP10419,LV,31,2,406,4
BP10420,LV,29,4,331,0
BP10421,LV,93,38,810,14
BP10422,LV,58,10,554,3
BP10423,LV,42,6,433,5
BP10424,LV,76,11,782,3
BP10425,LV,33,5,402,3
BP10426,LV,98,10,831,3
BP10427,LV,50,8,482,3
BP10428,LV,36,3,389,0
BP10429,LV,26,3,356,1
BP10430,LV,57,5,559,2
BP10431,LV,20,4,384,0
BP10432,LV,87,29,586,29
BP10433,LV,32,9,389,0
BP10434,LV,47,8,555,4
BP10435,LV,35,5,431,2
BP10436,LV,153,20,1209,26
BP10437,LV,27,2,368,0
BP10438,LV,58,8,505,8
BP10439,LV,36,7,438,0
BP10440,LV,51,9,611,1
BP10441,LV,57,5,554,6
BP10442,LV,164,19,1330,16
BP10443,LV,40,5,427,3
BP10444,LV,68,32,589,13
BP10445,LV,93,36,629,16
BP10446,LV,102,41,740,12
BP10447,LV,103,92,791,25
BP10448,LV,74,40,677,12
BP10449,LV,125,79,893,28
BP10450,LV,68,11,867,7
BP10451,LV,86,9,823,6
BP10452,LV,485,10,2363,76
BP10453,LV,66,3,684,2
BP10454,LV,42,7,454,2
BP10455,LV,74,7,553,14
BP10456,LV,68,8,592,7
BP10457,LV,74,8,604,6
BP10458,LV,59,4,666,7
BP10459,LV,98,13,902,5
BP10460,LV,43,10,576,1
BP10461,LV,68,13,635,11
BP10462,LV,56,9,535,3
BP10463,LV,180,50,1352,92
BP10464,LV,53,9,666,3
BP10465,LV,95,5,791,16
BP10466,LV,51,10,705,4
BP10467,LV,70,8,651,4
BP10468,LV,33,8,594,3
BP10469,LV,49,15,554,6
BP10470,LV,56,14,702,8
BP10471,LV,134,10,1046,6
BP10472,LV,56,6,727,3
BP10473,LV,83,13,887,9
BP10474,LV,64,8,730,7
BP10475,LV,79,12,919,11
BP10476,LV,35,1,475,1
BP10477,LV,63,6,686,4
BP10478,LV,73,9,729,5
BP10479,LV,51,5,598,7
BP10480,LV,23,2,335,1
BP10481,LV,67,3,775,6
BP10482,LV,32,5,488,2
BP10483,LV,52,6,486,0
BP10484,LV,80,9,603,4
BP10485,LV,46,5,469,3
BP10486,LV,97,11,730,23
BP10487,LV,89,9,939,13
BP10488,LV,69,16,677,36
BP10489,LV,94,6,1042,14
BP10490,LV,63,13,630,4
BP10491,LV,71,11,827,4
BP10492,LV,88,6,852,6
BP10493,LV,49,5,542,2
BP10494,LV,69,8,724,6
BP10495,LV,85,10,711,7
BP10496,LV,105,7,784,12
BP10497,LV,67,7,598,6
BP10498,LV,107,13,830,19
BP10499,LV,51,8,510,3
BP10500,LV,24,5,298,0
BP10501,LV,178,26,1290,30
BP10502,LV,680,111,4432,207
BP10503,LV,8324,656,41544,879
BP10504,LV,470,32,3697,103
BP10505,LV,127,19,1856,24
BP10506,LV,201862,13051,623297,33372
BP10507,LV,152,21,1363,30
BP10508,LV,51,11,661,29
BP10509,LV,84,14,906,14
BP10510,LV,71,11,717,7
BP10511,LV,64,11,742,13
BP10512,LV,172,10,873,14
BP10513,LV,47,12,529,7
BP10514,LV,68,6,564,5
BP10515,LV,66,9,749,11
BP10516,LV,50,7,618,4
BP10517,LV,76,14,768,11
BP10518,LV,55,4,394,3
BP10519,LV,102,16,734,13
BP10520,LV,146,12,993,14
BP10521,LV,632,42,3310,119
BP10522,LV,106,10,910,13
BP10523,LV,77,2,781,5
BP10524,LV,57,3,503,5
BP10525,LV,135,13,1202,15
BP10526,LV,55,4,414,1
BP10527,LV,32,3,279,0
BP10528,LV,47,11,650,5
BP10529,LV,30,1,456,1
BP10530,LV,47,9,560,1
BP10531,LV,37,8,522,2
BP10532,LV,53,8,599,6
BP10533,LV,41,12,490,5
BP10534,LV,51,3,472,4
BP10535,LV,51,4,463,0
BP10536,LV,140,45,2265,52
BP10537,LV,31,7,418,8
BP10538,LV,105,12,781,26
BP10539,LV,32,6,448,2
BP10540,LV,49,12,437,4
BP10541,LV,52,8,504,1
BP10542,LV,39,4,499,3
BP10543,LV,44,9,470,4
BP10544,LV,36,2,425,1
BP10545,LV,42,4,505,2
BP10546,LV,27,5,461,4
BP10547,LV,72,4,661,2
BP10548,LV,78,9,785,5
BP10549,LV,110,10,806,3
BP10550,LV,37,4,405,3
BP10551,LV,39,3,394,0
BP10552,LV,45,14,481,1
BP10553,LV,50,4,422,2
BP10554,LV,56,11,587,5
BP10555,LV,46,12,541,5
BP10556,LV,70,6,701,1
BP10557,LV,42,4,522,0
BP10558,LV,58,3,516,3
BP10559,LV,79,9,863,3
BP10560,LV,44,6,361,0
BP10561,LV,54,5,609,3
BP10562,LV,51,6,522,5
BP10563,LV,69,8,699,5
BP10564,LV,71,6,695,6
BP10565,LV,58,9,603,1
BP10566,LV,56,4,554,7
BP10567,LV,72,12,656,8
BP10568,LV,64,11,756,9
BP10569,LV,86,6,846,10
BP10570,LV,59,7,517,4
BP10571,LV,104,4,1008,10
BP10572,LV,56,3,543,4
BP10573,LV,142,23,1385,12
BP10574,LV,70,7,737,3
BP10575,LV,30,5,326,4
BP10576,LV,114,15,1007,11
BP10577,LV,82,7,706,5
BP10578,LV,110,10,779,31
BP10579,LV,46,8,570,3
BP10580,LV,93,11,980,13
BP10581,LV,49,6,494,5
BP10582,LV,51,5,624,7
BP10583,LV,64,8,840,6
BP10584,LV,17,3,270,0
BP10585,LV,73,10,959,12
BP10586,LV,71,5,792,5
BP10587,LV,54,2,642,7
BP10588,LV,42,4,479,4
BP10589,LV,67,4,568,6
BP10590,LV,61,3,731,10
BP10591,LV,59,6,670,3
BP10592,LV,48,5,598,2
BP10593,LV,25,7,486,3
BP10594,LV,55,2,598,7
BP10595,LV,76,13,752,9
BP10596,LV,29,3,374,1
BP10597,LV,102,11,1192,34
BP10598,LV,42,1,442,1
BP10599,LV,61,5,703,15
BP10600,LV,45,4,491,2
BP10601,LV,63,5,670,6
BP10602,LV,25,3,381,1
BP10603,LV,62,5,583,5
BP10604,LV,28,6,358,2
BP10605,LV,55,7,640,4
BP10606,LV,58,8,644,8
BP10607,LV,29,4,339,1
BP10608,LV,27,1,355,3
BP10609,LV,45,4,471,7
BP10610,LV,34,7,403,1
BP10611,LV,25,2,223,0
BP10612,LV,20,1,223,1
BP10613,LV,30,1,266,4
BP10614,LV,15,3,214,1
BP10615,LV,607,49,1219,44
BP10616,LV,353,34,1017,30
BP10617,LV,29,5,376,4
BP10618,LV,39,11,552,8
BP10619,LV,36,4,498,3
BP10620,LV,21,0,325,1
BP10621,LV,28,2,354,6
BP10622,LV,27,1,328,4
BP10623,LV,48,3,441,7
BP10624,LV,31,3,340,4
BP10625,LV,63,9,672,23
BP10626,LV,15,2,273,2
BP10627,LV,12,5,273,1
BP10628,LV,35,0,377,2
BP10629,LV,15,1,236,1
BP10630,LV,34,5,497,0
BP10631,LV,41,3,454,4
BP10632,LV,52,7,611,7
BP10633,LV,27,3,353,2
BP10634,LV,21,4,332,1
BP10635,LV,41,6,455,3
BP10636,LV,41,1,532,1
BP10637,LV,37,0,414,4
BP10638,LV,22,5,328,2
BP10639,LV,70,11,554,4
BP10640,LV,26,2,308,1
BP10641,LV,22,2,269,1
BP10642,LV,33,2,260,1
BP10643,LV,28,1,281,1
BP10644,LV,48,2,531,2
BP10645,LV,30,3,402,3
BP10646,LV,42,1,431,9
BP10647,LV,31,3,359,2
BP10648,LV,56,3,566,9
BP10649,LV,39,2,432,5
BP10650,LV,30,1,313,2
BP10651,LV,37,1,378,4
BP10652,LV,87,7,913,12
BP10653,LV,26,1,319,2
BP10654,LV,27,2,304,2
BP10655,LV,40,7,442,2
BP10656,LV,34,2,514,2
BP10657,LV,82,11,982,17
BP10658,LV,52,7,595,5
BP10659,LV,51,15,714,3
BP10660,LV,96,22,959,12
BP10661,LV,285,33,2186,121
BP10662,LV,152,21,1200,44
BP10663,LV,19,3,218,2
BP10664,LV,25,3,382,3
BP10665,LV,51,8,588,15
BP10666,LV,42,2,480,8
BP10667,LV,186,90,1135,30
BP10668,LV,51,4,507,2
BP10669,LV,68,4,589,4
BP10670,LV,117,12,1299,35
BP10671,LV,76,4,801,12
BP10672,LV,70,7,706,8
BP10673,LV,46,1,573,5
BP10674,LV,166,23,1173,37
BP10675,LV,52,10,661,10
BP10676,LV,55,19,502,8
BP10677,LV,39,22,447,11
BP10678,LV,39,10,407,11
BP10679,LV,29,15,345,8
BP10680,LV,80,29,632,9
BP10681,LV,35,3,409,8
BP10682,LV,46,3,436,4
BP10683,LV,35,7,379,10
BP10684,LV,63,9,628,4
BP10685,LV,49,8,715,4
BP10686,LV,41,2,367,6
BP10687,LV,64,4,544,5
BP10688,LV,50,4,514,4
BP10689,LV,65,6,804,12
BP10690,LV,52,11,720,6
BP10691,LV,610,38,6018,135
BP10692,LV,5297,232,32382,1562
BP10693,LV,183,5,2818,24
BP10694,LV,60,9,606,4
BP10695,LV,37,4,459,0
BP10696,LV,76,7,654,7
BP10697,LV,43,13,546,5
BP10698,LV,112,12,1159,10
BP10699,LV,77,11,714,8
BP10700,LV,35,4,385,6
BP10701,LV,58,8,529,9
BP10702,LV,41,1,371,3
BP10703,LV,42,2,487,3
BP10704,LV,61,10,565,5
BP10705,LV,59,3,572,11
BP10706,LV,73,5,664,4
BP10707,LV,51,3,694,5
BP10708,LV,133,15,1226,25
BP10709,LV,87,5,647,4
BP10710,LV,111,9,893,7
BP10711,LV,107,5,702,7
BP10712,LV,144,10,1107,14
BP10713,LV,78,2,551,4
BP10714,LV,232,15,1515,14
BP10715,LV,55,4,523,0
BP10716,LV,103,8,763,3
BP10717,LV,129,18,1182,12
BP10718,LV,54,3,508,1
BP10719,LV,53,4,402,3
BP10720,LV,88,4,667,1
BP10721,LV,30,2,309,4
BP10722,LV,41,4,353,1
BP10723,LV,63,3,410,2
BP10724,LV,59,9,503,3
BP10725,LV,42,2,306,1
BP10726,LV,38,5,372,4
BP10727,LV,65,4,615,8
BP10728,LV,59,1,431,2
BP10729,LV,49,2,302,2
BP10730,LV,81,5,438,3
BP10731,LV,29,0,267,2
BP10732,LV,27,2,223,1
BP10733,LV,50,6,387,3
BP10734,LV,33,0,271,2
BP10735,LV,54,2,393,2
BP10736,LV,28,0,271,0
BP10737,LV,329,29,2988,89
BP10738,LV,49,1,406,2
BP10739,LV,51,1,337,0
BP10740,LV,132,14,1496,13
BP10741,LV,38,4,371,2
BP10742,LV,246,20,1366,47
BP10743,LV,57,2,302,8
BP10744,LV,584,100,3744,86
BP10745,LV,100,5,419,7
BP10746,LV,58,5,441,1
BP10747,LV,34,1,341,3
BP10748,LV,62,5,447,1
BP10749,LV,51,1,323,0
BP10750,LV,74,7,442,4
BP10751,LV,52,3,417,1
BP10752,LV,69,2,542,10
BP10753,LV,55,2,358,3
BP10754,LV,57,13,449,3
BP10755,LV,87,6,698,5
BP10756,LV,60,4,675,0
BP10757,LV,92,6,571,4
BP10758,LV,67,7,514,2
BP10759,LV,90,3,627,15
BP10760,LV,67,3,567,5
BP10761,LV,54,1,365,2
BP10762,LV,85,10,702,7
BP10763,LV,59,1,418,1
BP10764,LV,54,2,375,3
BP10765,LV,57,6,613,6
BP10766,LV,54,5,520,1
BP10767,LV,385,20,2094,73
BP10768,LV,34,3,432,2
BP10769,LV,66,5,695,2
BP10770,LV,52,3,531,1
BP10771,LV,2,1,16,0
BP10772,LV,73,3,606,8
BP10773,LV,75,9,636,5
BP10774,LV,69,10,522,6
BP10775,LV,73,2,534,5
BP10776,LV,125,7,843,6
BP10777,LV,81,6,609,2
BP10778,LV,45,0,432,1
BP10779,LV,54,2,488,2
BP10780,LV,179,11,1100,11
BP10781,LV,75,3,678,3
BP10782,LV,68,4,586,8
BP10783,LV,61,1,462,5
BP10784,LV,48,17,377,2
BP10785,LV,57,4,531,1
BP10786,LV,56,3,425,4
BP10787,LV,74,6,541,3
BP10788,LV,49,10,571,1
BP10789,LV,47,2,479,0
BP10790,LV,61,2,482,2
BP10791,LV,52,3,357,1
BP10792,LV,33,2,297,4
BP10793,LV,34,3,310,4
BP10794,LV,20,0,227,1
BP10795,LV,40,5,401,12
BP10796,LV,40,3,278,0
BP10797,LV,41,2,274,0
BP10798,LV,55,1,413,2
BP10799,LV,39,4,262,2
BP10800,LV,1481,14,4139,56
BP10801,LV,30,3,214,2
BP10802,LV,596,13,5134,10
BP10803,LV,272,2,1221,3
BP10804,LV,40,0,333,2
BP10805,LV,138,15,905,9
BP10806,LV,58,4,452,8
BP10807,LV,77,0,477,6
BP10808,LV,126,7,701,24
BP10809,LV,718,59,2854,115
BP10810,LV,53,4,448,7
BP10811,LV,47,3,404,5
BP10812,LV,78,7,510,7
BP10813,LV,55,7,522,7
BP10814,LV,50,7,401,5
BP10815,LV,120,10,941,5
BP10816,LV,86,5,855,3
BP10817,LV,152,14,1154,11
BP10818,LV,58,7,602,3
BP10819,LV,53,4,464,3
BP10820,LV,92,2,745,11
BP10821,LV,41910,755,140127,958
BP10822,LV,75,6,541,3
BP10823,LV,41,2,375,2
BP10824,LV,59,5,505,3
BP10825,LV,73,9,651,5
BP10826,LV,78,7,425,8
BP10827,LV,86,8,745,13
BP10828,LV,168,11,950,47
BP10829,LV,70,5,566,1
BP10830,LV,74,4,541,3
BP10831,LV,65,7,497,2
BP10832,LV,41,6,352,2
BP10833,LV,82,6,623,3
BP10834,LV,42,7,423,9
BP10835,LV,171,8,1032,15
BP10836,LV,117,4,647,6
BP10837,LV,188,14,1119,35
BP10838,LV,95,13,782,13
BP10839,LV,80,5,839,10
BP10840,LV,84,4,753,9
BP10841,LV,86,7,776,3
BP10842,LV,112,10,746,16
BP10843,LV,62,4,528,3
BP10844,LV,81,4,575,12
BP10845,LV,48,4,445,2
BP10846,LV,54,3,447,4
BP10847,LV,126,12,591,10
BP10848,LV,64,4,441,3
BP10849,LV,131,15,792,35
BP10850,LV,111,13,723,10
BP10851,LV,50,1,433,9
BP10852,LV,69,3,485,5
BP10853,LV,60,2,529,1
BP10854,LV,94,6,723,7
BP10855,LV,74,8,667,2
BP10856,LV,66,6,452,8
BP10857,LV,59,2,368,5
BP10858,LV,79,4,552,15
BP10859,LV,104,13,557,10
BP10860,LV,114,16,701,10
BP10861,LV,1960,140,5780,149
BP10862,LV,118,13,614,7
BP10863,LV,73,2,425,10
BP10864,LV,82,11,577,12
BP10865,LV,90,5,593,15
BP10866,LV,86,7,606,3
BP10867,LV,154,8,848,22
BP10868,LV,44,3,353,0
BP10869,LV,970,55,1947,147
BP10870,LV,252,8,780,14
BP10871,LV,140,9,667,4
BP10872,LV,120,10,608,25
BP10873,LV,65,1,538,1
BP10874,LV,273,13,870,35
BP10875,LV,142,13,793,16
BP10876,LV,138,3,701,8
BP10877,LV,49,6,579,3
BP10878,LV,115,17,881,11
BP10879,LV,115,6,974,9
BP10880,LV,117,11,957,8
BP10881,LV,65,2,600,5
BP10882,LV,66,3,558,3
BP10883,LV,92,7,562,2
BP10884,LV,166,9,1404,26
BP10885,LV,96,5,541,6
BP10886,LV,62,4,488,0
BP10887,LV,112,13,704,16
BP10888,LV,42,1,375,0
BP10889,LV,57,3,454,4
BP10890,LV,36,3,347,1
BP10891,LV,55,2,485,4
BP10892,LV,83,17,1020,9
BP10893,LV,122,13,788,13
BP10894,LV,73,6,642,4
BP10895,LV,108,16,920,10
BP10896,LV,125,10,778,5
BP10897,LV,145,9,1168,11
BP10898,LV,51,2,383,1
BP10899,LV,78,6,604,4
BP10900,LV,45,2,517,0
BP10901,LV,48,5,434,0
BP10902,LV,75,3,525,7
BP10903,LV,61,4,494,1
BP10904,LV,202,15,1583,43
BP10905,LV,126,17,1305,10
BP10906,LV,63,1,440,0
BP10907,LV,78,6,750,7
BP10908,LV,55,2,528,1
BP10909,LV,52,5,430,1
BP10910,LV,47,4,453,3
BP10911,LV,47,5,532,2
BP10912,LV,42,2,452,0
BP10913,LV,37,2,460,1
BP10914,LV,36,1,374,2
BP10915,LV,68,1,485,2
BP10916,LV,39,1,300,0
BP10917,LV,54,2,475,1
BP10918,LV,50,3,415,2
BP10919,LV,34,1,275,1
BP10920,LV,38,2,369,5
BP10921,LV,67,4,469,1
BP10922,LV,29,0,305,0
BP10923,LV,30,1,257,1
BP10924,LV,100,8,814,2
BP10925,LV,47,0,444,0
BP10926,LV,106,14,971,13
BP10927,LV,70,4,610,2
BP10928,LV,77,5,462,2
BP10929,LV,134,8,874,10
BP10930,LV,72,2,568,4
BP10931,LV,76,3,665,2
BP10932,LV,41,5,451,1
BP10933,LV,68,3,487,5
BP10934,LV,72,12,511,3
BP10935,LV,44,9,382,1
BP10936,LV,48,5,545,1
BP10937,LV,44,2,405,0
BP10938,LV,58,5,410,5
BP10939,LV,58,6,416,6
BP10940,LV,50,5,372,3
BP10941,LV,802,149,6309,154
BP10942,LV,46,3,281,8
BP10943,LV,71,3,495,8
BP10944,LV,37,1,398,1
BP10945,LV,74,4,620,2
BP10946,LV,123,6,790,12
BP10947,LV,72,4,739,4
BP10948,LV,137,9,942,12
BP10949,LV,73,3,630,7
BP10950,LV,118,6,742,9
BP10951,LV,102,2,830,11
BP10952,LV,65,4,468,1
BP10953,LV,81,3,595,6
BP10954,LV,101,15,829,5
BP10955,LV,46,11,541,8
BP10956,LV,91,4,590,7
BP10957,LV,32,5,250,0
BP10958,LV,185,36,690,20
BP10959,LV,27,2,242,3
BP10960,LV,63,13,450,11
BP10961,LV,52,5,332,3
BP10962,LV,21,4,212,0
BP10963,LV,31,0,231,0
BP10964,LV,22,4,255,1
BP10965,LV,19,1,209,1
BP10966,LV,574,65,1002,52
BP10967,LV,58,8,306,7
BP10968,LV,31,1,290,2
BP10969,LV,35,5,288,1
BP10970,LV,33,8,284,1
BP10971,LV,22,1,203,3
BP10972,LV,26,2,231,1
BP10973,LV,27,0,230,0
BP10974,LV,43,3,266,3
BP10975,LV,64,4,298,7
BP10976,LV,115,5,1241,21
BP10977,LV,74,8,633,6
BP10978,LV,107,10,820,5
BP10979,LV,139,4,1048,14
BP10980,LV,159,22,1279,26
BP10981,LV,56,7,502,0
BP10982,LV,68,3,496,2
BP10983,LV,81,10,826,11
BP10984,LV,54,5,502,0
BP10985,LV,44,6,399,1
BP10986,LV,66,5,593,6
BP10987,LV,81,5,774,10
BP10988,LV,73,8,622,5
BP10989,LV,105,11,1185,17
BP10990,LV,218,31,1850,104
BP10991,LV,181,19,1704,16
BP10992,LV,140,20,1455,32
BP10993,LV,99,7,980,13
BP10994,LV,101,11,998,7
BP10995,LV,162,14,1572,26
BP10996,LV,130,12,1453,10
BP10997,LV,166,12,1408,38
BP10998,LV,54,5,483,3
BP10999,LV,81,9,828,7
BP11000,LV,50,1,415,2
BP11001,LV,45,5,489,2
BP11002,LV,428,33,1312,6
BP11003,LV,664,41,2258,24
BP11004,LV,550,53,1569,24
BP11005,LV,80,6,661,1
BP11006,LV,107,15,903,6
BP11007,LV,145,17,1207,21
BP11008,LV,54,6,467,2
BP11009,LV,234,21,1795,40
BP11010,LV,123,13,1148,23
BP11011,LV,84,6,656,5
BP11012,LV,98,7,777,6
BP11013,LV,201,72,1248,49
BP11014,LV,134,9,885,4
BP11015,LV,88,9,635,7
BP11016,LV,43,3,371,0
BP11017,LV,151,12,1137,17
BP11018,LV,169,14,1185,6
BP11019,LV,107,7,791,3
BP11020,LV,124,6,819,6
BP11021,LV,109,10,788,5
BP11022,LV,106,1,734,1
BP11023,LV,113,3,867,6
BP11024,LV,105,4,798,4
BP11025,LV,85,4,674,8
BP11026,LV,195,12,1131,6
BP11027,LV,147,9,1032,8
BP11028,LV,157,7,920,10
BP11029,LV,44,2,447,3
BP11030,LV,64,7,702,0
BP11031,LV,54,4,446,8
BP11032,LV,68,2,485,4
BP11033,LV,67,6,700,2
BP11034,LV,51,1,442,1
BP11035,LV,97,3,688,2
BP11036,LV,108,12,931,7
BP11037,LV,65,2,639,2
BP11038,LV,123,8,925,1
BP11039,LV,124,8,977,17
BP11040,LV,91,9,822,5
BP11041,LV,72,6,554,2
BP11042,LV,45,3,466,3
BP11043,LV,73,6,772,4
BP11044,LV,66,5,507,4
BP11045,LV,38,2,394,1
BP11046,LV,99,7,580,17
BP11047,LV,72,16,683,13
BP11048,LV,102,8,621,2
BP11049,LV,166,13,951,9
BP11050,LV,65,5,584,6
BP11051,LV,178,12,1217,15
BP11052,LV,112,6,841,13
BP11053,LV,72,4,491,2
BP11054,LV,73,1,530,2
BP11055,LV,129,9,1028,10
BP11056,LV,71,11,586,7
BP11057,LV,84,5,733,0
BP11058,LV,25,2,210,0
BP11059,LV,116,14,905,2
BP11060,LV,68,2,559,7
BP11061,LV,59,4,537,1
BP11062,LV,90,6,738,4
BP11063,LV,64,1,550,0
BP11064,LV,93,7,737,7
BP11065,LV,71,1,561,3
BP11066,LV,78,5,579,3
BP11067,LV,105,8,998,4
BP11068,LV,71,3,518,0
BP11069,LV,61,1,525,1
BP11070,LV,88,5,687,3
BP11071,LV,51,2,478,3
BP11072,LV,73,3,642,2
BP11073,LV,56,3,495,4
BP11074,LV,50,3,429,3
BP11075,LV,46,1,369,1
BP11076,LV,49,1,392,3
BP11077,LV,1025,45,3444,174
BP11078,LV,182,8,935,8
BP11079,LV,479,34,2063,51
BP11080,LV,1627,142,5309,191
BP11081,LV,60,5,469,4
BP11082,LV,70,2,473,5
BP11083,LV,91,9,561,4
BP11084,LV,68,4,535,3
BP11085,LV,63,7,539,3
BP11086,LV,92,7,572,2
BP11087,LV,38,5,282,1
BP11088,LV,43,3,325,1
BP11089,LV,39,3,369,0
BP11090,LV,42,4,398,2
BP11091,LV,74,4,531,2
BP11092,LV,34,1,354,2
BP11093,LV,62,0,424,2
BP11094,LV,133,9,871,6
BP11095,LV,233,35,1353,13
BP11096,LV,68,9,583,8
BP11097,LV,83,8,731,12
BP11098,LV,89,4,653,4
BP11099,LV,54,2,385,1
BP11100,LV,44,2,365,0
BP11101,LV,38,3,355,1
BP11102,LV,40,2,311,1
BP11103,LV,89,4,537,5
BP11104,LV,81,6,659,2
BP11105,LV,37,1,330,1
BP11106,LV,61,3,568,8
BP11107,LV,98,3,808,4
BP11108,LV,60,9,494,3
BP11109,LV,24,0,371,3
BP11110,LV,34,2,366,3
BP11111,LV,30,1,323,0
BP11112,LV,62,3,519,2
BP11113,LV,27,1,290,1
BP11114,LV,87,3,550,5
BP11115,LV,23,4,273,0
BP11116,LV,86,10,564,18
BP11117,LV,84,17,574,3
BP11118,LV,40,2,413,2
BP11119,LV,25,1,330,2
BP11120,LV,39,11,450,0
BP11121,LV,33,2,325,0
BP11122,LV,76,3,500,6
BP11123,LV,42,2,328,1
BP11124,LV,58,7,616,4
BP11125,LV,37,1,304,1
BP11126,LV,56,1,478,1
BP11127,LV,151,11,927,2
BP11128,LV,90,10,913,9
BP11129,LV,49,2,401,3
BP11130,LV,36,2,302,1
BP11131,LV,32,3,284,0
BP11132,LV,40,3,314,4
BP11133,LV,1057,100,11450,179
BP11134,LV,32,0,298,2
BP11135,LV,43,4,369,2
BP11136,LV,250,31,1910,20
BP11137,LV,39,2,392,3
BP11138,LV,117,14,588,13
BP11139,LV,43,2,345,3
BP11140,LV,661,55,4470,52
BP11141,LV,318,58,2475,41
BP11142,LV,55,2,274,4
BP11143,LV,76,8,459,7
BP11144,LV,55,3,432,6
BP11145,LV,58,3,462,3
BP11146,LV,125,9,849,16
BP11147,LV,866,99,8050,131
BP11148,LV,94,6,583,11
BP11149,LV,80,4,554,4
BP11150,LV,118,4,813,10
BP11151,LV,56,3,441,4
BP11152,LV,183,7,1106,9
BP11153,LV,86,3,539,1
BP11154,LV,248,10,1686,26
BP11155,LV,95,1,517,4
BP11156,LV,989,72,6645,101
BP11157,LV,22,1,215,0
BP11158,LV,60,4,495,7
BP11159,LV,56,5,507,6
BP11160,LV,36,4,334,0
BP11161,LV,97,5,739,7
BP11162,LV,44,4,380,3
BP11163,LV,58,5,647,6
BP11164,LV,39,3,391,2
BP11165,LV,44,3,371,1
BP11166,LV,109,8,796,8
BP11167,LV,63,7,580,4
BP11168,LV,29,2,373,1
BP11169,LV,32,2,311,1
BP11170,LV,27,1,314,1
BP11171,LV,52,1,512,1
BP11172,LV,40,1,335,3
BP11173,LV,32,2,302,2
BP11174,LV,33,1,351,4
BP11175,LV,40,3,337,4
BP11176,LV,61,8,508,0
BP11177,LV,42,5,367,4
BP11178,LV,32,3,361,3
BP11179,LV,38,6,365,1
BP11180,LV,84,8,617,9
BP11181,LV,36,3,365,2
BP11182,LV,46,6,409,3
BP11183,LV,46,8,421,2
BP11184,LV,41,6,449,2
BP11185,LV,60,7,525,3
BP11186,LV,41,5,415,0
BP11187,LV,63,6,431,2
BP11188,LV,36,6,365,1
BP11189,LV,31,7,285,0
BP11190,LV,125,33,945,13
BP11191,LV,54,9,455,4
BP11192,LV,66,11,512,2
BP11193,LV,61,9,550,1
BP11194,LV,73,5,658,3
BP11195,LV,71,4,728,5
BP11196,LV,84,4,648,9
BP11197,LV,96,2,563,8
BP11198,LV,101,10,764,13
BP11199,LV,36,0,365,1
BP11200,LV,74,6,607,2
BP11201,LV,30,1,332,1
BP11202,LV,60,10,549,3
BP11203,LV,59,8,511,2
BP11204,LV,56,6,467,2
BP11205,LV,52,3,365,1
BP11206,LV,38,5,360,0
BP11207,LV,40,7,355,2
BP11208,LV,67,7,467,10
BP11209,LV,32,1,314,2
BP11210,LV,54,7,484,2
BP11211,LV,70,2,509,7
BP11212,LV,55,6,602,6
BP11213,LV,21,5,271,1
BP11214,LV,59,6,533,1
BP11215,LV,41,2,375,2
BP11216,LV,71,8,619,0
BP11217,LV,71,4,544,2
BP11218,LV,63,10,497,2
BP11219,LV,35,3,359,0
BP11220,LV,47,3,386,0
BP11221,LV,37,1,347,1
BP11222,LV,2202,81,5620,134
BP11223,LV,156,6,1028,6
BP11224,LV,1427,29,3845,126
BP11225,LV,114,5,702,2
BP11226,LV,211,4,910,3
BP11227,LV,112,7,832,3
BP11228,LV,61,5,519,2
BP11229,LV,176,9,859,19
BP11230,LV,137,6,696,12
BP11231,LV,48,5,467,7
BP11232,LV,126,7,1184,11
BP11233,LV,72,7,593,22
BP11234,LV,73,3,418,23
BP11235,LV,58,5,437,7
BP11236,LV,49,5,385,9
BP11237,LV,55,5,439,13
BP11238,LV,241,27,780,17
BP11239,LV,82,8,515,8
BP11240,LV,108,3,611,7
BP11241,LV,82,4,495,14
BP11242,LV,109,18,745,10
BP11243,LV,93,9,684,4
BP11244,LV,57,18,576,4
BP11245,LV,163,22,1376,12
BP11246,LV,158,19,1095,9
BP11247,LV,109,17,801,6
BP11248,LV,64,8,483,2
BP11249,LV,37,3,375,1
BP11250,LV,54,4,459,3
BP11251,LV,3258,386,24320,842
BP11252,LV,136,10,915,10
BP11253,LV,354,26,2024,52
BP11254,LV,99,10,643,6
BP11255,LV,40,3,321,0
BP11256,LV,259,17,1100,26
BP11257,LV,41,2,319,0
BP11258,LV,151,11,964,27
BP11259,LV,53,2,450,3
BP11260,LV,52,3,382,3
BP11261,LV,156,17,1093,7
BP11262,LV,117,9,829,21
BP11263,LV,103,14,823,5
BP11264,LV,132,8,888,17
BP11265,LV,39,6,327,2
BP11266,LV,2122,158,15267,437
BP11267,LV,203,54,2061,14
BP11268,LV,39,9,357,2
BP11269,LV,64,3,521,5
BP11270,LV,161,30,727,15
BP11271,LV,73,10,564,18
BP11272,LV,52,12,384,4
BP11273,LV,212,22,808,29
BP11274,LV,173,12,711,23
BP11275,LV,73,8,533,6
BP11276,LV,57,5,301,1
BP11277,LV,50,2,369,3
BP11278,LV,43,3,372,0
BP11279,LV,156,10,450,5
BP11280,LV,205,14,851,12
BP11281,LV,244,24,1217,66
BP11282,LV,342,13,796,11
BP11283,LV,387,23,1338,22
BP11284,LV,476,63,1287,28
BP11285,LV,60,11,566,7
BP11286,LV,44,5,403,1
BP11287,LV,89,10,653,5
BP11288,LV,54,3,448,0
BP11289,LV,91,2,660,2
BP11290,LV,83,5,677,1
BP11291,LV,64,31,644,78
BP11292,LV,45,3,383,6
BP11293,LV,47,4,460,1
BP11294,LV,53,7,439,2
BP11295,LV,47,2,529,7
BP11296,LV,66,7,587,10
BP11297,LV,28,3,352,1
BP11298,LV,115,9,1198,21
BP11299,LV,33,6,387,1
BP11300,LV,175,9,1199,8
BP11301,LV,112,11,875,5
BP11302,LV,51,3,510,0
BP11303,LV,38,3,417,1
BP11304,LV,81,6,689,1
BP11305,LV,68,6,695,4
BP11306,LV,89,3,582,6
BP11307,LV,77,5,800,2
BP11308,LV,188,12,1261,7
BP11309,LV,66,4,483,1
BP11310,LV,45,3,360,1
BP11311,LV,38,4,317,1
BP11312,LV,42,4,450,1
BP11313,LV,81,8,355,6
BP11314,LV,28,5,352,1
BP11315,LV,68,8,415,2
BP11316,LV,54,7,486,1
BP11317,LV,57,3,534,3
BP11318,LV,102,15,930,10
BP11319,LV,98,17,779,2
BP11320,LV,103,7,788,6
BP11321,LV,106,14,871,8
BP11322,LV,53,5,464,0
BP11323,LV,165,12,1269,27
BP11324,LV,129,9,933,10
BP11325,LV,93,9,768,7
BP11326,LV,82,5,799,6
BP11327,LV,70,3,632,2
BP11328,LV,37,3,399,0
BP11329,LV,43,5,359,3
BP11330,LV,49,4,419,0
BP11331,LV,98,8,812,12
BP11332,LV,44,0,412,3
BP11333,LV,222,10,1180,9
BP11334,LV,48,3,394,0
BP11335,LV,58,7,567,2
BP11336,LV,62,1,454,4
BP11337,LV,30,5,290,2
BP11338,LV,107,10,891,10
BP11339,LV,69,8,593,10
BP11340,LV,49,11,493,1
BP11341,LV,33,5,268,6
BP11342,LV,34,1,269,0
BP11343,LV,104,8,806,6
BP11344,LV,82,7,638,4
BP11345,LV,99,5,775,7
BP11346,LV,130,13,989,16
BP11347,LV,46,6,549,2
BP11348,LV,74,2,563,3
BP11349,LV,64,3,654,3
BP11350,LV,66,8,519,3
BP11351,LV,70,8,493,9
BP11352,LV,80,6,631,18
BP11353,LV,34,2,335,0
BP11354,LV,106,12,752,15
BP11355,LV,46,8,416,2
BP11356,LV,56,5,437,3
BP11357,LV,64,6,462,6
BP11358,LV,82,7,663,2
BP11359,LV,62,3,431,12
BP11360,LV,72,7,445,8
BP11361,LV,206,34,1019,84
BP11362,LV,61,4,388,0
BP11363,LV,49,5,352,0
BP11364,LV,93,7,610,3
BP11365,LV,43,5,451,2
BP11366,LV,57,6,337,4
BP11367,LV,48,4,412,3
BP11368,LV,68,4,465,0
BP11369,LV,82,4,590,3
BP11370,LV,39,9,338,0
BP11371,LV,33,2,332,1
BP11372,LV,74,4,602,6
BP11373,LV,52,5,431,4
BP11374,LV,61,1,389,1
BP11375,LV,131,4,837,14
BP11376,LV,80,8,419,5
BP11377,LV,76,3,478,3
BP11378,LV,87,6,612,3
BP11379,LV,112,4,748,9
BP11380,LV,60,5,432,1
BP11381,LV,83,7,539,2
BP11382,LV,42,9,432,4
BP11383,LV,52,7,349,6
BP11384,LV,82,8,559,1
BP11385,LV,44,6,426,4
BP11386,LV,37,5,321,2
BP11387,LV,49,6,396,5
BP11388,LV,67,6,493,6
BP11389,LV,76,6,498,7
BP11390,LV,78,13,657,2
BP11391,LV,46,3,332,3
BP11392,LV,48,6,417,6
BP11393,LV,70,5,539,4
BP11394,LV,56,3,499,1
BP11395,LV,43,6,346,1
BP11396,LV,57,2,415,2
BP11397,LV,52,3,602,8
BP11398,LV,62,4,498,3
BP11399,LV,40,0,316,2
BP11400,LV,142,5,939,8
BP11401,LV,41,1,228,0
BP11402,LV,59,2,323,1
BP11403,LV,46,5,344,3
BP11404,LV,43,3,301,2
BP11405,LV,367,25,1956,23
BP11406,LV,60,3,400,5
BP11407,LV,144,19,935,13
BP11408,LV,66,7,484,3
BP11409,LV,114,13,740,3
BP11410,LV,45,3,378,4
BP11411,LV,39,4,377,5
BP11412,LV,60,7,512,3
BP11413,LV,28,6,298,1
BP11414,LV,111,18,929,14
BP11415,LV,78,9,519,4
BP11416,LV,105,14,841,14
BP11417,LV,73,4,475,4
BP11418,LV,65,7,427,7
BP11419,LV,162,12,1211,14
BP11420,LV,106,3,836,6
BP11421,LV,607,23,2537,52
BP11422,LV,2158,73,9963,265
BP11423,LV,2633,88,12385,286
BP11424,LV,3324,241,16133,343
BP11425,LV,2677,103,12992,388
BP11426,LV,2464,81,13420,298
BP11427,LV,64,2,394,5
BP11428,LV,24,3,288,2
BP11429,LV,63,1,405,1
BP11430,LV,23,5,278,0
BP11431,LV,115,15,484,11
BP11432,LV,39,3,323,2
BP11433,LV,82,4,623,3
BP11434,LV,88,3,591,5
BP11435,LV,52,2,340,2
BP11436,LV,362,17,1159,15
BP11437,LV,126,5,677,3
BP11438,LV,59,1,447,2
BP11439,LV,122,5,725,2
BP11440,LV,102,8,850,6
BP11441,LV,389,44,4641,70
BP11442,LV,111,11,719,11
BP11443,LV,2982,248,8525,115
BP11444,LV,132,9,715,4
BP11445,LV,91,8,547,2
BP11446,LV,227,9,1015,13
BP11447,LV,19256,586,24782,506
BP11448,LV,2829,99,4865,166
BP11449,LV,2958,104,13307,476
BP11450,LV,405,28,1131,15
BP11451,LV,41,3,288,1
BP11452,LV,40,3,333,2
BP11453,LV,61,7,420,2
BP11454,LV,93,7,514,3
BP11455,LV,131,8,527,8
BP11456,LV,95,9,551,3
BP11457,LV,31,1,210,0
BP11458,LV,84,4,448,5
BP11459,LV,62,2,367,2
BP11460,LV,77,3,436,5
BP11461,LV,91,8,872,8
BP11462,LV,226,12,1054,17
BP11463,LV,58,23,411,3
BP11464,LV,53,13,367,2
BP11465,LV,124,13,740,8
BP11466,LV,57,59,388,4
BP11467,LV,140,28,921,17
BP11468,LV,47,4,402,2
BP11469,LV,29,8,258,1
BP11470,LV,84,8,558,3
BP11471,LV,98,6,605,4
BP11472,LV,44,5,311,1
BP11473,LV,73,5,449,2
BP11474,LV,28,1,263,0
BP11475,LV,43,6,315,3
BP11476,LV,36,4,388,1
BP11477,LV,57,5,380,3
BP11478,LV,30,1,230,2
BP11479,LV,93,7,556,12
BP11480,LV,35,3,355,5
BP11481,LV,55,8,370,0
BP11482,LV,56,6,461,6
BP11483,LV,778,25,3942,28
BP11484,LV,42,4,366,1
BP11485,LV,41,5,405,5
BP11486,LV,47,4,375,1
BP11487,LV,60,6,521,3
BP11488,LV,40,7,338,4
BP11489,LV,36,2,279,0
BP11490,LV,53,4,293,5
BP11491,LV,74,10,511,9
BP11492,LV,20,5,241,0
BP11493,LV,34,6,292,3
BP11494,LV,2472,0,0,0
BP11495,LV,3598,0,0,0
BP11496,LV,35,5,192,4
BP11497,LV,45,2,356,3
BP11498,LV,29,4,245,1
BP11499,LV,51,2,345,0
BP11500,LV,83,3,509,2
BP11501,LV,48,2,338,1
BP11502,LV,62,1,462,0
BP11503,LV,49,5,453,4
BP11504,LV,56,3,324,4
BP11505,LV,24,1,197,1
BP11506,LV,45,1,291,0
BP11507,LV,45,3,324,0
BP11508,LV,42,8,297,9
BP11509,LV,422,34,852,16
BP11510,LV,100,2,509,2
BP11511,LV,186,54,1839,44
BP11512,LV,57,3,371,1
BP11513,LV,2678,57,10663,114
BP11514,LV,26,11,241,10
BP11515,LV,52,10,366,11
BP11516,LV,1141,168,7869,103
BP11517,LV,390,35,2244,47
BP11518,LV,70,2,487,11
BP11519,LV,172,16,617,6
BP11520,LV,152,22,1187,30
BP11521,LV,472,43,3153,120
BP11522,LV,284,24,2161,71
BP11523,LV,110,7,609,21
BP11524,LV,225,20,1040,21
BP11525,LV,4156,344,19537,565
BP11526,LV,59,3,382,1
BP11527,LV,44,1,334,0
BP11528,LV,507,85,1221,30
BP11529,LV,73,11,611,11
BP11530,LV,91,7,573,11
BP11531,LV,113,7,521,6
BP11532,LV,92,0,419,6
BP11533,LV,91,5,468,5
BP11534,LV,62,3,473,6
BP11535,LV,95,4,727,13
BP11536,LV,101,5,671,7
BP11537,LV,1519,98,7215,355
BP11538,LV,850,59,4074,166
BP11539,LV,110,13,584,8
BP11540,LV,67,4,366,4
BP11541,LV,76,2,482,3
BP11542,LV,56,2,407,1
BP11543,LV,54,2,400,0
BP11544,LV,60,7,414,4
BP11545,LV,34,2,334,2
BP11546,LV,50,10,354,3
BP11547,LV,27,2,188,2
BP11548,LV,36,1,229,1
BP11549,LV,67,5,404,2
BP11550,LV,33,3,291,3
BP11551,LV,45,7,401,3
BP11552,LV,85,9,482,3
BP11553,LV,31,4,238,2
BP11554,LV,47,2,374,1
BP11555,LV,41,9,343,0
BP11556,LV,31,1,281,4
BP11557,LV,47,5,434,2
BP11558,LV,43,3,307,2
BP11559,LV,75,10,637,4
BP11560,LV,136,8,999,8
BP11561,LV,629,324,5914,181
BP11562,LV,260,30,1586,13
BP11563,LV,55,2,471,1
BP11564,LV,43,3,397,0
BP11565,LV,54,4,394,3
BP11566,LV,40,3,324,2
BP11567,LV,36,3,241,1
BP11568,LV,41,2,337,3
BP11569,LV,29,0,303,0
BP11570,LV,49,6,380,2
BP11571,LV,56,2,353,0
BP11572,LV,39,0,376,0
BP11573,LV,62,4,409,5
BP11574,LV,46,6,327,5
BP11575,LV,40,5,355,5
BP11576,LV,60,2,396,1
BP11577,LV,58,1,440,4
BP11578,LV,27,1,275,0
BP11579,LV,39,2,372,1
BP11580,LV,53,5,386,4
BP11581,LV,58,2,361,2
BP11582,LV,74,3,628,9
BP11583,LV,53,4,359,1
BP11584,LV,83,8,627,3
BP11585,LV,60,2,389,3
BP11586,LV,56,5,342,4
BP11587,LV,61,8,542,4
BP11588,LV,64,10,477,7
BP11589,LV,48,4,478,4
BP11590,LV,43,7,358,0
BP11591,LV,88,2,508,4
BP11592,LV,36,8,303,1
BP11593,LV,57,3,386,0
BP11594,LV,41,2,250,2
BP11595,LV,48,2,433,2
BP11596,LV,34,3,277,1
BP11597,LV,48,0,344,1
BP11598,LV,46,3,338,2
BP11599,LV,30,4,279,2
BP11600,LV,29,2,236,0
BP11601,LV,59,3,423,0
BP11602,LV,67,1,421,4
BP11603,LV,45,6,351,1
BP11604,LV,48,11,327,4
BP11605,LV,56,5,484,3
BP11606,LV,59,7,488,2
BP11607,LV,35,4,283,0
BP11608,LV,31,5,326,1
BP11609,LV,22,6,217,0
BP11610,LV,25,6,258,0
BP11611,LV,43,5,275,3
BP11612,LV,63,4,448,3
BP11613,LV,35,3,246,1
BP11614,LV,46,5,407,3
BP11615,LV,96,4,640,5
BP11616,LV,49,6,451,5
BP11617,LV,28,6,299,2
BP11618,LV,48,0,353,5
BP11619,LV,99,13,759,9
BP11620,LV,42,4,291,0
BP11621,LV,51,4,347,0
BP11622,LV,47,4,326,1
BP11623,LV,707,20,5299,5
BP11624,LV,59,4,459,2
BP11625,LV,35,1,252,0
BP11626,LV,55,3,437,5
BP11627,LV,42,2,362,1
BP11628,LV,2074,196,15790,69
BP11629,LV,35,5,324,2
BP11630,LV,26,4,275,1
BP11631,LV,30,7,274,0
BP11632,LV,70,7,409,1
BP11633,LV,47,2,438,1
BP11634,LV,35,4,305,0
BP11635,LV,76,12,540,4
BP11636,LV,107,7,693,6
BP11637,LV,685,218,9014,270
BP11638,LV,157,25,1373,13
BP11639,LV,169,12,1170,7
BP11640,LV,119,7,886,17
BP11641,LV,48,8,477,5
BP11642,LV,85,3,751,4
BP11643,LV,22,3,212,0
BP11644,LV,20,1,242,0
BP11645,LV,71,5,554,1
BP11646,LV,64,5,444,1
BP11647,LV,56,2,503,3
BP11648,LV,62,2,514,3
BP11649,LV,78,8,429,7
BP11650,LV,227,15,1182,14
BP11651,LV,65,6,412,2
BP11652,LV,83,13,869,4
BP11653,LV,40,1,445,1
BP11654,LV,44,3,549,0
BP11655,LV,88,4,532,5
BP11656,LV,102,3,562,11
BP11657,LV,70,5,484,3
BP11658,LV,33,0,318,2
BP11659,LV,26,2,294,0
BP11660,LV,67,5,495,8
BP11661,LV,214,20,1445,14
BP11662,LV,89,6,702,7
BP11663,LV,314,33,1874,52
BP11664,LV,695,115,4239,140
BP11665,LV,58,3,391,3
BP11666,LV,616,18,3698,34
BP11667,LV,65,2,447,4
BP11668,LV,77,8,539,5
BP11669,LV,66,3,477,1
BP11670,LV,405,243,4993,102
BP11671,LV,54,3,343,2
BP11672,LV,57,2,373,1
BP11673,LV,103,9,675,8
BP11674,LV,75,2,429,4
BP11675,LV,85,4,540,9
BP11676,LV,82,9,571,4
BP11677,LV,47,3,337,5
BP11678,LV,32,3,287,1
BP11679,LV,51,2,347,2
BP11680,LV,33,3,262,1
BP11681,LV,36,3,376,1
BP11682,LV,81,12,471,37
BP11683,LV,82,6,506,6
BP11684,LV,222,5,657,4
BP11685,LV,78,5,463,5
BP11686,LV,74,8,429,10
BP11687,LV,68,2,394,1
BP11688,LV,49,20,344,16
BP11689,LV,38,2,324,0
BP11690,LV,37,1,330,2
BP11691,LV,30,0,303,2
BP11692,LV,235,31,1541,40
BP11693,LV,106,4,397,6
BP11694,LV,106,12,653,7
BP11695,LV,47,3,317,1
BP11696,LV,63,5,384,5
BP11697,LV,37,0,242,1
BP11698,LV,139,8,852,10
BP11699,LV,34,0,264,11
BP11700,LV,35,0,317,0
BP11701,LV,391,167,2086,412
BP11702,LV,65,9,421,9
BP11703,LV,23,1,255,2
BP11704,LV,3930,100,5994,172
BP11705,LV,31,3,247,0
BP11706,LV,20,3,198,1
BP11707,LV,60,0,402,5
BP11708,LV,81,6,434,11
BP11709,LV,115,7,611,14
BP11710,LV,67,2,483,5
BP11711,LV,300,36,2012,68
BP11712,LV,51,4,356,13
BP11713,LV,580,21,1382,11
BP11714,LV,81,24,549,34
BP11715,LV,95,10,408,6
BP11716,LV,532,791,4754,769
BP11717,LV,42,0,299,2
BP11718,LV,1019,108,2639,82
BP11719,LV,105,12,523,7
BP11720,LV,68,5,447,4
BP11721,LV,169,4,913,8
BP11722,LV,413,38,2235,39
BP11723,LV,115,9,1124,5
BP11724,LV,67,4,358,5
BP11725,LV,40,6,292,1
BP11726,LV,69,2,469,4
BP11727,LV,41,1,285,0
BP11728,LV,29,3,198,0
BP11729,LV,33,25,294,0
BP11730,LV,53,21,385,1
BP11731,LV,40,5,375,0
BP11732,LV,50,6,383,3
BP11733,LV,97,12,816,5
BP11734,LV,50,3,402,1
BP11735,LV,153,15,961,29
BP11736,LV,459,84,3349,105
BP11737,LV,48,18,339,6
BP11738,LV,1961,84,2755,55
BP11739,LV,2184,130,3019,144
BP11740,LV,45,5,381,2
BP11741,LV,90,6,648,7
BP11742,LV,131,5,846,7
BP11743,LV,29,0,274,1
BP11744,LV,33,3,277,3
BP11745,LV,50,2,349,4
BP11746,LV,77,3,419,8
BP11747,LV,63,6,517,6
BP11748,LV,98,2,619,3
BP11749,LV,76,3,476,3
BP11750,LV,59,2,378,3
BP11751,LV,88,3,552,7
BP11752,LV,1537,179,17308,309
BP11753,LV,95,7,630,6
BP11754,LV,30,3,264,0
BP11755,LV,70,5,496,2
BP11756,LV,287,31,3379,12
BP11757,LV,686,78,7183,105
BP11758,LV,404,42,5091,36
BP11759,LV,838,51,7367,228
BP11760,LV,1027,55,8749,113
BP11761,LV,674,45,6299,79
BP11762,LV,34,1,301,0
BP11763,LV,98,7,726,5
BP11764,LV,75,1,526,5
BP11765,LV,412,22,2530,41
BP11766,LV,1268,417,22548,361
BP11767,LV,326,15,2091,13
BP11768,LV,54,4,473,4
BP11769,LV,56,3,498,0
BP11770,LV,72,9,645,7
BP11771,LV,48,4,300,1
BP11772,LV,42,1,281,1
BP11773,LV,57,1,298,0
BP11774,LV,43,1,318,1
BP11775,LV,55,4,610,3
BP11776,LV,48,1,373,2
BP11777,LV,47,2,394,1
BP11778,LV,53,0,321,2
BP11779,LV,423,163,3729,96
BP11780,LV,85,3,634,7
BP11781,LV,120,5,812,6
BP11782,LV,52,4,423,2
BP11783,LV,101,5,657,3
BP11784,LV,98,3,647,2
BP11785,LV,78,2,514,1
BP11786,LV,238,5,843,11
BP11787,LV,118,7,670,6
BP11788,LV,71,0,520,1
BP11789,LV,86,0,0,0
BP11790,LV,618,28,2788,19
BP11791,LV,635,56,1711,48
BP11792,LV,35,1,237,0
BP11793,LV,82,3,481,5
BP11794,LV,125,5,718,2
BP11795,LV,143,15,1912,9
BP11796,LV,34,1,241,0
BP11797,LV,116,2,660,1
BP11798,LV,155,3,735,10
BP11799,LV,33,4,211,0
BP11800,LV,131,9,875,9
BP11801,LV,288,23,2657,37
BP11802,LV,75,2,582,3
BP11803,LV,60,1,423,3
BP11804,LV,94,8,550,14
BP11805,LV,2443,60,9888,74
BP11806,LV,54,3,410,3
BP11807,LV,96,5,484,6
BP11808,LV,115,15,831,5
BP11809,LV,68,3,447,4
BP11810,LV,95,3,561,6
BP11811,LV,107,7,581,9
BP11812,LV,649,40,4773,122
BP11813,LV,157,12,1357,11
BP11814,LV,305,29,1558,76
BP11815,LV,75,6,441,2
BP11816,LV,161,11,941,8
BP11817,LV,78,5,420,8
BP11818,LV,233,30,746,16
BP11819,LV,181,24,1388,29
BP11820,LV,102,4,586,7
BP11821,LV,85,6,566,3
BP11822,LV,54,2,454,1
BP11823,LV,83,2,606,2
BP11824,LV,77,4,553,1
BP11825,LV,165,5,899,9
BP11826,LV,64,7,595,2
BP11827,LV,91,4,594,4
BP11828,LV,60,1,367,4
BP11829,LV,205,16,1768,38
BP11830,LV,436,45,4182,116
BP11831,LV,56,3,457,2
BP11832,LV,114,6,720,5
BP11833,LV,139,6,901,9
BP11834,LV,644,57,2100,44
BP11835,LV,59,5,699,11
BP11836,LV,78,7,565,5
BP11837,LV,70,4,577,7
BP11838,LV,69,3,505,4
BP11839,LV,82,4,630,8
BP11840,LV,161,16,1228,12
BP11841,LV,40,5,404,2
BP11842,LV,49,1,344,2
BP11843,LV,65,1,578,4
BP11844,LV,30,1,246,1
BP11845,LV,47,4,460,5
BP11846,LV,55,4,476,4
BP11847,LV,41,4,425,2
BP11848,LV,50,3,416,1
BP11849,LV,68,6,541,4
BP11850,LV,67,3,580,3
BP11851,LV,89,7,623,8
BP11852,LV,77,6,595,3
BP11853,LV,41,2,363,0
BP11854,LV,103,7,777,12
BP11855,LV,87,2,686,4
BP11856,LV,178,15,1535,40
BP11857,LV,70,5,625,1
BP11858,LV,113,5,738,17
BP11859,LV,78,6,620,2
BP11860,LV,49,5,406,3
BP11861,LV,88,15,751,6
BP11862,LV,216,19,1645,58
BP11863,LV,66,2,455,0
BP11864,LV,713,64,2360,86
BP11865,LV,94,7,678,4
BP11866,LV,68,8,429,7
BP11867,LV,70,4,476,3
BP11868,LV,59,3,445,7
BP11869,LV,43,0,353,2
BP11870,LV,54,2,405,2
BP11871,LV,42,2,285,5
BP11872,LV,41,0,305,1
BP11873,LV,65,2,492,5
BP11874,LV,1502,132,18990,144
BP11875,LV,604,29,8889,7
BP11876,LV,70,4,525,7
BP11877,LV,943,96,9626,186
BP11878,LV,92,5,687,8
BP11879,LV,51,4,410,0
BP11880,LV,1162,75,10755,187
BP11881,LV,59,1,456,2
BP11882,LV,85,2,512,9
BP11883,LV,2976,201,24997,483
BP11884,LV,127,4,739,5
BP11885,LV,48,2,564,5
BP11886,LV,40,1,324,2
BP11887,LV,39,2,397,0
BP11888,LV,31,3,265,1
BP11889,LV,171,4,1682,9
BP11890,LV,24,2,334,5
BP11891,LV,127,9,944,10
BP11892,LV,58,2,410,5
BP11893,LV,665,100,9279,189
BP11894,LV,43,3,348,5
BP11895,LV,86,3,656,7
BP11896,LV,36,5,294,5
BP11897,LV,44,5,342,0
BP11898,LV,26,1,300,0
BP11899,LV,68,3,494,4
BP11900,LV,141,11,745,8
BP11901,LV,101,9,706,4
BP11902,LV,2066,322,3490,161
BP11903,LV,2542,425,3519,192
BP11904,LV,186,15,1043,10
BP11905,LV,8330,806,43171,1400
BP11906,LV,45,3,304,0
BP11907,LV,24,8,359,2
BP11908,LV,110,8,789,8
BP11909,LV,35,2,349,1
BP11910,LV,35,2,300,0
BP11911,LV,53,3,432,0
BP11912,LV,120,7,970,11
BP11913,LV,27,1,327,2
BP11914,LV,35,0,329,2
BP11915,LV,53,3,402,1
BP11916,LV,50,3,449,4
BP11917,LV,60,3,379,3
BP11918,LV,44,3,441,4
BP11919,LV,57,4,394,3
BP11920,LV,80,6,522,6
BP11921,LV,68,3,387,7
BP11922,LV,64,3,464,9
BP11923,LV,90,6,495,28
BP11924,LV,99,3,661,3
BP11925,LV,70,5,455,3
BP11926,LV,110,4,764,4
BP11927,LV,131,17,985,9
BP11928,LV,95,8,749,3
BP11929,LV,143,13,1125,15
BP11930,LV,98,8,829,8
BP11931,LV,47,6,412,1
BP11932,LV,77,7,722,10
BP11933,LV,51,4,396,3
BP11934,LV,69,3,484,5
BP11935,LV,25,0,320,0
BP11936,LV,36,2,333,1
BP11937,LV,45,1,341,2
BP11938,LV,227,11,1350,13
BP11939,LV,58,5,578,4
BP11940,LV,60,2,515,5
BP11941,LV,54,1,574,3
BP11942,LV,79,6,614,6
BP11943,LV,83,6,800,5
BP11944,LV,72,5,574,5
BP11945,LV,28,0,225,2
BP11946,LV,58,4,353,3
BP11947,LV,26,1,224,1
BP11948,LV,66,2,427,2
BP11949,LV,707,54,4581,391
BP11950,LV,37,0,272,1
BP11951,LV,26,2,238,1
BP11952,LV,45,1,344,1
BP11953,LV,80,1,416,4
BP11954,LV,24,5,238,0
BP11955,LV,39,2,294,2
BP11956,LV,37,1,329,1
BP11957,LV,53,2,376,3
BP11958,LV,598,23,4547,98
BP11959,LV,65,4,467,9
BP11960,LV,96,3,553,5
BP11961,LV,52,4,452,6
BP11962,LV,333,18,769,15
BP11963,LV,75,0,393,5
BP11964,LV,110,8,583,6
BP11965,LV,506,31,4281,52
BP11966,LV,45,1,275,0
BP11967,LV,141,9,709,8
BP11968,LV,26,2,178,0
BP11969,LV,31,2,279,3
BP11970,LV,110,3,556,6
BP11971,LV,49,0,217,1
BP11972,LV,42,0,314,2
BP11973,LV,185,10,1377,11
BP11974,LV,48,1,389,3
BP11975,LV,61,3,480,5
BP11976,LV,34,0,321,0
BP11977,LV,507,33,4142,101
BP11978,LV,47,3,390,7
BP11979,LV,348,13,3482,37
BP11980,LV,398,28,2842,49
BP11981,LV,82,1,661,6
BP11982,LV,669,56,2984,189
BP11983,LV,71,2,390,0
BP11984,LV,72,0,473,1
BP11985,LV,86,3,480,5
BP11986,LV,70,4,406,2
BP11987,LV,38,5,340,3
BP11988,LV,68,5,645,3
BP11989,LV,37,1,361,2
BP11990,LV,94,6,672,3
BP11991,LV,55,3,487,5
BP11992,LV,69,4,529,3
BP11993,LV,122,9,688,13
BP11994,LV,82,9,626,16
BP11995,LV,29,2,296,2
BP11996,LV,160,18,1585,12
BP11997,LV,37,5,338,3
BP11998,LV,88,4,689,7
BP11999,LV,199,7,1121,10
BP12000,LV,93,3,729,15
BP12001,LV,75,3,598,4
BP12002,LV,37,0,0,0
BP12003,LV,41,1,431,2
BP12004,LV,25,2,280,0
BP12005,LV,95,7,804,4
BP12006,LV,57,0,411,1
BP12007,LV,76,3,655,1
BP12008,LV,161,14,988,5
BP12009,LV,44,3,405,4
BP12010,LV,1735,193,18432,694
BP12011,LV,28,3,235,3
BP12012,LV,86,2,639,3
BP12013,LV,37,0,367,3
BP12014,LV,46,4,359,2
BP12015,LV,35,0,270,0
BP12016,LV,78,2,662,5
BP12017,LV,262,22,926,6
BP12018,LV,53,7,447,1
BP12019,LV,65,2,543,3
BP12020,LV,56,8,462,1
BP12021,LV,61,3,468,1
BP12022,LV,39,0,410,0
BP12023,LV,60,6,357,3
BP12024,LV,88,8,657,6
BP12025,LV,51,3,415,2
BP12026,LV,78,6,480,15
BP12027,LV,124,9,693,10
BP12028,LV,64,1,386,4
BP12029,LV,39,1,344,4
BP12030,LV,119,5,920,10
BP12031,LV,86,7,674,6
BP12032,LV,104,8,745,14
BP12033,LV,98,1,653,1
BP12034,LV,77,1,588,9
BP12035,LV,71,5,567,5
BP12036,LV,248,17,1068,60
BP12037,LV,170,9,941,25
BP12038,LV,240,12,744,14
BP12039,LV,434,18,1092,11
BP12040,LV,90,9,520,6
BP12041,LV,81,11,408,5
BP12042,LV,63,0,488,7
BP12043,LV,82,5,490,5
BP12044,LV,50,3,396,3
BP12045,LV,37,0,252,2
BP12046,LV,1030,101,7367,184
BP12047,LV,36,3,357,2
BP12048,LV,25,4,252,0
BP12049,LV,62,2,433,0
BP12050,LV,25,1,288,2
BP12051,LV,28,2,283,0
BP12052,LV,21,0,243,1
BP12053,LV,36,3,358,2
BP12054,LV,18,0,259,0
BP12055,LV,30,1,295,0
BP12056,LV,62,5,440,3
BP12057,LV,42,1,274,3
BP12058,LV,46,0,369,2
BP12059,LV,92,7,669,9
BP12060,LV,131,6,807,16
BP12061,LV,56,7,451,9
BP12062,LV,123,7,850,13
BP12063,LV,74,6,585,6
BP12064,LV,93,8,597,11
BP12065,LV,70,2,607,3
BP12066,LV,73,0,458,3
BP12067,LV,134,3,783,10
BP12068,LV,327,16,1736,61
BP12069,LV,78,1,602,12
BP12070,LV,68,4,623,1
BP12071,LV,239,17,1655,24
BP12072,LV,220,19,1132,40
BP12073,LV,86,4,582,8
BP12074,LV,29,0,0,0
BP12075,LV,78,6,538,9
BP12076,LV,112,15,623,11
BP12077,LV,604,93,5430,271
BP12078,LV,36,0,296,2
BP12079,LV,111,5,818,4
BP12080,LV,35,1,308,0
BP12081,LV,68,3,470,4
BP12082,LV,3292,315,21621,1093
BP12083,LV,46,2,318,4
BP12084,LV,43,0,395,0
BP12085,LV,36,2,279,2
BP12086,LV,104,8,750,6
BP12087,LV,35,3,252,0
BP12088,LV,35,1,241,1
BP12089,LV,118,10,1308,10
BP12090,LV,55,3,418,5
BP12091,LV,2514,333,20586,369
BP12092,LV,221,8,1915,8
BP12093,LV,45,1,305,2
BP12094,LV,45,1,317,1
BP12095,LV,66,1,377,5
BP12096,LV,94,1,516,3
BP12097,LV,67,7,428,7
BP12098,LV,34,0,290,3
BP12099,LV,43,2,317,1
BP12100,LV,38,6,336,5
BP12101,LV,61,4,317,9
BP12102,LV,43,2,356,2
BP12103,LV,105,8,643,1
BP12104,LV,883,21,5684,14
BP12105,LV,73,0,439,6
BP12106,LV,23,1,216,0
BP12107,LV,54,1,334,0
BP12108,LV,53,2,369,2
BP12109,LV,58,4,393,5
BP12110,LV,107,5,751,9
BP12111,LV,66,0,302,2
BP12112,LV,184,10,1204,14
BP12113,LV,48,0,245,0
BP12114,LV,81,2,473,6
BP12115,LV,106,4,582,7
BP12116,LV,97,9,606,16
BP12117,LV,41,2,234,1
BP12118,LV,84,0,433,4
BP12119,LV,40,7,294,11
BP12120,LV,155,17,927,50
BP12121,LV,115,4,613,5
BP12122,LV,178,10,833,8
BP12123,LV,96,3,601,9
BP12124,LV,88,4,421,8
BP12125,LV,185,3,822,18
BP12126,LV,754,78,3832,136
BP12127,LV,72,0,360,7
BP12128,LV,64,2,359,7
BP12129,LV,69,2,378,5
BP12130,LV,125,2,532,4
BP12131,LV,64,2,377,9
BP12132,LV,788,44,3225,68
BP12133,LV,54,2,350,3
BP12134,LV,87,1,447,2
BP12135,LV,484,22,946,31
BP12136,LV,72,1,425,1
BP12137,LV,70,1,446,5
BP12138,LV,96,4,413,3
BP12139,LV,50,1,388,2
BP12140,LV,69,2,426,3
BP12141,LV,111,1,594,1
BP12142,LV,76,0,468,3
BP12143,LV,171,4,911,6
BP12144,LV,135,8,705,8
BP12145,LV,109,8,671,2
BP12146,LV,20,4,183,0
BP12147,LV,15,1,59,0
BP12148,LV,0,0,3,0
BP12149,LV,3,0,56,0
BP12150,LV,25,0,214,3
BP12151,LV,31,0,221,2
BP12152,LV,45,1,312,1
BP12153,LV,195,6,991,6
BP12154,LV,76,12,577,5
BP12155,LV,34,1,276,1
BP12156,LV,460,33,2504,55
BP12157,LV,132,8,956,6
BP12158,LV,387,45,3844,46
BP12159,LV,226,12,1597,11
BP12160,LV,41,3,319,1
BP12161,LV,92,12,652,0
BP12162,LV,71,7,482,3
BP12163,LV,74,4,598,2
BP12164,LV,115,8,888,0
BP12165,LV,115,4,1067,2
BP12166,LV,81,7,674,2
BP12167,LV,137,3,883,5
BP12168,LV,64,3,420,0
BP12169,LV,116,6,747,6
BP12170,LV,94,6,704,1
BP12171,LV,77,6,662,3
BP12172,LV,74,2,486,3
BP12173,LV,62,3,548,1
BP12174,LV,100,4,681,5
BP12175,LV,99,9,881,3
BP12176,LV,74,2,497,1
BP12177,LV,53,3,371,1
BP12178,LV,68,1,483,5
BP12179,LV,89,2,529,6
BP12180,LV,81,3,543,7
BP12181,LV,59,3,423,0
BP12182,LV,41,0,0,0
BP12183,LV,111,7,628,12
BP12184,LV,125,11,1011,12
BP12185,LV,66,7,446,1
BP12186,LV,54,4,378,1
BP12187,LV,88,4,542,5
BP12188,LV,133,5,652,2
BP12189,LV,97,3,530,4
BP12190,LV,61,2,414,3
BP12191,LV,48,1,275,1
BP12192,LV,45,3,324,3
BP12193,LV,63,3,465,2
BP12194,LV,33,1,330,0
BP12195,LV,95,4,554,4
BP12196,LV,72,4,526,7
BP12197,LV,77,0,533,2
BP12198,LV,77,3,449,5
BP12199,LV,76,0,569,1
BP12200,LV,35,1,280,1
BP12201,LV,81,14,565,4
BP12202,LV,71,2,414,7
BP12203,LV,74,5,605,5
BP12204,LV,44,2,269,0
BP12205,LV,63,2,405,1
BP12206,LV,56,1,372,3
BP12207,LV,85,2,594,8
BP12208,LV,136,5,797,6
BP12209,LV,102,4,600,8
BP12210,LV,68,1,429,6
BP12211,LV,89,7,580,8
BP12212,LV,49,0,351,2
BP12213,LV,68,3,421,4
BP12214,LV,63,1,451,0
BP12215,LV,73,9,513,6
BP12216,LV,71,1,622,4
BP12217,LV,49,3,320,2
BP12218,LV,108,5,638,3
BP12219,LV,30,3,277,3
BP12220,LV,75,2,502,6
BP12221,LV,23,0,208,3
BP12222,LV,25,3,208,3
BP12223,LV,77,8,572,3
BP12224,LV,38,2,279,1
BP12225,LV,110,7,613,4
BP12226,LV,98,1,746,2
BP12227,LV,103,11,604,6
BP12228,LV,166,12,1037,23
BP12229,LV,103,5,616,11
BP12230,LV,135,4,870,3
BP12231,LV,74,1,390,5
BP12232,LV,70,4,467,7
BP12233,LV,65,6,515,7
BP12234,LV,71,5,463,5
BP12235,LV,57,2,478,3
BP12236,LV,114,12,694,14
BP12237,LV,72,6,403,4
BP12238,LV,133,3,671,9
BP12239,LV,94,1,470,4
BP12240,LV,113,3,561,1
BP12241,LV,54,1,357,2
BP12242,LV,114,6,638,2
BP12243,LV,42,3,270,2
BP12244,LV,92,12,547,7
BP12245,LV,73,3,579,1
BP12246,LV,55,1,323,0
BP12247,LV,317,16,1823,11
BP12248,LV,74,2,355,3
BP12249,LV,41,7,300,2
BP12250,LV,45,1,343,1
BP12251,LV,76,1,437,3
BP12252,LV,30,7,261,1
BP12253,LV,59,1,343,2
BP12254,LV,41,4,254,4
BP12255,LV,27,0,207,0
BP12256,LV,50,5,294,2
BP12257,LV,2031,493,3778,265
BP12258,LV,33,1,249,0
BP12259,LV,260,12,1123,5
BP12260,LV,102,4,544,3
BP12261,LV,122,3,589,4
BP12262,LV,105,4,387,4
BP12263,LV,48,1,261,3
BP12264,LV,82,0,518,3
BP12265,LV,75,2,510,3
BP12266,LV,73,3,507,3
BP12267,LV,149,4,928,4
BP12268,LV,108,4,675,2
BP12269,LV,67,3,414,2
BP12270,LV,80,6,569,4
BP12271,LV,77,2,472,5
BP12272,LV,86,3,573,0
BP12273,LV,65,2,473,5
BP12274,LV,40,3,290,3
BP12275,LV,90,1,533,5
BP12276,LV,65,1,389,1
BP12277,LV,83,3,476,0
BP12278,LV,30,5,249,3
BP12279,LV,68,2,549,3
BP12280,LV,173,5,914,9
BP12281,LV,74,2,549,0
BP12282,LV,49,4,373,1
BP12283,LV,127,6,724,14
BP12284,LV,113,9,706,9
BP12285,LV,127,8,683,10
BP12286,LV,53,5,347,4
BP12287,LV,124,1,731,6
BP12288,LV,67,4,463,1
BP12289,LV,285,11,1124,25
BP12290,LV,109,8,755,7
BP12291,LV,109,10,699,9
BP12292,LV,175,4,936,13
BP12293,LV,126,7,667,6
BP12294,LV,152,3,844,18
BP12295,LV,117,7,542,13
BP12296,LV,220,12,990,26
BP12297,LV,228,15,1157,79
BP12298,LV,55,0,368,1
BP12299,LV,176,20,1026,25
BP12300,LV,67,3,474,1
BP12301,LV,50,2,339,1
BP12302,LV,173,14,1149,22
BP12303,LV,1022,185,8230,122
BP12304,LV,763,43,4510,11
BP12305,LV,2467,184,17728,284
BP12306,LV,62,1,372,0
BP12307,LV,54,0,354,0
BP12308,LV,148,7,739,4
BP12309,LV,30,1,222,4
BP12310,LV,42,0,294,0
BP12311,LV,138,3,774,10
BP12312,LV,26,2,263,0
BP12313,LV,53,3,380,3
BP12314,LV,84,5,518,3
BP12315,LV,54,5,463,2
BP12316,LV,47,4,374,0
BP12317,LV,54,2,351,3
BP12318,LV,73,4,406,5
BP12319,LV,78,5,607,1
BP12320,LV,128,7,913,9
BP12321,LV,168,4,737,4
BP12322,LV,92,1,562,2
BP12323,LV,91,1,574,6
BP12324,LV,67,2,387,9
BP12325,LV,69,1,406,2
BP12326,LV,112,7,615,2
BP12327,LV,68,4,370,1
BP12328,LV,72,2,466,3
BP12329,LV,40,3,311,5
BP12330,LV,54,10,338,4
BP12331,LV,95,8,569,9
BP12332,LV,75,2,481,9
BP12333,LV,90,4,417,6
BP12334,LV,108,3,505,2
BP12335,LV,85,0,514,2
BP12336,LV,54,2,312,1
BP12337,LV,70,3,344,5
BP12338,LV,88,3,564,3
BP12339,LV,77,2,455,1
BP12340,LV,80,3,630,1
BP12341,LV,81,7,575,4
BP12342,LV,105,0,573,3
BP12343,LV,188,8,1107,13
BP12344,LV,67,3,450,3
BP12345,LV,92,1,536,1
BP12346,LV,62,1,362,3
BP12347,LV,89,1,563,5
BP12348,LV,61,7,314,3
BP12349,LV,41,2,316,3
BP12350,LV,93,5,540,11
BP12351,LV,43,1,278,1
BP12352,LV,123,1,718,6
BP12353,LV,49,1,325,3
BP12354,LV,77,5,644,5
BP12355,LV,85,1,494,3
BP12356,LV,36,2,272,5
BP12357,LV,33,1,269,1
BP12358,LV,31,3,277,2
BP12359,LV,37,1,277,3
BP12360,LV,59,1,365,3
BP12361,LV,112,0,607,1
BP12362,LV,59,0,376,1
BP12363,LV,803,847,2216,392
BP12364,LV,169,4,904,8
BP12365,LV,24,5,175,3
BP12366,LV,32,0,239,1
BP12367,LV,68,1,351,8
BP12368,LV,59,3,471,4
BP12369,LV,76,3,612,6
BP12370,LV,98,7,607,4
BP12371,LV,41,6,297,2
BP12372,LV,622,38,1143,31
BP12373,LV,28,0,250,2
BP12374,LV,45,1,295,0
BP12375,LV,32,2,246,3
BP12376,LV,53,3,312,1
BP12377,LV,39,0,256,1
BP12378,LV,37,1,261,3
BP12379,LV,108,6,735,6
BP12380,LV,65,5,463,3
BP12381,LV,215,8,1422,13
BP12382,LV,47,5,346,5
BP12383,LV,91,3,566,9
BP12384,LV,30,2,222,1
BP12385,LV,71,1,419,2
BP12386,LV,49,2,316,2
BP12387,LV,776,40,7299,54
BP12388,LV,87,4,454,4
BP12389,LV,40,2,250,5
BP12390,LV,88,2,439,1
BP12391,LV,298,6,3383,11
BP12392,LV,298,6,859,32
BP12393,LV,3944,135,24528,413
BP12394,LV,42,2,233,1
BP12395,LV,339,14,2041,25
BP12396,LV,88,2,422,3
BP12397,LV,890,67,7971,95
BP12398,LV,66,0,322,2
BP12399,LV,258,12,1951,11
BP12400,LV,112,2,711,7
BP12401,LV,343,8,3280,8
BP12402,LV,91,3,481,10
BP12403,LV,116,2,639,6
BP12404,LV,86,4,619,3
BP12405,LV,96,2,596,2
BP12406,LV,122,3,828,1
BP12407,LV,110,8,613,2
BP12408,LV,61,3,440,0
BP12409,LV,69,9,587,5
BP12410,LV,77,3,434,0
BP12411,LV,102,11,569,4
BP12412,LV,80,3,521,3
BP12413,LV,62,3,482,5
BP12414,LV,113,4,644,2
BP12415,LV,75,4,503,3
BP12416,LV,95,5,585,0
BP12417,LV,76,5,581,3
BP12418,LV,110,9,710,4
BP12419,LV,111,1,679,6
BP12420,LV,105,8,764,11
BP12421,LV,156,8,772,4
BP12422,LV,143,3,891,4
BP12423,LV,6947,356,60887,379
BP12424,LV,128,1,774,7
BP12425,LV,248,16,1400,18
BP12426,LV,182,11,1115,8
BP12427,LV,216,8,1298,24
BP12428,LV,112,5,471,6
BP12429,LV,146,15,949,13
BP12430,LV,167,10,1232,12
BP12431,LV,220,33,1483,27
BP12432,LV,115,6,838,13
BP12433,LV,136,11,955,6
BP12434,LV,114,6,872,8
BP12435,LV,135,8,860,6
BP12436,LV,135,7,786,3
BP12437,LV,134,15,1183,23
BP12438,LV,182,16,1249,27
BP12439,LV,282,24,1933,29
BP12440,LV,189,14,1197,12
BP12441,LV,275,30,1465,23
BP12442,LV,138,8,870,9
BP12443,LV,330,28,2037,23
BP12444,LV,106,11,717,5
BP12445,LV,128,12,785,5
BP12446,LV,154,18,971,17
BP12447,LV,84,12,658,0
BP12448,LV,163,8,1006,7
BP12449,LV,91,8,666,3
BP12450,LV,100,14,745,3
BP12451,LV,162,14,906,5
BP12452,LV,50,4,377,2
BP12453,LV,69,10,485,2
BP12454,LV,56,5,414,3
BP12455,LV,68,7,508,2
BP12456,LV,89,5,642,6
BP12457,LV,89,8,534,2
BP12458,LV,253,14,1599,22
BP12459,LV,171,12,1080,7
BP12460,LV,163,9,1039,12
BP12461,LV,186,11,1145,11
BP12462,LV,4,0,23,0
BP12463,LV,313,22,1800,32
BP12464,LV,8,0,14,1
BP12465,LV,153,8,1065,11
BP12466,LV,130,5,928,4
BP12467,LV,164,8,967,8
BP12468,LV,102,4,674,0
BP12469,LV,161,8,1115,4
BP12470,LV,127,11,861,7
BP12471,Armani,21,6,122,0
BP12472,Armani,23,4,84,0
BP12473,Armani,14,1,97,1
BP12474,Armani,18,1,78,1
BP12475,Armani,41,6,180,1
BP12476,Armani,54,16,152,0
BP12477,Armani,13,11,80,1
BP12478,Armani,22,11,131,1
BP12479,Armani,27,7,166,4
BP12480,Armani,38,7,221,0
BP12481,Armani,33,5,217,3
BP12482,Armani,24,0,0,0
BP12483,Armani,23,14,79,2
BP12484,Armani,26,6,76,3
BP12485,Armani,29,8,93,1
BP12486,Armani,47,20,168,3
BP12487,Armani,27,10,60,2
BP12488,Armani,58,20,149,1
BP12489,Armani,43,10,120,1
BP12490,Armani,38,3,95,0
BP12491,Armani,39,6,109,0
BP12492,Armani,29,3,108,0
BP12493,Armani,28,3,75,0
BP12494,Armani,27,2,85,1
BP12495,Armani,29,2,94,0
BP12496,Armani,39,2,118,1
BP12497,Armani,59,10,266,2
BP12498,Armani,40,2,96,1
BP12499,Armani,27,2,96,1
BP12500,Armani,27,3,77,1
BP12501,Armani,29,4,79,0
BP12502,Armani,20,9,114,3
BP12503,Armani,49,12,266,5
BP12504,Armani,27,9,151,3
BP12505,Armani,85,10,349,15
BP12506,Armani,21,1,89,0
BP12507,Armani,34,4,218,7
BP12508,Armani,138,3,544,17
BP12509,Armani,10,2,32,0
BP12510,Armani,13,2,101,0
BP12511,Armani,30,1,238,3
BP12512,Armani,101,11,572,24
BP12513,Armani,100,34,1096,16
BP12514,Armani,16,1,81,1
BP12515,Armani,13,1,63,0
BP12516,Armani,17,3,84,1
BP12517,Armani,20,4,116,1
BP12518,Armani,18,5,105,0
BP12519,Armani,17,2,92,1
BP12520,Armani,4,1,39,0
BP12521,Armani,13,3,91,0
BP12522,Armani,10,3,75,0
BP12523,Armani,23,3,221,1
BP12524,Armani,12,5,118,2
BP12525,Armani,14,5,137,0
BP12526,Armani,31,4,133,1
BP12527,Armani,13,2,84,1
BP12528,Armani,12,3,62,0
BP12529,Armani,18,2,101,0
BP12530,Armani,11,0,0,0
BP12531,Armani,43,13,723,5
BP12532,Armani,8,5,42,1
BP12533,Armani,12,3,83,0
BP12534,Armani,20,2,87,1
BP12535,Armani,31,10,314,2
BP12536,Armani,16,5,91,0
BP12537,Armani,6,3,59,1
BP12538,Armani,9,3,55,0
BP12539,Armani,44,14,430,14
BP12540,Armani,20,3,136,1
BP12541,Armani,9,3,52,1
BP12542,Armani,8,3,57,0
BP12543,Armani,14,4,112,2
BP12544,Armani,3,2,35,1
BP12545,Armani,19,0,0,0
BP12546,Armani,7,2,42,1
BP12547,Armani,14,2,68,0
BP12548,Armani,11,3,62,0
BP12549,Armani,11,3,78,0
BP12550,Armani,16,3,67,1
BP12551,Armani,12,5,63,0
BP12552,Armani,9,5,70,0
BP12553,Armani,6,2,81,0
BP12554,Armani,26,4,134,0
BP12555,Armani,13,5,121,1
BP12556,Armani,21,2,81,2
BP12557,Armani,11,3,73,0
BP12558,Armani,17,4,97,0
BP12559,Armani,14,2,78,1
BP12560,Armani,18,4,173,3
BP12561,Armani,17,2,120,0
BP12562,Armani,14,4,72,1
BP12563,Armani,57,8,292,3
BP12564,Armani,92,3,447,5
BP12565,Armani,26,3,166,0
BP12566,Armani,13,6,93,0
BP12567,Armani,10,4,69,1
BP12568,Armani,10,1,113,5
BP12569,Armani,8,3,69,1
BP12570,Armani,12,4,87,0
BP12571,Armani,25,4,199,0
BP12572,Armani,14,4,101,1
BP12573,Armani,3,1,41,0
BP12574,Armani,15,3,134,6
BP12575,Armani,32,6,223,5
BP12576,Armani,7,2,67,0
BP12577,Armani,6,2,58,0
BP12578,Armani,29,10,347,9
BP12579,Armani,14,2,93,0
BP12580,Armani,8,1,58,0
BP12581,Armani,4,1,57,1
BP12582,Armani,17,5,111,2
BP12583,Armani,16,3,159,2
BP12584,Armani,25,1,238,1
BP12585,Armani,15,6,86,3
BP12586,Armani,26,4,134,2
BP12587,Armani,21,1,155,3
BP12588,Armani,10,1,75,0
BP12589,Armani,48,7,235,2
BP12590,Armani,59,21,939,28
BP12591,Armani,8,3,51,1
BP12592,Armani,11,3,55,0
BP12593,Armani,7,2,57,1
BP12594,Armani,25,3,187,0
BP12595,Armani,43,7,331,7
BP12596,Armani,41,7,231,4
BP12597,Armani,78,9,351,12
BP12598,Armani,19,1,84,2
BP12599,Armani,16,3,92,1
BP12600,Armani,11,1,55,0
BP12601,Armani,86,7,290,9
BP12602,Armani,77,4,235,4
BP12603,Armani,58,16,348,16
BP12604,Armani,23,4,96,0
BP12605,Armani,13,3,65,0
BP12606,Armani,11,1,92,2
BP12607,Armani,27,3,148,1
BP12608,Armani,11,1,81,6
BP12609,Armani,11,4,87,0
BP12610,Armani,36,20,191,2
BP12611,Armani,50,7,160,2
BP12612,Armani,115,39,1613,36
BP12613,Armani,12,4,82,1
BP12614,Armani,18,2,58,1
BP12615,Armani,38,14,179,3
BP12616,Armani,17,2,57,1
BP12617,Armani,17,6,122,0
BP12618,Armani,28,5,153,1
BP12619,Armani,33,10,210,0
BP12620,Armani,23,9,181,0
BP12621,Armani,36,8,240,4
BP12622,Armani,30,4,130,0
BP12623,Armani,23,5,149,1
BP12624,Armani,36,24,316,5
BP12625,Armani,23,5,94,0
BP12626,Armani,22,8,165,2
BP12627,Armani,37,7,197,2
BP12628,Armani,136,19,978,23
BP12629,Armani,104,6,559,1
BP12630,Armani,9,2,56,2
BP12631,Armani,21,3,92,2
BP12632,Armani,26,6,190,0
BP12633,Armani,14,0,59,2
BP12634,Armani,27,7,183,1
BP12635,Armani,33,6,103,0
BP12636,Armani,25,6,138,1
BP12637,Armani,39,18,172,3
BP12638,Armani,20,5,144,1
BP12639,Armani,28,3,142,2
BP12640,Armani,30,2,119,0
BP12641,Armani,30,3,216,3
BP12642,Armani,53,7,258,5
BP12643,Armani,39,1,152,3
BP12644,Armani,68,7,377,22
BP12645,Armani,48,6,355,5
BP12646,Armani,19,0,115,2
BP12647,Armani,10,1,63,1
BP12648,Armani,8,1,73,1
BP12649,Armani,5,0,42,0
BP12650,Armani,7,0,78,0
BP12651,Armani,33,9,199,6
BP12652,Armani,66,145,266,11
BP12653,Armani,38,44,263,13
BP12654,Armani,7,13,83,0
BP12655,Armani,11,11,59,1
BP12656,Armani,9,6,77,1
BP12657,Armani,4,4,54,0
BP12658,Armani,195,20,1182,7
BP12659,Armani,18,3,112,0
BP12660,Armani,146,32,785,9
BP12661,Armani,11,4,52,2
BP12662,Armani,9,2,73,0
BP12663,Armani,31,6,182,7
BP12664,Armani,36,8,220,0
BP12665,Armani,94,14,491,23
BP12666,Armani,19,2,89,2
BP12667,Armani,34,2,174,2
BP12668,Armani,24,2,108,1
BP12669,Armani,11,1,39,1
BP12670,Armani,9,0,37,0
BP12671,Armani,6,1,49,0
BP12672,Armani,28,3,394,4
BP12673,Armani,20,0,117,1
BP12674,Armani,34,2,142,1
BP12675,Armani,29,2,75,2
BP12676,Armani,7,7,46,2
BP12677,Armani,10,1,63,0
BP12678,Armani,9,0,42,0
BP12679,Armani,18,0,0,0
BP12680,Armani,76,0,0,0
BP12681,Armani,8,0,77,1
BP12682,Armani,16,3,145,0
BP12683,Armani,8,3,72,3
BP12684,Armani,12,3,119,1
BP12685,Armani,12,2,120,1
BP12686,Armani,110,8,559,7
BP12687,Armani,164,5,826,14
BP12688,Armani,8,1,70,1
BP12689,Armani,9,1,55,0
BP12690,Armani,7,0,70,0
BP12691,Armani,35,4,154,6
BP12692,Armani,4,2,63,2
BP12693,Armani,17,0,78,2
BP12694,Armani,9,1,90,0
BP12695,Armani,20,1,86,1
BP12696,Armani,5,1,34,0
BP12697,Armani,6,1,63,1
BP12698,Armani,6,0,53,0
BP12699,Armani,45,5,337,4
BP12700,Armani,29,2,81,2
BP12701,Armani,24,2,138,3
BP12702,Armani,22,1,80,2
BP12703,Armani,6,0,54,0
BP12704,Armani,4,0,71,1
BP12705,Armani,6,0,78,1
BP12706,Armani,7,0,78,0
BP12707,Armani,8,1,84,0
BP12708,Armani,11,0,99,0
BP12709,Armani,19,4,153,0
BP12710,Armani,26,7,257,1
BP12711,Armani,12,3,165,2
BP12712,Armani,17,5,231,2
BP12713,Armani,12,5,163,2
BP12714,Armani,110,25,1105,31
BP12715,Armani,14,3,180,4
BP12716,Armani,4,2,102,0
BP12717,Armani,63,6,605,5
BP12718,Armani,7,2,79,0
BP12719,Armani,18,7,88,1
BP12720,Armani,16,2,122,1
BP12721,Armani,14,1,82,1
BP12722,Armani,7,1,71,3
BP12723,Armani,7,1,161,5
BP12724,Armani,47,4,292,3
BP12725,Armani,11,2,33,1
BP12726,Armani,30,16,238,5
BP12727,Armani,14,1,59,0
BP12728,Armani,6,2,58,0
BP12729,Armani,9,1,81,0
BP12730,Armani,15,4,388,5
BP12731,Armani,6,1,46,0
BP12732,Armani,8,3,42,0
BP12733,Armani,8,4,62,2
BP12734,Armani,15,2,86,4
BP12735,Armani,6,0,58,1
BP12736,Armani,13,0,131,2
BP12737,Armani,18,1,99,2
BP12738,Armani,11,4,85,3
BP12739,Armani,30,6,135,3
BP12740,Armani,36,6,112,1
BP12741,Armani,30,4,121,2
BP12742,Armani,46,1,184,3
BP12743,Armani,27,11,219,0
BP12744,Armani,28,7,126,6
BP12745,Armani,26,1,128,7
BP12746,Armani,52,7,199,3
BP12747,Armani,27,8,175,3
BP12748,Armani,8,1,72,1
BP12749,Armani,14,0,63,0
BP12750,Armani,30,4,114,0
BP12751,Armani,25,1,75,0
BP12752,Armani,18,6,93,1
BP12753,Armani,15,0,0,0
BP12754,Armani,11,0,0,0
BP12755,Armani,8,0,0,0
BP12756,Armani,4,0,0,0
BP12757,Armani,6,0,0,0
BP12758,Armani,4,0,0,0
BP12759,Armani,7,0,0,0
BP12760,Armani,17,1,78,0
BP12761,Armani,14,3,69,0
BP12762,Armani,190,7,618,11
BP12763,Armani,43,5,190,4
BP12764,Armani,19,4,164,0
BP12765,Armani,57,2,324,2
BP12766,Armani,14,1,82,0
BP12767,Armani,15,2,76,2
BP12768,Armani,18,3,124,0
BP12769,Armani,29,3,229,3
BP12770,Armani,42,3,136,4
BP12771,Armani,22,4,115,2
BP12772,Armani,36,4,232,1
BP12773,Armani,45,1,218,4
BP12774,Armani,26,1,130,0
BP12775,Armani,16,10,105,11
BP12776,Armani,27,3,156,1
BP12777,Armani,7,3,45,0
BP12778,Armani,15,0,50,0
BP12779,Armani,15,1,123,4
BP12780,Armani,312,35,4829,29
BP12781,Armani,74,0,226,3
BP12782,Armani,37,4,211,1
BP12783,Armani,25,2,99,0
BP12784,Armani,32,0,0,0
BP12785,Armani,39,0,0,0
BP12786,Armani,836,0,0,0
BP12787,Armani,32,1,190,2
BP12788,Armani,11,1,136,1
BP12789,Armani,24,2,123,2
BP12790,Armani,19,3,115,2
BP12791,Armani,23,5,80,2
BP12792,Armani,15,0,93,2
BP12793,Armani,33,3,102,1
BP12794,Armani,8,0,56,0
BP12795,Armani,50,4,178,9
BP12796,Armani,10,2,62,2
BP12797,Armani,22,3,108,2
BP12798,Armani,51,4,405,4
BP12799,Armani,17,2,83,1
BP12800,Armani,27,4,158,1
BP12801,Armani,22,2,118,3
BP12802,Armani,19,3,95,2
BP12803,Armani,14,1,99,1
BP12804,Armani,10,0,0,0
BP12805,Armani,22,2,100,0
BP12806,Armani,20,0,77,1
BP12807,Armani,26,3,128,2
BP12808,Armani,449,35,3018,31
BP12809,Armani,8,1,39,1
BP12810,Armani,119,17,615,18
BP12811,Armani,13,2,66,0
BP12812,Armani,14,2,104,1
BP12813,Armani,13,1,59,0
BP12814,Armani,23,3,162,2
BP12815,Armani,13,1,81,1
BP12816,Armani,507,361,1951,103
BP12817,Armani,33,5,130,0
BP12818,Armani,8,10,52,3
BP12819,Armani,118,9,564,7
BP12820,Armani,21,4,93,0
BP12821,Armani,111,8,456,3
BP12822,Armani,34,4,187,1
BP12823,Armani,35,5,212,1
BP12824,Armani,95,3,565,24
BP12825,Armani,23,3,125,1
BP12826,Armani,60,13,707,10
BP12827,Armani,16,5,87,1
BP12828,Armani,30,10,112,4
BP12829,Armani,21,3,141,1
BP12830,Armani,18,2,99,1
BP12831,Armani,31,6,182,2
BP12832,Armani,32,7,106,4
BP12833,Armani,20,3,68,2
BP12834,Armani,73,16,387,13
BP12835,Armani,31,6,146,5
BP12836,Armani,48,9,236,3
BP12837,Armani,18,4,86,2
BP12838,Armani,32,6,152,2
BP12839,Armani,53,4,198,3
BP12840,Armani,30,2,168,1
BP12841,Armani,22,1,130,0
BP12842,Armani,20,1,70,5
BP12843,Armani,52,4,321,1
BP12844,Armani,34,1,183,1
BP12845,Armani,39,2,186,2
BP12846,Armani,54,3,199,2
BP12847,Armani,21,8,105,1
BP12848,Armani,25,5,114,2
BP12849,Armani,212,8,1328,8
BP12850,Armani,110,1,537,3
BP12851,Armani,20,1,92,2
BP12852,Armani,24,3,171,3
BP12853,Armani,24,2,121,2
BP12854,Armani,19,0,122,1
BP12855,Armani,25,0,116,3
BP12856,Armani,12,1,43,0
BP12857,Armani,13,3,84,1
BP12858,Armani,11,1,43,2
BP12859,Armani,9,1,31,2
BP12860,Armani,5,0,30,1
BP12861,Armani,12,3,36,1
BP12862,Armani,14,3,50,1
BP12863,Armani,56,10,167,12
BP12864,Armani,23,3,186,2
BP12865,Armani,45,2,233,2
BP12866,Armani,12,4,52,0
BP12867,Armani,11,0,55,3
BP12868,Armani,13,4,67,1
BP12869,Armani,17,0,71,0
BP12870,Armani,29,3,101,2
BP12871,Armani,14,2,59,1
BP12872,Armani,10,0,48,0
BP12873,Armani,17,0,48,0
BP12874,Armani,10,2,71,2
BP12875,Armani,15,1,65,0
BP12876,Armani,14,0,55,1
BP12877,Armani,5,1,39,0
BP12878,Armani,17,6,115,3
BP12879,Armani,17,1,101,1
BP12880,Armani,8,1,54,0
BP12881,Armani,10,0,56,0
BP12882,Armani,5,0,49,2
BP12883,Armani,20,9,112,0
BP12884,Armani,25,7,154,0
BP12885,Armani,21,2,145,1
BP12886,Armani,73,0,422,4
BP12887,Armani,36,2,219,0
BP12888,Armani,64,5,368,8
BP12889,Armani,32,2,157,0
BP12890,Armani,114,22,908,10
BP12891,Armani,6,1,63,0
BP12892,Armani,16,1,93,1
BP12893,Armani,21,0,160,3
BP12894,Armani,24,1,99,0
BP12895,Armani,4,3,53,0
BP12896,Armani,6,0,46,1
BP12897,Armani,4,0,42,0
BP12898,Armani,5,1,70,1
BP12899,Armani,4,0,45,1
BP12900,Armani,9,3,82,3
BP12901,Armani,17,1,89,0
BP12902,Armani,19,6,116,4
BP12903,Armani,18,2,98,1
BP12904,Armani,19,3,143,0
BP12905,Armani,54,8,232,3
BP12906,Armani,34,9,198,1
BP12907,Armani,25,7,126,1
BP12908,Armani,14,1,122,0
BP12909,Armani,9,1,123,0
BP12910,Armani,8,2,113,0
BP12911,Armani,11,7,102,0
BP12912,Armani,8,1,71,1
BP12913,Armani,8,2,95,1
BP12914,Armani,7,0,69,1
BP12915,Armani,13,1,111,1
BP12916,Armani,12,0,131,1
BP12917,Armani,9,0,83,0
BP12918,Armani,13,1,112,0
BP12919,Armani,8,1,91,0
BP12920,Armani,12,1,146,1
BP12921,Armani,7,1,87,0
BP12922,Armani,15,0,155,0
BP12923,Armani,7,2,102,0
BP12924,Armani,5,2,71,1
BP12925,Armani,11,1,91,1
BP12926,Armani,8,1,86,2
BP12927,Armani,7,1,110,2
BP12928,Armani,7,2,87,2
BP12929,Armani,11,3,106,0
BP12930,Armani,20,2,133,4
BP12931,Armani,13,0,120,0
BP12932,Armani,14,1,125,1
BP12933,Armani,9,1,96,0
BP12934,Armani,16,1,131,1
BP12935,Armani,17,2,124,1
BP12936,Armani,22,2,166,2
BP12937,Armani,66,25,360,34
BP12938,Armani,18,3,84,4
BP12939,Armani,53,2,207,11
BP12940,Armani,14,2,83,2
BP12941,Armani,16,4,80,2
BP12942,Armani,14,0,69,2
BP12943,Armani,16,0,78,3
BP12944,Armani,5,1,44,0
BP12945,Armani,19,2,120,3
BP12946,Armani,13,3,77,1
BP12947,Armani,23,1,115,2
BP12948,Armani,17,0,62,0
BP12949,Armani,28,2,160,2
BP12950,Armani,16,1,82,1
BP12951,Armani,7,2,41,1
BP12952,Armani,27,7,87,2
BP12953,Armani,39,1,181,4
BP12954,Armani,41,1,210,3
BP12955,Armani,34,0,167,5
BP12956,Armani,30,4,146,0
BP12957,Armani,20,1,89,2
BP12958,Armani,21,2,97,2
BP12959,Armani,17,2,133,2
BP12960,Armani,18,1,111,0
BP12961,Armani,18,1,97,1
BP12962,Armani,29,2,168,1
BP12963,Armani,29,2,210,3
BP12964,Armani,55,7,335,8
BP12965,Armani,15,2,108,2
BP12966,Armani,21,0,147,2
BP12967,Armani,32,6,166,4
BP12968,Armani,16,4,142,1
BP12969,Armani,28,2,170,1
BP12970,Armani,27,2,97,1
BP12971,Armani,18,2,149,1
BP12972,Armani,36,3,191,2
BP12973,Armani,42,4,278,3
BP12974,Armani,30,3,210,0
BP12975,Armani,22,3,159,2
BP12976,Armani,35,8,163,4
BP12977,Armani,9,4,50,0
BP12978,Armani,17,7,109,2
BP12979,Armani,15,2,106,0
BP12980,Armani,13,0,124,3
BP12981,Armani,44,4,139,1
BP12982,Armani,22,3,134,5
BP12983,Armani,12,1,88,2
BP12984,Armani,16,2,117,1
BP12985,Armani,16,3,109,2
BP12986,Armani,11,0,58,1
BP12987,Armani,15,1,77,1
BP12988,Armani,15,2,74,1
BP12989,Armani,17,2,79,1
BP12990,Armani,13,2,91,0
BP12991,Armani,12,0,84,3
BP12992,Armani,13,2,67,0
BP12993,Armani,18,1,80,1
BP12994,Armani,31,4,80,5
BP12995,Armani,19,5,103,6
BP12996,Armani,27,3,178,4
BP12997,Armani,35,14,130,12
BP12998,Armani,44,15,236,16
BP12999,Armani,17,5,64,0
BP13000,Armani,266,0,0,0
BP13001,Armani,29,0,0,0
BP13002,Armani,31,0,0,0
BP13003,Armani,54,0,0,0
BP13004,Armani,11,0,0,0
BP13005,Armani,35,8,155,4
BP13006,Armani,34,15,158,0
BP13007,Armani,20,8,102,0
BP13008,Armani,23,12,115,1
BP13009,Armani,27,7,110,0
BP13010,Armani,36,12,139,2
BP13011,Armani,22,11,120,1
BP13012,Armani,19,3,113,1
BP13013,Armani,36,0,0,0
BP13014,Armani,17,0,0,0
BP13015,Armani,173,0,0,0
BP13016,Armani,21,0,0,0
BP13017,Armani,13,0,0,0
BP13018,Armani,22,3,118,0
BP13019,Armani,17,11,87,1
BP13020,Armani,17,6,117,1
BP13021,Armani,23,5,94,1
BP13022,Armani,19,7,102,0
BP13023,Armani,19,9,119,0
BP13024,Armani,18,6,112,1
BP13025,Armani,19,5,85,1
BP13026,Armani,24,6,135,3
BP13027,Armani,19,7,98,1
BP13028,Armani,13,4,72,1
BP13029,Armani,16,5,98,0
BP13030,Armani,7,3,63,1
BP13031,Armani,521,0,0,0
BP13032,Armani,379,52,5468,123
BP13033,Armani,23,8,142,1
BP13034,Armani,21,4,98,0
BP13035,Armani,13,0,73,2
BP13036,Armani,6,2,52,0
BP13037,Armani,5,2,38,1
BP13038,Armani,13,1,58,0
BP13039,Armani,31,3,165,2
BP13040,Armani,27,1,116,2
BP13041,Armani,17,2,98,0
BP13042,Armani,13,1,56,0
BP13043,Armani,19,3,73,6
BP13044,Armani,4,0,40,0
BP13045,Armani,5,1,40,0
BP13046,Armani,3,0,43,0
BP13047,Armani,7,3,70,0
BP13048,Armani,21,1,85,0
BP13049,Armani,18,1,69,2
BP13050,Armani,23,1,97,0
BP13051,Armani,10,0,49,3
BP13052,Armani,5,0,51,0
BP13053,Armani,21,0,83,0
BP13054,Armani,19,1,78,1
BP13055,Armani,39,0,0,0
BP13056,Armani,19,0,0,0
BP13057,Armani,8,0,0,0
BP13058,Armani,9,0,0,0
BP13059,Armani,4,0,0,0
BP13060,Armani,8,0,0,0
BP13061,Armani,5,0,0,0
BP13062,Armani,3,0,0,0
BP13063,Armani,7,0,0,0
BP13064,Armani,25,3,139,2
BP13065,Armani,34,2,202,2
BP13066,Armani,48,2,256,4
BP13067,Armani,44,5,138,4
BP13068,Armani,21,2,72,1
BP13069,Armani,17,1,85,0
BP13070,Armani,24,0,82,0
BP13071,Armani,18,3,94,4
BP13072,Armani,25,0,100,5
BP13073,Armani,29,2,138,1
BP13074,Armani,25,2,138,2
BP13075,Armani,8,2,94,0
BP13076,Armani,19,2,161,0
BP13077,Armani,25,1,202,1
BP13078,Armani,12,0,112,0
BP13079,Armani,31,1,226,1
BP13080,Armani,13,0,82,1
BP13081,Armani,13,2,131,2
BP13082,Armani,264,45,606,32
BP13083,Armani,19,11,127,5
BP13084,Armani,14,5,106,0
BP13085,Armani,28,3,161,6
BP13086,Armani,10,3,78,0
BP13087,Armani,382,0,0,0
BP13088,Armani,8,0,0,0
BP13089,Armani,10,0,0,0
BP13090,Armani,20,0,0,0
BP13091,Armani,23,13,191,2
BP13092,Armani,91,23,517,6
BP13093,Armani,23,4,127,1
BP13094,Armani,21,13,80,0
BP13095,Armani,25,11,101,2
BP13096,Armani,33,3,121,3
BP13097,Armani,19,6,117,4
BP13098,Armani,21,0,0,0
BP13099,Armani,13,0,0,0
BP13100,Armani,21,1,123,0
BP13101,Armani,18,7,127,2
BP13102,Armani,35,6,132,2
BP13103,Armani,48,5,293,7
BP13104,Armani,16,18,109,2
BP13105,Armani,37,0,0,0
BP13106,Armani,18,0,0,0
BP13107,Armani,30,0,0,0
BP13108,Armani,13,0,0,0
BP13109,Armani,31,0,0,0
BP13110,Armani,26,0,0,0
BP13111,Armani,10,0,0,0
BP13112,Armani,47,0,0,0
BP13113,Armani,6,0,0,0
BP13114,Armani,17,0,0,0
BP13115,Armani,9,0,0,0
BP13116,Armani,12,0,0,0
BP13117,Armani,5,0,0,0
BP13118,Armani,27,11,128,1
BP13119,Armani,21,3,120,6
BP13120,Armani,21,0,131,1
BP13121,Armani,23,4,144,3
BP13122,Armani,27,2,174,3
BP13123,Armani,20,0,110,2
BP13124,Armani,41,5,140,5
BP13125,Armani,39,1,154,5
BP13126,Armani,51,4,163,15
BP13127,Armani,37,1,128,2
BP13128,Armani,27,5,98,1
BP13129,Armani,23,1,114,3
BP13130,Armani,19,0,87,1
BP13131,Armani,18,1,98,3
BP13132,Armani,52,6,259,23
BP13133,Armani,32,7,180,11
BP13134,Armani,13,0,87,3
BP13135,Armani,11,2,81,1
BP13136,Armani,8,0,58,2
BP13137,Armani,17,0,70,2
BP13138,Armani,11,0,72,2
BP13139,Armani,225,29,770,189
BP13140,Armani,8,3,54,2
BP13141,Armani,11,2,32,1
BP13142,Armani,3,0,42,1
BP13143,Armani,6,1,47,4
BP13144,Armani,3,0,38,1
BP13145,Armani,18,1,93,13
BP13146,Armani,15,0,111,14
BP13147,Armani,74,6,453,30
BP13148,Armani,19,1,169,2
BP13149,Armani,9,0,41,1
BP13150,Armani,4,0,52,1
BP13151,Armani,11,0,111,9
BP13152,Armani,6,1,51,4
BP13153,Armani,300,62,1232,495
BP13154,Armani,10,2,70,1
BP13155,Armani,6,0,35,1
BP13156,Armani,16,0,0,0
BP13157,Armani,2354,32,18052,203
BP13158,Armani,12,1,79,1
BP13159,Armani,11,1,58,3
BP13160,Armani,8,0,62,2
BP13161,Armani,5,0,77,3
BP13162,Armani,9,1,87,1
BP13163,Armani,4,0,48,1
BP13164,Armani,17,1,66,2
BP13165,Armani,15,23,62,1
BP13166,Armani,17,0,86,1
BP13167,Armani,20,0,0,0
BP13168,Armani,19,0,0,0
BP13169,Armani,62,7,242,6
BP13170,Armani,8,2,76,2
BP13171,Armani,11,1,91,1
BP13172,Armani,6,2,51,2
BP13173,Armani,21,2,171,4
BP13174,Armani,11,0,102,2
BP13175,Armani,23,0,175,1
BP13176,Armani,116,5,479,8
BP13177,Armani,15,0,0,0
BP13178,Armani,14,0,0,0
BP13179,Armani,65,5,226,5
BP13180,Armani,7,2,65,1
BP13181,Armani,6,2,69,1
BP13182,Armani,5,0,0,0
BP13183,Armani,16,1,90,2
BP13184,Armani,22,0,94,2
BP13185,Armani,17,2,112,1
BP13186,Armani,10,0,63,1
BP13187,Armani,11,0,92,5
BP13188,Armani,12,0,80,1
BP13189,Armani,8,0,68,2
BP13190,Armani,104,2,349,5
BP13191,Armani,61,0,0,0
BP13192,Armani,12,1,70,2
BP13193,Armani,142,13,877,3
BP13194,Armani,10,2,94,1
BP13195,Armani,11,1,127,1
BP13196,Armani,7,1,62,1
BP13197,Armani,26,0,211,1
BP13198,Armani,9,1,85,2
BP13199,Armani,12,1,86,2
BP13200,Armani,20,1,96,2
BP13201,Armani,8,1,60,3
BP13202,Armani,11,0,55,2
BP13203,Armani,4,0,42,1
BP13204,Armani,8,0,52,4
BP13205,Armani,8,0,48,1
BP13206,Armani,18,4,109,3
BP13207,Armani,16,1,79,3
BP13208,Armani,6,0,38,1
BP13209,Armani,83,4,325,3
BP13210,Armani,10,2,99,1
BP13211,Armani,23,2,79,4
BP13212,Armani,303,72,573,63
BP13213,Armani,20,0,97,2
BP13214,Armani,13,2,92,2
BP13215,Armani,4,0,0,0
BP13216,Armani,7,0,0,0
BP13217,Armani,50,22,190,8
BP13218,Armani,26,1,104,2
BP13219,Armani,18,1,118,1
BP13220,Armani,19,16,109,2
BP13221,Armani,20,2,89,6
BP13222,Armani,19,0,0,0
BP13223,Armani,10,0,0,0
BP13224,Armani,6,0,0,0
BP13225,Armani,9,0,0,0
BP13226,Armani,7,0,0,0
BP13227,Armani,15,0,0,0
BP13228,Armani,56,0,0,0
BP13229,Armani,6,0,0,0
BP13230,Armani,3,0,0,0
BP13231,Armani,3,0,0,0
BP13232,Armani,9,0,0,0
BP13233,Armani,26,2,144,4
BP13234,Armani,21,1,98,3
BP13235,Armani,25,12,208,3
BP13236,Armani,25,0,124,2
BP13237,Armani,27,3,149,4
BP13238,Armani,27,2,98,2
BP13239,Armani,15,1,80,3
BP13240,Armani,11,2,75,1
BP13241,Armani,20,0,94,1
BP13242,Armani,12,2,81,1
BP13243,Armani,15,3,119,2
BP13244,Armani,49,16,329,5
BP13245,Armani,26,0,0,0
BP13246,Armani,61,20,333,7
BP13247,Armani,74,21,579,6
BP13248,Armani,29,2,110,3
BP13249,Armani,12,0,103,3
BP13250,Armani,31,1,185,3
BP13251,Armani,18,1,106,1
BP13252,Armani,15,1,114,1
BP13253,Armani,14,0,60,2
BP13254,Armani,19,1,77,1
BP13255,Armani,15,2,84,3
BP13256,Armani,36,3,233,1
BP13257,Armani,18,2,157,1
BP13258,Armani,25,4,167,2
BP13259,Armani,37,4,259,7
BP13260,Armani,16,1,84,1
BP13261,Armani,27,1,167,4
BP13262,Armani,71,5,381,4
BP13263,Armani,11,0,65,1
BP13264,Armani,12,1,87,2
BP13265,Armani,14,3,70,1
BP13266,Armani,9,0,52,1
BP13267,Armani,16,1,121,1
BP13268,Armani,9,0,0,0
BP13269,Armani,35,0,0,0
BP13270,Armani,7,0,0,0
BP13271,Armani,13,0,0,0
BP13272,Armani,21,0,0,0
BP13273,Armani,8,0,0,0
BP13274,Armani,17,0,0,0
BP13275,Armani,9,0,0,0
BP13276,Armani,19,0,0,0
BP13277,Armani,9,0,0,0
BP13278,Armani,13,0,0,0
BP13279,Armani,9,0,0,0
BP13280,Armani,11,0,0,0
BP13281,Armani,21,1,147,1
BP13282,Armani,17,0,93,2
BP13283,Armani,6,0,49,1
BP13284,Armani,7,0,47,1
BP13285,Armani,1172,112,10545,393
BP13286,Armani,40,3,175,4
BP13287,Armani,18,1,151,2
BP13288,Armani,14,3,105,1
BP13289,Armani,22,3,183,2
BP13290,Armani,25,1,123,2
BP13291,Armani,26,2,114,1
BP13292,Armani,20,1,141,3
BP13293,Armani,22,2,110,1
BP13294,Armani,23,0,143,1
BP13295,Armani,94,2,407,6
BP13296,Armani,15,1,91,2
BP13297,Armani,32,5,200,4
BP13298,Armani,18,1,153,2
BP13299,Armani,16,1,89,1
BP13300,Armani,24,1,120,2
BP13301,Armani,24,0,109,1
BP13302,Armani,34,7,153,2
BP13303,Armani,29,6,96,7
BP13304,Armani,38,2,134,4
BP13305,Armani,21,2,78,3
BP13306,Armani,32,4,111,2
BP13307,Armani,23,3,114,2
BP13308,Armani,48,2,213,1
BP13309,Armani,21,5,83,1
BP13310,Armani,16,2,68,1
BP13311,Armani,29,3,112,1
BP13312,Armani,16,3,104,2
BP13313,Armani,11,2,83,1
BP13314,Armani,13,1,70,2
BP13315,Armani,10,1,66,2
BP13316,Armani,23,0,106,1
BP13317,Armani,45,1,188,21
BP13318,Armani,39,11,177,4
BP13319,Armani,20,3,109,1
BP13320,Armani,32,4,147,1
BP13321,Armani,13,1,67,1
BP13322,Armani,26,4,90,7
BP13323,Armani,24,3,87,1
BP13324,Armani,14,3,86,2
BP13325,Armani,39,1,174,1
BP13326,Armani,68,5,197,9
BP13327,Armani,253,15,788,46
BP13328,Armani,35,8,133,4
BP13329,Armani,26,2,97,1
BP13330,Armani,40,3,162,1
BP13331,Armani,402,39,929,111
BP13332,Armani,50,10,201,8
BP13333,Armani,33,2,134,3
BP13334,Armani,60,2,204,2
BP13335,Armani,38,2,150,3
BP13336,Armani,31,9,106,4
BP13337,Armani,27,0,0,0
BP13338,Armani,50,9,168,6
BP13339,Armani,133,12,865,11
BP13340,Armani,31,2,154,2
BP13341,Armani,21,0,0,0
BP13342,Armani,22,0,0,0
BP13343,Armani,15,0,0,0
BP13344,Armani,16,0,0,0
BP13345,Armani,9,0,0,0
BP13346,Armani,19,0,0,0
BP13347,Armani,38,0,156,3
BP13348,Armani,109,16,605,15
BP13349,Armani,166,15,951,25
BP13350,Armani,171,13,1201,16
BP13351,Armani,105,12,693,15
BP13352,Armani,108,10,734,6
BP13353,Armani,249,8,1345,17
BP13354,Armani,277,22,1267,90
BP13355,Armani,53,5,211,3
BP13356,Armani,22,0,114,1
BP13357,Armani,25,0,150,1
BP13358,Armani,18,1,92,1
BP13359,Armani,30,3,134,1
BP13360,Armani,28,0,126,2
BP13361,Armani,23,0,82,2
BP13362,Armani,28,1,134,1
BP13363,Armani,44,1,210,5
BP13364,Armani,34,5,146,4
BP13365,Armani,10,2,70,2
BP13366,Armani,35,8,173,3
BP13367,Armani,17,0,68,1
BP13368,Armani,18,0,78,2
BP13369,Armani,21,0,60,3
BP13370,Armani,23,0,108,3
BP13371,Armani,24,1,170,1
BP13372,Armani,17,0,63,2
BP13373,Armani,9,5,63,1
BP13374,Armani,12,0,86,3
BP13375,Armani,88,10,371,8
BP13376,Armani,30,5,232,2
BP13377,Armani,34,4,178,5
BP13378,Armani,24,0,122,2
BP13379,Armani,17,2,78,1
BP13380,Armani,26,0,184,3
BP13381,Armani,11,0,48,2
BP13382,Armani,14,2,94,3
BP13383,Armani,12,0,64,1
BP13384,Armani,29,1,124,2
BP13385,Armani,27,1,158,6
BP13386,Armani,16,0,113,1
BP13387,Armani,47,3,220,6
BP13388,Armani,23,0,91,2
BP13389,Armani,33,1,159,4
BP13390,Armani,30,1,121,3
BP13391,Armani,23,1,120,2
BP13392,Armani,24,3,135,1
BP13393,Armani,25,2,151,3
BP13394,Armani,18,1,124,4
BP13395,Armani,38,2,155,1
BP13396,Armani,30,4,167,8
BP13397,Armani,35,3,135,3
BP13398,Armani,23,1,96,3
BP13399,Armani,15,3,112,1
BP13400,Armani,20,1,128,2
BP13401,Armani,41,2,218,6
BP13402,Armani,18,0,89,3
BP13403,Armani,23,0,137,1
BP13404,Armani,23,1,129,1
BP13405,Armani,16,0,85,2
BP13406,Armani,26,1,161,1
BP13407,Armani,14,0,93,2
BP13408,Armani,20,0,84,1
BP13409,Armani,43,4,256,3
BP13410,Armani,25,2,128,1
BP13411,Armani,19,2,78,1
BP13412,Armani,15,0,61,1
BP13413,Armani,20,0,84,1
BP13414,Armani,25,1,108,3
BP13415,Armani,19,0,0,0
BP13416,Armani,19,0,0,0
BP13417,Armani,71,6,443,5
BP13418,Armani,59,4,311,2
BP13419,Armani,40,7,263,2
BP13420,Armani,25,0,112,1
BP13421,Armani,30,0,162,1
BP13422,Armani,19,0,119,1
BP13423,Armani,24,1,109,1
BP13424,Armani,37,3,213,4
BP13425,Armani,30,2,118,2
BP13426,Armani,63,1,241,5
BP13427,Armani,34,1,124,3
BP13428,Armani,23,0,0,0
BP13429,Armani,31,0,0,0
BP13430,Armani,14,0,0,0
BP13431,Armani,11,0,0,0
BP13432,Armani,43,0,0,0
BP13433,Armani,116,0,0,0
BP13434,Armani,17,0,0,0
BP13435,Armani,60,0,0,0
BP13436,Armani,26,0,0,0
BP13437,Armani,29,0,0,0
BP13438,Armani,11,0,0,0
BP13439,Armani,10,0,0,0
BP13440,Armani,10,0,0,0
BP13441,Armani,63,0,253,8
BP13442,Armani,21,2,113,2
BP13443,Armani,91,1,362,6
BP13444,Armani,22,0,99,2
BP13445,Armani,20,0,96,1
BP13446,Armani,27,0,117,1
BP13447,Armani,24,0,118,2
BP13448,Armani,25,0,125,1
BP13449,Armani,25,0,130,1
BP13450,Armani,20,1,109,1
BP13451,Armani,22,1,113,1
BP13452,Armani,29,3,134,1
BP13453,Armani,32,2,260,1
BP13454,Armani,87,35,834,9
BP13455,Armani,28,3,245,6
BP13456,Armani,51,2,187,1
BP13457,Armani,23,1,133,3
BP13458,Armani,53,3,234,6
BP13459,Armani,30,3,168,2
BP13460,Armani,35,3,147,1
BP13461,Armani,26,2,103,1
BP13462,Armani,42,0,150,1
BP13463,Armani,27,1,89,1
BP13464,Armani,33,1,119,1
BP13465,Armani,33,3,117,2
BP13466,Armani,26,2,127,1
BP13467,Armani,18,0,102,1
BP13468,Armani,24,0,90,1
BP13469,Armani,24,0,84,1
BP13470,Armani,14,0,90,1
BP13471,Armani,36,3,108,2
BP13472,Armani,64,1,210,15
BP13473,Armani,39,4,207,2
BP13474,Armani,31,0,126,3
BP13475,Armani,28,0,146,3
BP13476,Armani,22,1,162,2
BP13477,Armani,35,0,173,2
BP13478,Armani,19,0,0,0
BP13479,Armani,12,0,0,0
BP13480,Armani,22,0,0,0
BP13481,Armani,21,0,0,0
BP13482,Armani,34,0,0,0
BP13483,Armani,10,0,0,0
BP13484,Armani,50,1,233,3
BP13485,Armani,79,1,359,5
BP13486,Armani,27,3,138,1
BP13487,Armani,44,4,205,2
BP13488,Armani,40,1,231,4
BP13489,Armani,87,0,0,0
BP13490,Armani,23,0,0,0
BP13491,Armani,27,1,121,1
BP13492,Armani,25,2,156,1
BP13493,Armani,18,2,112,1
BP13494,Armani,13,0,0,0
BP13495,Armani,12,0,0,0
BP13496,Armani,13,0,0,0
BP13497,Armani,15,0,0,0
BP13498,Armani,8,0,0,0
BP13499,Armani,151,9,796,11
BP13500,Armani,258,14,1299,29
BP13501,Armani,34,4,250,1
BP13502,Armani,18,2,138,1
BP13503,Armani,31,2,187,1
BP13504,Armani,30,2,132,1
BP13505,Armani,23,3,143,1
BP13506,Armani,19,1,101,1
BP13507,Armani,23,2,107,1
BP13508,Armani,35,6,148,3
BP13509,Armani,24,2,96,3
BP13510,Armani,21,0,144,2
BP13511,Armani,82,7,346,6
BP13512,Armani,8,0,61,1
BP13513,Armani,18,1,94,4
BP13514,Armani,25,1,141,2
BP13515,Armani,18,0,82,1
BP13516,Armani,17,1,112,1
BP13517,Armani,21,2,75,2
BP13518,Armani,18,1,92,1
BP13519,Armani,12,1,118,1
BP13520,Armani,19,0,103,2
BP13521,Armani,18,0,97,4
BP13522,Armani,36,3,143,2
BP13523,Armani,13,0,64,1
BP13524,Armani,16,2,82,2
BP13525,Armani,20,1,106,2
BP13526,Armani,12,1,78,2
BP13527,Armani,12,0,71,1
BP13528,Armani,19,0,92,1
BP13529,Armani,19,4,118,2
BP13530,Armani,17,0,81,1
BP13531,Armani,16,2,74,1
BP13532,Armani,15,1,82,2
BP13533,Armani,22,1,102,1
BP13534,Armani,19,3,96,4
BP13535,Armani,23,0,77,1
BP13536,Armani,18,0,63,1
BP13537,Armani,21,4,120,1
BP13538,Armani,23,0,102,2
BP13539,Armani,28,0,120,3
BP13540,Armani,17,1,81,1
BP13541,Armani,28,1,136,2
BP13542,Armani,28,0,0,0
BP13543,Armani,12,0,0,0
BP13544,Armani,14,0,0,0
BP13545,Armani,18,0,0,0
BP13546,Armani,49,1,211,1
BP13547,Armani,101,3,434,6
BP13548,Armani,232,3,740,9
BP13549,Armani,38,0,133,2
BP13550,Armani,27,2,154,1
BP13551,Armani,15,2,84,4
BP13552,Armani,56,5,257,5
BP13553,Armani,77,2,317,3
BP13554,Armani,42,3,203,4
BP13555,Armani,50,3,444,5
BP13556,Armani,12,0,88,1
BP13557,Armani,9,0,0,0
BP13558,Armani,14,0,0,0
BP13559,Armani,39,0,0,0
BP13560,Armani,100,0,0,0
BP13561,Armani,18,0,0,0
BP13562,Armani,11,0,0,0
BP13563,Armani,15,0,0,0
BP13564,Armani,10,0,0,0
BP13565,Armani,12,0,0,0
BP13566,Armani,74,4,445,8
BP13567,Armani,75,5,327,8
BP13568,Armani,14,1,82,1
BP13569,Armani,11,0,57,4
BP13570,Armani,35,4,230,1
BP13571,Armani,1129,51,4293,185
BP13572,Armani,19,0,62,2
BP13573,Armani,24,2,125,1
BP13574,Armani,16,1,70,1
BP13575,Armani,15,0,0,0
BP13576,Armani,14,1,78,2
BP13577,Armani,23,1,108,3
BP13578,Armani,18,1,105,2
BP13579,Armani,19,2,109,1
BP13580,Armani,16,0,0,0
BP13581,Armani,7,0,0,0
BP13582,Armani,252,0,0,0
BP13583,Armani,10,0,0,0
BP13584,Armani,20,2,129,2
BP13585,Armani,17,2,95,2
BP13586,Armani,25,3,129,1
BP13587,Armani,13,2,96,4
BP13588,Armani,19,0,75,1
BP13589,Armani,36,3,159,6
BP13590,Armani,17,3,108,1
BP13591,Armani,22,1,120,1
BP13592,Armani,24,2,106,4
BP13593,Armani,45,3,279,2
BP13594,Armani,26,5,116,1
BP13595,Armani,27,2,139,1
BP13596,Armani,21,0,119,1
BP13597,Armani,8,0,0,0
BP13598,Armani,15,1,132,1
BP13599,Armani,18,0,92,1
BP13600,Armani,11,2,140,1
BP13601,Armani,28,3,143,2
BP13602,Armani,25,2,196,1
BP13603,Armani,16,0,0,0
BP13604,Armani,128,0,0,0
BP13605,Armani,7,0,0,0
BP13606,Armani,3,0,0,0
BP13607,Armani,374,0,0,0
BP13608,Armani,21,2,102,2
BP13609,Armani,9,2,78,2
BP13610,Armani,37,8,221,6
BP13611,Armani,16,1,137,1
BP13612,Armani,27,1,178,2
BP13613,Armani,16,3,99,3
BP13614,Armani,23,1,116,1
BP13615,Armani,30,2,162,1
BP13616,Armani,16,4,152,1
BP13617,Armani,17,1,97,2
BP13618,Armani,11,0,80,1
BP13619,Armani,9,0,90,1
BP13620,Armani,18,1,106,2
BP13621,Armani,27,1,126,1
BP13622,Armani,38,3,210,2
BP13623,Armani,16,1,62,1
BP13624,Armani,32,2,118,1
BP13625,Armani,26,1,108,1
BP13626,Armani,13,2,95,1
BP13627,Armani,28,0,158,1
BP13628,Armani,21,2,87,3
BP13629,Armani,13,1,89,1
BP13630,Armani,17,2,116,1
BP13631,Armani,28,2,123,2
BP13632,Armani,43,1,229,2
BP13633,Armani,38,3,233,6
BP13634,Armani,16,0,53,1
BP13635,Armani,61,6,238,7
BP13636,Armani,26,1,138,2
BP13637,Armani,18,1,117,1
BP13638,Armani,17,1,116,4
BP13639,Armani,15,1,94,1
BP13640,Armani,15,0,98,2
BP13641,Armani,13,0,74,2
BP13642,Armani,133,0,0,0
BP13643,Armani,33385,0,0,0
BP13644,Armani,83,0,0,0
BP13645,Armani,144,9,508,12
BP13646,Armani,12,0,65,1
BP13647,Armani,8,0,56,1
BP13648,Armani,22,3,126,1
BP13649,Armani,24,5,107,1
BP13650,Armani,26,2,80,2
BP13651,Armani,21,1,75,3
BP13652,Armani,7,0,26,2
BP13653,Armani,27,3,181,1
BP13654,Armani,29,3,122,2
BP13655,Armani,17,1,118,3
BP13656,Armani,16,0,62,1
BP13657,Armani,26,3,159,2
BP13658,Armani,16,4,92,2
BP13659,Armani,29,0,130,4
BP13660,Armani,78,0,0,0
BP13661,Armani,76,5,284,7
BP13662,Armani,53,0,0,0
BP13663,Armani,19,0,0,0
BP13664,Armani,16,0,0,0
BP13665,Armani,29,1,103,2
BP13666,Armani,20,1,87,2
BP13667,Armani,20,2,115,1
BP13668,Armani,17,1,77,1
BP13669,Armani,20,1,124,1
BP13670,Armani,18,1,106,3
BP13671,Armani,25,3,110,2
BP13672,Armani,28,0,180,2
BP13673,Armani,18,1,108,1
BP13674,Armani,27,2,109,2
BP13675,Armani,27,1,159,2
BP13676,Armani,187,0,0,0
BP13677,Armani,18,0,114,1
BP13678,Armani,20,2,114,2
BP13679,Armani,26,1,115,1
BP13680,Armani,33,0,105,1
BP13681,Armani,28,0,144,3
BP13682,Armani,16,2,77,1
BP13683,Armani,36,3,232,2
BP13684,Armani,21,1,180,3
BP13685,Armani,16,1,95,1
BP13686,Armani,19,1,109,4
BP13687,Armani,17,0,70,2
BP13688,Armani,30,2,167,3
BP13689,Armani,43,3,212,1
BP13690,Armani,38,2,179,2
BP13691,Armani,25,5,161,1
BP13692,Armani,22,1,91,1
BP13693,Armani,17,0,99,1
BP13694,Armani,10,0,0,0
BP13695,Armani,12,0,0,0
BP13696,Armani,17,0,0,0
BP13697,Armani,25,2,157,3
BP13698,Armani,51,3,253,1
BP13699,Armani,21,1,111,2
BP13700,Armani,23,1,124,2
BP13701,Armani,16,0,126,5
BP13702,Armani,23,2,147,2
BP13703,Armani,50,3,245,4
BP13704,Armani,26,2,117,4
BP13705,Armani,25,0,162,3
BP13706,Armani,25,2,148,3
BP13707,Armani,14,0,92,1
BP13708,Armani,20,3,120,2
BP13709,Armani,23,0,145,3
BP13710,Armani,33,3,201,2
BP13711,Armani,35,4,152,5
BP13712,Armani,50,0,0,0
BP13713,Armani,20,1,105,3
BP13714,Armani,25,3,122,3
BP13715,Armani,23,2,168,4
BP13716,Armani,19,1,128,1
BP13717,Armani,11,1,75,1
BP13718,Armani,31,2,206,3
BP13719,Armani,37,1,139,5
BP13720,Armani,13,0,0,0
BP13721,Armani,24,0,0,0
BP13722,Armani,34,0,0,0
BP13723,Armani,6,0,0,0
BP13724,Armani,9,0,0,0
BP13725,Armani,59,0,0,0
BP13726,Armani,4,0,0,0
BP13727,Armani,7,0,0,0
BP13728,Armani,20,2,105,1
BP13729,Armani,26,0,118,3
BP13730,Armani,30,0,122,4
BP13731,Armani,30,3,129,2
BP13732,Armani,27,3,132,3
BP13733,Armani,26,0,147,1
BP13734,Armani,15,1,108,2
BP13735,Armani,18,2,115,2
BP13736,Armani,18,0,84,3
BP13737,Armani,23,3,83,3
BP13738,Armani,18,1,89,2
BP13739,Armani,26,3,141,1
BP13740,Armani,11,0,0,0
BP13741,Armani,13,2,99,2
BP13742,Armani,12,0,67,1
BP13743,Armani,10,0,83,2
BP13744,Armani,28,1,154,2
BP13745,Armani,42,2,294,3
BP13746,Armani,19,0,0,0
BP13747,Armani,23,0,0,0
BP13748,Armani,4,0,0,0
BP13749,Armani,8,0,0,0
BP13750,Armani,49,0,0,0
BP13751,Armani,36,0,0,0
BP13752,Armani,17,0,0,0
BP13753,Armani,5,0,0,0
BP13754,Armani,26,1,262,1
BP13755,Armani,7,0,65,1
BP13756,Armani,14,0,104,2
BP13757,Armani,40,0,300,4
BP13758,Armani,11,0,79,4
BP13759,Armani,74,2,302,7
BP13760,Armani,45,4,238,4
BP13761,Armani,24,0,98,2
BP13762,Armani,56,4,265,2
BP13763,Armani,38,2,179,1
BP13764,Armani,42,2,137,1
BP13765,Armani,34,0,117,2
BP13766,Armani,67,1,320,2
BP13767,Armani,21,1,125,4
BP13768,Armani,28,1,149,2
BP13769,Armani,20,0,94,3
BP13770,Armani,22,2,83,1
BP13771,Armani,102,9,667,5
BP13772,Armani,38,0,136,2
BP13773,Armani,35,1,109,1
BP13774,Armani,29,0,107,3
BP13775,Armani,11,0,0,0
BP13776,Armani,9,0,0,0
BP13777,Armani,31,0,0,0
BP13778,Armani,35,2,149,2
BP13779,Armani,14,0,68,1
BP13780,Armani,23,0,125,2
BP13781,Armani,41,1,220,3
BP13782,Armani,31,1,122,1
BP13783,Armani,21,0,112,1
BP13784,Armani,21,1,123,3
BP13785,Armani,10,0,0,0
BP13786,Armani,31,0,0,0
BP13787,Armani,13,0,0,0
BP13788,Armani,16,0,0,0
BP13789,Armani,40,0,143,2
BP13790,Armani,39,3,172,2
BP13791,Armani,27,2,124,3
BP13792,Armani,32,1,164,3
BP13793,Armani,22,1,111,1
BP13794,Armani,19,1,124,3
BP13795,Armani,35,0,141,3
BP13796,Armani,16,3,144,1
BP13797,Armani,22,0,113,3
BP13798,Armani,10,0,69,1
BP13799,Armani,12,1,88,2
BP13800,Armani,26,2,209,7
BP13801,Armani,28,3,176,2
BP13802,Armani,27,2,278,3
BP13803,Armani,9,0,82,2
BP13804,Armani,26,4,152,3
BP13805,Armani,122,0,0,0
BP13806,Armani,13,0,0,0
BP13807,Armani,65,0,0,0
BP13808,Armani,13,0,0,0
BP13809,Armani,75,0,0,0
BP13810,Armani,9,0,0,0
BP13811,Armani,84,0,0,0
BP13812,Armani,8,0,0,0
BP13813,Armani,12,0,0,0
BP13814,Armani,8,1,82,2
BP13815,Armani,30,3,143,4
BP13816,Armani,31,0,97,2
BP13817,Armani,18,0,112,1
BP13818,Armani,39,4,229,2
BP13819,Armani,14,0,90,1
BP13820,Armani,26,1,139,2
BP13821,Armani,17,1,136,2
BP13822,Armani,29,5,196,3
BP13823,Armani,24,1,158,2
BP13824,Armani,25,1,151,4
BP13825,Armani,37,4,208,2
BP13826,Armani,23,2,150,2
BP13827,Armani,91,7,411,2
BP13828,Armani,91,2,383,4
BP13829,Armani,35,0,165,2
BP13830,Armani,19,1,99,1
BP13831,Armani,192,14,1200,19
BP13832,Armani,39,2,216,2
BP13833,Armani,109,8,754,10
BP13834,Armani,24,0,138,1
BP13835,Armani,20,1,85,2
BP13836,Armani,23,2,156,2
BP13837,Armani,12,0,73,1
BP13838,Armani,59,9,423,7
BP13839,Armani,25,0,127,5
BP13840,Armani,26,2,152,1
BP13841,Armani,93,4,516,38
BP13842,Armani,23,1,168,2
BP13843,Armani,37,5,249,7
BP13844,Armani,35,0,200,6
BP13845,Armani,38,5,256,6
BP13846,Armani,43,3,189,2
BP13847,Armani,30,1,189,1
BP13848,Armani,17,0,125,1
BP13849,Armani,22,3,121,2
BP13850,Armani,22,0,138,2
BP13851,Armani,28,5,173,3
BP13852,Armani,54,5,306,6
BP13853,Armani,19,1,135,2
BP13854,Armani,32,1,152,3
BP13855,Armani,14,1,133,1
BP13856,Armani,25,4,160,2
BP13857,Armani,25,4,119,1
BP13858,Armani,26,2,141,1
BP13859,Armani,27,3,154,2
BP13860,Armani,6,0,48,2
BP13861,Armani,22,2,141,3
BP13862,Armani,20,2,132,2
BP13863,Armani,28,0,158,3
BP13864,Armani,32,4,158,3
BP13865,Armani,25,4,174,1
BP13866,Armani,25,4,228,3
BP13867,Armani,35,0,173,3
BP13868,Armani,25,2,146,3
BP13869,Armani,17,0,99,2
BP13870,Armani,22,0,108,1
BP13871,Armani,30,3,146,2
BP13872,Armani,16,0,122,2
BP13873,Armani,39,9,238,7
BP13874,Armani,12,2,94,1
BP13875,Armani,18,0,101,3
BP13876,Armani,18,1,124,3
BP13877,Armani,34,12,220,2
BP13878,Armani,18,1,80,2
BP13879,Armani,20,0,124,5
BP13880,Armani,27,5,163,3
BP13881,Armani,20,1,120,2
BP13882,Armani,24,3,146,1
BP13883,Armani,70,4,360,6
BP13884,Armani,39,0,159,2
BP13885,Armani,23,4,103,2
BP13886,Armani,23,4,136,1
BP13887,Armani,20,1,170,1
BP13888,Armani,31,4,182,3
BP13889,Armani,21,3,116,1
BP13890,Armani,35,0,164,3
BP13891,Armani,17,0,113,2
BP13892,Armani,66,0,0,0
BP13893,Armani,67,0,0,0
BP13894,Armani,34,0,0,0
BP13895,Armani,44,0,0,0
BP13896,Armani,16,0,0,0
BP13897,Armani,13,0,0,0
BP13898,Armani,6,0,0,0
BP13899,Armani,12,0,0,0
BP13900,Armani,13,0,0,0
BP13901,Armani,26,2,103,2
BP13902,Armani,53,5,232,10
BP13903,Armani,22,2,104,2
BP13904,Armani,40,2,181,2
BP13905,Armani,25,4,137,2
BP13906,Armani,23,1,110,2
BP13907,Armani,19,2,119,1
BP13908,Armani,19,5,141,3
BP13909,Armani,15,0,108,1
BP13910,Armani,16,7,87,3
BP13911,Armani,17,1,104,2
BP13912,Armani,25,2,115,3
BP13913,Armani,23,3,134,2
BP13914,Armani,50,5,206,8
BP13915,Armani,28,1,112,1
BP13916,Armani,22,1,134,5
BP13917,Armani,26,0,0,0
BP13918,Armani,128,0,0,0
BP13919,Armani,25,0,0,0
BP13920,Armani,34,0,0,0
BP13921,Armani,102,0,0,0
BP13922,Armani,36,0,0,0
BP13923,Armani,19,0,0,0
BP13924,Armani,18,0,0,0
BP13925,Armani,27,0,0,0
BP13926,Armani,126,0,0,0
BP13927,Armani,19,0,0,0
BP13928,Armani,9,0,0,0
BP13929,Armani,20,0,0,0
BP13930,Armani,32,0,0,0
BP13931,Armani,4,0,0,0
BP13932,Armani,19,0,0,0
BP13933,Armani,15,0,0,0
BP13934,Armani,9,0,0,0
BP13935,Armani,60,0,0,0
BP13936,Armani,29,0,0,0
BP13937,Armani,24,0,102,1
BP13938,Armani,20,2,119,2
BP13939,Armani,26,4,138,1
BP13940,Armani,35,4,182,2
BP13941,Armani,28,1,176,2
BP13942,Armani,16,0,108,1
BP13943,Armani,811,29,4349,110
BP13944,Armani,28,1,177,2
BP13945,Armani,44,4,211,4
BP13946,Armani,39,1,278,3
BP13947,Armani,29,0,155,5
BP13948,Armani,51,0,163,2
BP13949,Armani,48,5,289,3
BP13950,Armani,25,2,119,3
BP13951,Armani,33,2,143,1
BP13952,Armani,40,1,198,3
BP13953,Armani,52,5,261,6
BP13954,Armani,26,3,130,1
BP13955,Armani,24,2,147,3
BP13956,Armani,19,0,114,2
BP13957,Armani,19,1,127,1
BP13958,Armani,46,2,232,4
BP13959,Armani,32,2,187,5
BP13960,Armani,23,0,114,1
BP13961,Armani,490,235,2423,93
BP13962,Armani,35,4,204,3
BP13963,Armani,41,6,284,1
BP13964,Armani,24,1,112,4
BP13965,Armani,23,2,115,2
BP13966,Armani,31,3,169,3
BP13967,Armani,16,1,85,1
BP13968,Armani,2309,0,0,0
BP13969,Armani,12,2,71,1
BP13970,Armani,976,0,0,0
BP13971,Armani,38,1,163,1
BP13972,Armani,25,0,110,1
BP13973,Armani,52,0,0,0
BP13974,Armani,22,0,114,1
BP13975,Armani,21,2,134,1
BP13976,Armani,28,2,149,6
BP13977,Armani,12,0,0,0
BP13978,Armani,33,4,159,3
BP13979,Armani,13,0,95,1
BP13980,Armani,3327,181,20452,171
BP13981,Armani,14,0,127,2
BP13982,Armani,126,5,383,2
BP13983,Armani,7,0,0,0
BP13984,Armani,29,0,0,0
BP13985,Armani,7,0,0,0
BP13986,Armani,175,11,1488,9
BP13987,Armani,7,0,38,1
BP13988,Armani,279,40,980,6
BP13989,Armani,148,20,1694,7
BP13990,Armani,26,2,113,1
BP13991,Armani,14,0,93,2
BP13992,Armani,20,1,128,3
BP13993,Armani,21,1,135,4
BP13994,Armani,20,0,120,1
BP13995,Armani,15,2,126,3
BP13996,Armani,23,4,121,1
BP13997,Armani,28,1,119,2
BP13998,Armani,33,0,0,0
BP13999,Armani,47,0,0,0
BP14000,Armani,16,0,0,0
BP14001,Armani,43,0,0,0
BP14002,Armani,42,0,0,0
BP14003,Armani,15,0,0,0
BP14004,Armani,34,0,0,0
BP14005,Armani,218,0,0,0
BP14006,Armani,9,0,0,0
BP14007,Armani,37,5,163,3
BP14008,Armani,17,1,90,2
BP14009,Armani,19,1,100,2
BP14010,Armani,19,1,110,6
BP14011,Armani,17,0,84,1
BP14012,Armani,11,0,83,3
BP14013,Armani,22,1,89,1
BP14014,Armani,14,0,78,3
BP14015,Armani,20,1,127,3
BP14016,Armani,18,1,92,4
BP14017,Armani,24,0,121,2
BP14018,Armani,21,2,111,6
BP14019,Armani,24,1,97,2
BP14020,Armani,18,0,82,3
BP14021,Armani,24,0,92,1
BP14022,Armani,22,1,89,1
BP14023,Armani,30,0,126,2
BP14024,Armani,10,0,0,0
BP14025,Armani,10,0,0,0
BP14026,Armani,8,0,0,0
BP14027,Armani,9,0,0,0
BP14028,Armani,18,0,0,0
BP14029,Armani,57,0,0,0
BP14030,Armani,22,0,0,0
BP14031,Armani,28,3,151,2
BP14032,Armani,24,2,146,3
BP14033,Armani,27,5,213,2
BP14034,Armani,56,2,242,9
BP14035,Armani,16,0,106,3
BP14036,Armani,14,0,96,1
BP14037,Armani,14,1,109,2
BP14038,Armani,11,1,61,1
BP14039,Armani,46,4,294,2
BP14040,Armani,5,0,49,1
BP14041,Armani,25,0,0,0
BP14042,Armani,60,5,267,5
BP14043,Armani,43,0,0,0
BP14044,Armani,13,0,0,0
BP14045,Armani,21,0,124,2
BP14046,Armani,32,1,183,2
BP14047,Armani,15,2,109,3
BP14048,Armani,29,3,120,3
BP14049,Armani,12,1,82,2
BP14050,Armani,36,4,143,2
BP14051,Armani,57,2,303,7
BP14052,Armani,12,1,97,5
BP14053,Armani,22,1,107,2
BP14054,Armani,20,0,101,1
BP14055,Armani,7,1,66,1
BP14056,Armani,33,2,197,4
BP14057,Armani,26,4,152,3
BP14058,Armani,24,2,142,1
BP14059,Armani,16,0,0,0
BP14060,Armani,24,2,176,2
BP14061,Armani,32,5,148,1
BP14062,Armani,42,0,0,0
BP14063,Armani,22,2,151,1
BP14064,Armani,23,0,116,2
BP14065,Armani,20,1,117,2
BP14066,Armani,33,1,153,5
BP14067,Armani,34,0,115,3
BP14068,Armani,27,0,119,2
BP14069,Armani,28,1,116,3
BP14070,Armani,7,0,0,0
BP14071,Armani,4,0,0,0
BP14072,Armani,21,0,0,0
BP14073,Armani,13,0,0,0
BP14074,Armani,8,0,0,0
BP14075,Armani,75,0,0,0
BP14076,Armani,43,0,0,0
BP14077,Armani,74,0,0,0
BP14078,Armani,14,0,0,0
BP14079,Armani,15,0,0,0
BP14080,Armani,97,0,0,0
BP14081,Armani,19,0,121,2
BP14082,Armani,192,0,603,14
BP14083,Armani,19,0,118,1
BP14084,Armani,27,2,159,1
BP14085,Armani,17,0,89,1
BP14086,Armani,28,1,149,1
BP14087,Armani,15,1,82,2
BP14088,Armani,22,0,105,1
BP14089,Armani,33,2,114,2
BP14090,Armani,24,2,145,1
BP14091,Armani,19,0,106,2
BP14092,Armani,16,0,104,2
BP14093,Armani,12,0,75,1
BP14094,Armani,21,0,99,1
BP14095,Armani,16,0,71,2
BP14096,Armani,16,0,107,1
BP14097,Armani,18,0,89,1
BP14098,Armani,20,0,87,1
BP14099,Armani,20,0,79,2
BP14100,Armani,17,0,82,3
BP14101,Armani,9,0,52,1
BP14102,Armani,40,2,145,2
BP14103,Armani,13,2,57,1
BP14104,Armani,31,5,237,3
BP14105,Armani,85,6,579,4
BP14106,Armani,9,0,63,2
BP14107,Armani,17,0,97,1
BP14108,Armani,16,1,95,1
BP14109,Armani,32,4,175,2
BP14110,Armani,30,1,298,3
BP14111,Armani,16,0,100,4
BP14112,Armani,42,0,278,2
BP14113,Armani,49,5,239,3
BP14114,Armani,24,1,122,1
BP14115,Armani,73,4,367,14
BP14116,Armani,24,0,112,2
BP14117,Armani,18,1,94,1
BP14118,Armani,28,7,145,2
BP14119,Armani,64,4,230,8
BP14120,Armani,14,1,84,2
BP14121,Armani,22,1,149,2
BP14122,Armani,21,2,82,2
BP14123,Armani,22,1,121,1
BP14124,Armani,25,5,197,2
BP14125,Armani,32,4,163,3
BP14126,Armani,17,5,122,5
BP14127,Armani,20,1,169,1
BP14128,Armani,18,3,105,3
BP14129,Armani,19,1,140,2
BP14130,Armani,393,67,3533,124
BP14131,Armani,17,1,75,2
BP14132,Armani,14,1,87,1
BP14133,Armani,12,0,93,1
BP14134,Armani,16,2,103,3
BP14135,Armani,21,0,80,1
BP14136,Armani,24,0,125,3
BP14137,Armani,24,0,89,2
BP14138,Armani,17,0,109,1
BP14139,Armani,31,0,156,4
BP14140,Armani,23,0,124,2
BP14141,Armani,34,0,155,1
BP14142,Armani,27,1,169,6
BP14143,Armani,28,10,181,3
BP14144,Armani,26,1,137,3
BP14145,Armani,15,1,130,1
BP14146,Armani,21,0,129,2
BP14147,Armani,14,0,0,0
BP14148,Armani,17,1,91,1
BP14149,Armani,32,2,230,3
BP14150,Armani,25,5,167,2
BP14151,Armani,38,1,240,1
BP14152,Armani,26,0,132,3
BP14153,Armani,22,0,126,2
BP14154,Armani,16,0,83,2
BP14155,Armani,17,3,94,1
BP14156,Armani,13,0,66,1
BP14157,Armani,22,1,131,1
BP14158,Armani,24,1,118,2
BP14159,Armani,24,3,134,3
BP14160,Armani,249,19,2002,26
BP14161,Armani,26,0,114,1
BP14162,Armani,23,0,95,1
BP14163,Armani,18,1,145,2
BP14164,Armani,41,3,218,2
BP14165,Armani,31,0,153,2
BP14166,Armani,40,5,230,7
BP14167,Armani,39,0,206,3
BP14168,Armani,27,3,152,4
BP14169,Armani,22,0,106,3
BP14170,Armani,15,1,92,2
BP14171,Armani,28,0,164,3
BP14172,Armani,1153,45,6294,95
BP14173,Armani,31,1,164,2
BP14174,Armani,18,1,98,1
BP14175,Armani,18,2,83,3
BP14176,Armani,25,2,114,2
BP14177,Armani,18,0,100,1
BP14178,Armani,22,0,122,1
BP14179,Armani,124,0,0,0
BP14180,Armani,22,0,0,0
BP14181,Armani,29,3,169,1
BP14182,Armani,18,1,90,1
BP14183,Armani,27,2,112,2
BP14184,Armani,28,3,150,2
BP14185,Armani,15,2,105,1
BP14186,Armani,9,0,91,2
BP14187,Armani,54,8,455,4
BP14188,Armani,25,2,187,2
BP14189,Armani,20,0,102,2
BP14190,Armani,23,3,123,1
BP14191,Armani,76,10,309,2
BP14192,Armani,63,6,574,15
BP14193,Armani,21,2,165,2
BP14194,Armani,47,5,311,10
BP14195,Armani,32,3,130,2
BP14196,Armani,27,2,128,2
BP14197,Armani,22,3,118,3
BP14198,Armani,603,18,3657,15
BP14199,Armani,29,2,104,1
BP14200,Armani,17,3,85,2
BP14201,Armani,40,1,158,3
BP14202,Armani,31,2,158,1
BP14203,Armani,18,3,107,2
BP14204,Armani,17,1,126,1
BP14205,Armani,21,1,135,1
BP14206,Armani,37,3,179,6
BP14207,Armani,22,1,126,2
BP14208,Armani,27,4,188,6
BP14209,Armani,14,2,143,5
BP14210,Armani,185,0,0,0
BP14211,Armani,28,0,0,0
BP14212,Armani,13,0,0,0
BP14213,Armani,21,0,79,3
BP14214,Armani,31,1,152,4
BP14215,Armani,26,0,135,2
BP14216,Armani,28,1,144,1
BP14217,Armani,15,1,119,1
BP14218,Armani,20,3,143,1
BP14219,Armani,16,2,106,2
BP14220,Armani,13,1,80,2
BP14221,Armani,34,0,132,4
BP14222,Armani,19,0,112,1
BP14223,Armani,117,15,1128,17
BP14224,Armani,18,4,79,1
BP14225,Armani,20,1,100,1
BP14226,Armani,12,4,48,1
BP14227,Armani,30,1,105,2
BP14228,Armani,25,1,101,1
BP14229,Armani,12,0,98,3
BP14230,Armani,375,0,0,0
BP14231,Armani,19,2,90,1
BP14232,Armani,20,1,110,1
BP14233,Armani,10,0,83,1
BP14234,Armani,19,2,104,1
BP14235,Armani,16,1,97,1
BP14236,Armani,31,1,145,1
BP14237,Armani,20,1,100,3
BP14238,Armani,30,3,169,3
BP14239,Armani,27,0,137,2
BP14240,Armani,40,0,199,5
BP14241,Armani,39,2,167,3
BP14242,Armani,19,0,112,2
BP14243,Armani,16,0,105,4
BP14244,Armani,33,3,190,4
BP14245,Armani,59,0,0,0
BP14246,Armani,39,0,0,0
BP14247,Armani,13,0,0,0
BP14248,Armani,32,2,173,6
BP14249,Armani,14,1,95,1
BP14250,Armani,14,1,164,1
BP14251,Armani,38,2,201,2
BP14252,Armani,12,3,92,2
BP14253,Armani,30,2,178,3
BP14254,Armani,17,0,113,6
BP14255,Armani,16,0,143,1
BP14256,Armani,11,1,123,1
BP14257,Armani,17,0,102,1
BP14258,Armani,11,0,96,1
BP14259,Armani,34,5,172,4
BP14260,Armani,22,0,95,1
BP14261,Armani,21,0,101,1
BP14262,Armani,33,1,138,1
BP14263,Armani,88,4,377,3
BP14264,Armani,313,22,1260,17
BP14265,Armani,511,16,1936,27
BP14266,Armani,224,5,1148,6
BP14267,Armani,5,0,0,0
BP14268,Armani,10,0,0,0
BP14269,Armani,23,1,128,1
BP14270,Armani,22,0,108,1
BP14271,Armani,27,2,174,2
BP14272,Armani,65,1,229,4
BP14273,Armani,15,0,0,0
BP14274,Armani,45,4,243,4
BP14275,Armani,62,4,247,3
BP14276,Armani,19,1,124,1
BP14277,Armani,16,2,89,3
BP14278,Armani,23,0,155,3
BP14279,Armani,60,0,0,0
BP14280,Armani,47,3,217,4
BP14281,Armani,84,0,0,0
BP14282,Armani,28,0,0,0
BP14283,Armani,8,0,0,0
BP14284,Armani,241,0,0,0
BP14285,Armani,43,4,221,4
BP14286,Armani,20,1,103,2
BP14287,Armani,16,0,0,0
BP14288,Armani,27,0,0,0
BP14289,Armani,25,0,0,0
BP14290,Armani,167,0,0,0
BP14291,Armani,42,0,0,0
BP14292,Armani,9,0,0,0
BP14293,Armani,11,0,0,0
BP14294,Armani,32,0,141,3
BP14295,Armani,28,2,168,1
BP14296,Armani,42,4,230,2
BP14297,Armani,110,5,525,11
BP14298,Armani,29,2,166,2
BP14299,Armani,35,2,206,1
BP14300,Armani,21,0,130,1
BP14301,Armani,18,0,70,1
BP14302,Armani,16,0,87,3
BP14303,Armani,16,0,94,4
BP14304,Armani,12,0,79,2
BP14305,Armani,39,2,164,1
BP14306,Armani,21,0,116,2
BP14307,Armani,20,0,102,1
BP14308,Armani,38,3,184,2
BP14309,Armani,19,0,0,0
BP14310,Armani,19,2,103,3
BP14311,Armani,22,1,128,2
BP14312,Armani,17,0,105,1
BP14313,Armani,28,2,138,3
BP14314,Armani,23,0,0,0
BP14315,Armani,21,5,129,2
BP14316,Armani,21,0,137,3
BP14317,Armani,22,0,125,1
BP14318,Armani,525,0,0,0
BP14319,Armani,5,0,0,0
BP14320,Armani,16,0,99,1
BP14321,Armani,24,1,137,2
BP14322,Armani,24,2,141,2
BP14323,Armani,24,2,108,1
BP14324,Armani,19,3,120,2
BP14325,Armani,29,2,148,2
BP14326,Armani,20,0,116,1
BP14327,Armani,24,1,126,3
BP14328,Armani,22,0,100,2
BP14329,Armani,15,1,103,3
BP14330,Armani,19,3,95,3
BP14331,Armani,17,1,98,1
BP14332,Armani,33,1,171,3
BP14333,Armani,13,0,104,3
BP14334,Armani,44,3,222,3
BP14335,Armani,39,3,190,2
BP14336,Armani,25,2,205,1
BP14337,Armani,55,3,208,5
BP14338,Armani,19361,0,0,0
BP14339,Armani,24,0,0,0
BP14340,Armani,659,22,2809,32
BP14341,Armani,368,12,1235,21
BP14342,Armani,40,4,179,3
BP14343,Armani,11,0,0,0
BP14344,Armani,1015,0,0,0
BP14345,Armani,229,8,1562,15
BP14346,Armani,163,4,595,13
BP14347,Armani,35,4,172,1
BP14348,Armani,28,2,173,1
BP14349,Armani,25,0,138,1
BP14350,Armani,15,0,0,0
BP14351,Armani,26,0,0,0
BP14352,Armani,20,0,0,0
BP14353,Armani,21,0,0,0
BP14354,Armani,19,0,0,0
BP14355,Armani,31,0,0,0
BP14356,Armani,17,0,0,0
BP14357,Armani,25,0,0,0
BP14358,Armani,10,0,0,0
BP14359,Armani,6,0,0,0
BP14360,Armani,28,0,0,0
BP14361,Armani,14,0,0,0
BP14362,Armani,85,0,0,0
BP14363,Armani,19,0,0,0
BP14364,Armani,21,0,0,0
BP14365,Armani,51,0,273,4
BP14366,Armani,42,2,206,1
BP14367,Armani,16,0,135,1
BP14368,Armani,32,0,161,2
BP14369,Armani,50,4,204,1
BP14370,Armani,19,0,128,1
BP14371,Armani,28,0,182,3
BP14372,Armani,67,3,318,3
BP14373,Armani,45,1,238,2
BP14374,Armani,27,0,153,4
BP14375,Armani,25,0,132,1
BP14376,Armani,29,3,146,2
BP14377,Armani,43,1,181,3
BP14378,Armani,65,2,354,4
BP14379,Armani,39,0,144,1
BP14380,Armani,44,2,189,7
BP14381,Armani,40,2,192,3
BP14382,Armani,27,0,117,1
BP14383,Armani,27,1,91,1
BP14384,Armani,19,2,83,1
BP14385,Armani,33,1,122,3
BP14386,Armani,43,6,135,2
BP14387,Armani,15,0,80,1
BP14388,Armani,29,1,124,2
BP14389,Armani,20,0,0,0
BP14390,Armani,15,0,61,1
BP14391,Armani,56,3,145,1
BP14392,Armani,23,1,154,1
BP14393,Armani,56,4,236,3
BP14394,Armani,32,2,113,2
BP14395,Armani,17,0,104,2
BP14396,Armani,34,1,122,1
BP14397,Armani,76,3,252,5
BP14398,Armani,25,0,96,1
BP14399,Armani,22,0,90,1
BP14400,Armani,24,2,118,2
BP14401,Armani,24,1,113,1
BP14402,Armani,25,0,106,3
BP14403,Armani,18,0,120,1
BP14404,Armani,138,0,0,0
BP14405,Armani,23,1,121,1
BP14406,Armani,29,0,136,2
BP14407,Armani,18,0,0,0
BP14408,Armani,14,0,0,0
BP14409,Armani,29,0,0,0
BP14410,Armani,116,0,0,0
BP14411,Armani,564,0,0,0
BP14412,Armani,176,0,0,0
BP14413,Armani,11,0,0,0
BP14414,Armani,5630,0,0,0
BP14415,Armani,8,0,0,0
BP14416,Armani,14,2,99,1
BP14417,Armani,15,1,79,1
BP14418,Armani,26,0,122,2
BP14419,Armani,28,7,155,2
BP14420,Armani,22,5,128,4
BP14421,Armani,10,1,68,2
BP14422,Armani,55,6,255,4
BP14423,Armani,18,3,113,3
BP14424,Armani,17,1,117,1
BP14425,Armani,43,5,249,2
BP14426,Armani,34,4,310,2
BP14427,Armani,33,2,148,4
BP14428,Armani,11,0,102,0
BP14429,Armani,28,0,155,1
BP14430,Armani,756,27,2808,29
BP14431,Armani,10,1,68,0
BP14432,Armani,26,5,104,1
BP14433,Armani,20,1,90,1
BP14434,Armani,20,0,92,2
BP14435,Armani,16,1,88,1
BP14436,Armani,10,0,60,1
BP14437,Armani,15,2,118,2
BP14438,Armani,25,6,152,5
BP14439,Armani,42,4,310,4
BP14440,Armani,0,0,5,1
BP14441,Armani,1,0,18,1
BP14442,Armani,20,1,133,2
BP14443,Armani,12,2,114,2
BP14444,Armani,16,1,115,0
BP14445,Armani,35,2,296,2
BP14446,Armani,22,0,111,3
BP14447,Armani,21,1,79,2
BP14448,Armani,25,2,108,1
BP14449,Armani,13,1,76,2
BP14450,Armani,41,2,132,2
BP14451,Armani,43,5,221,3
BP14452,Armani,25,3,127,1
BP14453,Armani,32,2,138,3
BP14454,Armani,1,2,13,3
BP14455,Armani,34,2,170,1
BP14456,Armani,16,2,103,1
BP14457,Armani,22,0,124,1
BP14458,Armani,208,15,601,17
BP14459,Armani,99,6,349,6
BP14460,Armani,38,1,200,7
BP14461,Armani,33,2,166,2
BP14462,Armani,26,1,119,6
BP14463,Armani,37,0,178,2
BP14464,Armani,30,1,178,2
BP14465,Armani,26,4,149,1
BP14466,Armani,32,2,166,1
BP14467,Armani,82,5,365,7
BP14468,Armani,71,3,332,9
BP14469,Armani,25,2,127,1
BP14470,Armani,15,0,84,1
BP14471,Armani,19,0,95,1
BP14472,Armani,41,4,196,3
BP14473,Armani,31,2,184,4
BP14474,Armani,39,5,240,4
BP14475,Armani,28,4,169,1
BP14476,Armani,28,2,167,1
BP14477,Armani,27,2,139,1
BP14478,Armani,12,2,88,7
BP14479,Armani,13,1,60,1
BP14480,Armani,20,0,78,2
BP14481,Armani,20,0,80,2
BP14482,Armani,42,16,169,9
BP14483,Armani,13,2,88,2
BP14484,Armani,14,0,83,2
BP14485,Armani,179,15,1082,13
BP14486,Armani,55,4,211,4
BP14487,Armani,17,1,86,1
BP14488,Armani,14,0,64,2
BP14489,Armani,25,0,109,1
BP14490,Armani,14,0,48,1
BP14491,Armani,39,0,150,1
BP14492,Armani,21,1,95,4
BP14493,Armani,34,2,137,1
BP14494,Armani,45,4,167,4
BP14495,Armani,330,8,989,42
BP14496,Armani,81,9,271,5
BP14497,Armani,27,5,189,2
BP14498,Armani,26,1,189,2
BP14499,Armani,23,0,129,2
BP14500,Armani,18,1,95,2
BP14501,Armani,15,0,88,2
BP14502,Armani,9,2,65,3
BP14503,Armani,14,0,96,2
BP14504,Armani,18,2,140,3
BP14505,Armani,33,3,173,1
BP14506,Armani,21,4,154,1
BP14507,Armani,9,2,66,1
BP14508,Armani,74,6,545,6
BP14509,Armani,27,1,150,1
BP14510,Armani,15,1,89,1
BP14511,Armani,237,65,2307,60
BP14512,Armani,45,1,191,1
BP14513,Armani,44,1,206,2
BP14514,Armani,18,2,88,1
BP14515,Armani,13,1,77,1
BP14516,Armani,19,1,169,1
BP14517,Armani,22,1,147,3
BP14518,Armani,22,1,128,2
BP14519,Armani,28,1,135,1
BP14520,Armani,20,2,95,2
BP14521,Armani,21,1,84,1
BP14522,Armani,33,1,142,4
BP14523,Armani,28,1,105,2
BP14524,Armani,27,0,155,1
BP14525,Armani,11,0,95,2
BP14526,Armani,14,2,82,2
BP14527,Armani,69,12,294,3
BP14528,Armani,31,2,200,1
BP14529,Armani,21,5,99,1
BP14530,Armani,153,3,361,35
BP14531,Armani,30,2,172,2
BP14532,Armani,72,11,432,12
BP14533,Armani,17,1,112,3
BP14534,Armani,34,3,172,2
BP14535,Armani,43,0,213,3
BP14536,Armani,53,0,153,2
BP14537,Armani,30,2,139,2
BP14538,Armani,31,1,181,3
BP14539,Armani,10,2,83,2
BP14540,Armani,7,1,44,1
BP14541,Armani,9,0,68,1
BP14542,Armani,11,0,70,3
BP14543,Armani,19,1,96,4
BP14544,Armani,18,2,87,3
BP14545,Armani,41,2,279,5
BP14546,Armani,31,0,165,2
BP14547,Armani,13,0,76,1
BP14548,Armani,17,1,129,1
BP14549,Armani,15,0,158,1
BP14550,Armani,27,0,151,3
BP14551,Armani,34,1,187,2
BP14552,Armani,20,0,159,1
BP14553,Armani,19,0,158,3
BP14554,Armani,35,7,177,4
BP14555,Armani,36,1,123,2
BP14556,Armani,146,3,402,10
BP14557,Armani,18,2,75,2
BP14558,Armani,19,1,118,1
BP14559,Armani,50,0,200,4
BP14560,Armani,22,1,112,2
BP14561,Armani,21,1,110,4
BP14562,Armani,58,3,353,3
BP14563,Armani,42,4,195,2
BP14564,Armani,12,0,92,1
BP14565,Armani,39,2,214,3
BP14566,Armani,23,1,93,1
BP14567,Armani,37,0,141,1
BP14568,Armani,17,0,93,2
BP14569,Armani,42,5,231,4
BP14570,Armani,14,0,102,1
BP14571,Armani,54,3,449,7
BP14572,Armani,133,6,544,6
BP14573,Armani,22,3,123,1
BP14574,Armani,23,2,151,2
BP14575,Armani,24,5,124,2
BP14576,Armani,8,0,70,1
BP14577,Armani,7,0,57,2
BP14578,Armani,17,0,70,1
BP14579,Armani,2,0,0,0
BP14580,Armani,67,0,0,0
BP14581,Armani,53,0,0,0
BP14582,Armani,26,1,122,1
BP14583,Armani,21,1,169,2
BP14584,Armani,29,3,149,2
BP14585,Armani,30,1,154,3
BP14586,Armani,21,0,83,2
BP14587,Armani,11,0,65,1
BP14588,Armani,16,2,97,1
BP14589,Armani,17,6,131,3
BP14590,Armani,24,2,121,1
BP14591,Armani,29,2,170,7
BP14592,Armani,11,1,81,2
BP14593,Armani,17,3,83,1
BP14594,Armani,11,0,0,0
BP14595,Armani,105,0,0,0
BP14596,Armani,75,0,0,0
BP14597,Armani,14,2,92,1
BP14598,Armani,31,3,243,6
BP14599,Armani,17,2,121,5
BP14600,Armani,814,27,2906,79
BP14601,Armani,16,5,81,4
BP14602,Armani,22,2,75,2
BP14603,Armani,38,5,196,3
BP14604,Armani,27,1,152,1
BP14605,Armani,12,2,52,1
BP14606,Armani,11,0,67,1
BP14607,Armani,15,2,92,1
BP14608,Armani,22,0,96,1
BP14609,Armani,19,1,99,3
BP14610,Armani,16,1,87,2
BP14611,Armani,16,0,75,1
BP14612,Armani,72,10,410,5
BP14613,Armani,48,1,249,3
BP14614,Armani,22,0,114,2
BP14615,Armani,19,1,90,1
BP14616,Armani,18,0,82,2
BP14617,Armani,16,0,107,1
BP14618,Armani,19,2,137,1
BP14619,Armani,15,0,108,1
BP14620,Armani,26,0,158,1
BP14621,Armani,29,6,141,2
BP14622,Armani,24,2,101,1
BP14623,Armani,31,1,132,1
BP14624,Armani,56,1,251,3
BP14625,Armani,26,0,147,2
BP14626,Armani,22,2,154,1
BP14627,Armani,25,2,192,5
BP14628,Armani,79,0,0,0
BP14629,Armani,32,4,141,0
BP14630,Armani,44,1,138,5
BP14631,Armani,29,2,146,0
BP14632,Armani,39,6,187,2
BP14633,Armani,57,3,266,3
BP14634,Armani,29,1,159,0
BP14635,Armani,15,0,90,1
BP14636,Armani,32,2,171,0
BP14637,Armani,22,3,123,2
BP14638,Armani,24,2,105,0
BP14639,Armani,11,0,66,0
BP14640,Armani,15,0,68,2
BP14641,Armani,13,0,0,0
BP14642,Armani,35,2,172,2
BP14643,Armani,22,3,123,2
BP14644,Armani,13,1,83,1
BP14645,Armani,63,12,276,7
BP14646,Armani,12,0,109,0
BP14647,Armani,29,1,146,3
BP14648,Armani,1,1,3,0
BP14649,Armani,19,2,95,1
BP14650,Armani,20,1,115,0
BP14651,Armani,24,6,147,1
BP14652,Armani,17,2,106,1
BP14653,Armani,25,2,135,0
BP14654,Armani,98,8,416,4
BP14655,Armani,32,1,175,2
BP14656,Armani,43,1,162,1
BP14657,Armani,32,0,137,2
BP14658,Armani,21,3,114,0
BP14659,Armani,35,2,165,0
BP14660,Armani,18,3,85,0
BP14661,Armani,41,6,295,2
BP14662,Armani,48,4,249,1
BP14663,Armani,34,1,181,3
BP14664,Armani,193,7,650,5
BP14665,Armani,66,1,260,3
BP14666,Armani,31,3,153,1
BP14667,Armani,23,0,136,1
BP14668,Armani,32,1,220,4
BP14669,Armani,24,1,110,0
BP14670,Armani,30,2,167,1
BP14671,Armani,16,0,97,1
BP14672,Armani,43,0,250,5
BP14673,Armani,48,2,246,1
BP14674,Armani,17,1,125,0
BP14675,Armani,16,1,96,0
BP14676,Armani,34,2,211,1
BP14677,Armani,35,2,147,1
BP14678,Armani,14,0,131,1
BP14679,Armani,30,1,116,0
BP14680,Armani,36,3,137,0
BP14681,Armani,31,3,174,1
BP14682,Armani,41,4,271,3
BP14683,Armani,4,3,54,2
BP14684,Armani,53,8,248,10
BP14685,Armani,58,6,299,3
BP14686,Armani,18,0,123,0
BP14687,Armani,27,0,140,1
BP14688,Armani,14,4,108,2
BP14689,Armani,13,4,169,2
BP14690,Armani,50,4,304,1
BP14691,Armani,25,5,149,1
BP14692,Armani,17,2,97,0
BP14693,Armani,21,1,131,1
BP14694,Armani,32,0,160,3
BP14695,Armani,18,2,113,1
BP14696,Armani,20,0,154,0
BP14697,Armani,18,2,104,0
BP14698,Armani,43,2,206,3
BP14699,Armani,21,1,94,0
BP14700,Armani,39,1,152,0
BP14701,Armani,35,1,134,1
BP14702,Armani,24,2,175,0
BP14703,Armani,24,2,148,1
BP14704,Armani,95,3,278,2
BP14705,Armani,13,0,120,1
BP14706,Armani,46,4,124,1
BP14707,Armani,29,2,163,0
BP14708,Armani,60,11,321,6
BP14709,Armani,19,1,121,0
BP14710,Armani,29,0,157,1
BP14711,Armani,15,1,82,0
BP14712,Armani,48,5,274,2
BP14713,Armani,21,1,86,1
BP14714,Armani,941,30,4356,17
BP14715,Armani,110,10,455,5
BP14716,Armani,22,1,139,1
BP14717,Armani,24,5,166,2
BP14718,Armani,37,1,236,1
BP14719,Armani,31,0,124,1
BP14720,Armani,38,2,177,2
BP14721,Armani,16,0,111,0
BP14722,Armani,18,0,124,1
BP14723,Armani,22,2,128,0
BP14724,Armani,9,0,0,0
BP14725,Armani,56,0,0,0
BP14726,Armani,13,0,0,0
BP14727,Armani,26,0,101,4
BP14728,Armani,22,0,106,0
BP14729,Armani,33,0,176,0
BP14730,Armani,26,1,135,2
BP14731,Armani,44,4,247,0
BP14732,Armani,24,0,112,2
BP14733,Armani,32,3,189,2
BP14734,Armani,19,1,142,1
BP14735,Armani,30,2,150,1
BP14736,Armani,49,1,229,3
BP14737,Armani,43,3,159,0
BP14738,Armani,44,4,245,0
BP14739,Armani,45,6,299,1
BP14740,Armani,50,2,282,2
BP14741,Armani,66,3,283,4
BP14742,Armani,35,6,235,0
BP14743,Armani,80,11,283,6
BP14744,Armani,37,0,171,2
BP14745,Armani,53,0,177,2
BP14746,Armani,31,0,132,1
BP14747,Armani,35,0,174,4
BP14748,Armani,30,0,138,4
BP14749,Armani,108,6,536,5
BP14750,Armani,29,3,141,1
BP14751,Armani,34,3,133,2
BP14752,Armani,121,21,909,20
BP14753,Armani,17,3,129,1
BP14754,Armani,63,3,342,5
BP14755,Armani,30,2,189,2
BP14756,Armani,21,4,143,0
BP14757,Armani,39,4,222,2
BP14758,Armani,19,4,115,1
BP14759,Armani,82,5,302,2
BP14760,Armani,13,3,97,0
BP14761,Armani,19,1,120,1
BP14762,Armani,12,8,117,0
BP14763,Armani,42,7,256,1
BP14764,Armani,21,1,102,0
BP14765,Armani,17,0,120,0
BP14766,Armani,23,1,136,1
BP14767,Armani,28,2,158,3
BP14768,Armani,58,3,276,3
BP14769,Armani,26,4,138,3
BP14770,Armani,24,0,119,1
BP14771,Armani,40,2,181,1
BP14772,Armani,53,3,223,0
BP14773,Armani,49,5,213,1
BP14774,Armani,20,2,107,0
BP14775,Armani,17,2,105,1
BP14776,Armani,39,2,151,1
BP14777,Armani,111,9,466,25
BP14778,Armani,28,4,160,3
BP14779,Armani,29,2,171,2
BP14780,Armani,38,5,140,0
BP14781,Armani,36,1,219,3
BP14782,Armani,25,3,110,1
BP14783,Armani,0,0,5,0
BP14784,Armani,29,4,149,0
BP14785,Armani,82,3,441,2
BP14786,Armani,22,1,79,1
BP14787,Armani,119,10,695,19
BP14788,Armani,1,0,4,0
BP14789,Armani,50,7,516,3
BP14790,Armani,2,0,6,0
BP14791,Armani,19,1,88,0
BP14792,Armani,4,0,7,0
BP14793,Armani,15,1,146,2
BP14794,Armani,20,0,106,0
BP14795,Armani,26,1,121,1
BP14796,Armani,194,14,1223,13
BP14797,Armani,248,8,995,33
BP14798,Armani,25,5,120,2
BP14799,Armani,92,4,418,6
BP14800,Armani,19,4,108,0
BP14801,Armani,12,2,71,0
BP14802,Armani,65,4,291,7
BP14803,Armani,50,4,324,2
BP14804,Armani,5,0,5,0
BP14805,Armani,28,2,175,4
BP14806,Armani,71,5,377,5
BP14807,Armani,36,2,201,0
BP14808,Armani,598,16,2016,69
BP14809,Armani,45,6,260,3
BP14810,Armani,99,11,755,14
BP14811,Armani,16,2,106,0
BP14812,Armani,28,5,134,0
BP14813,Armani,21,3,113,0
BP14814,Armani,61,8,322,3
BP14815,Armani,23,6,100,0
BP14816,Armani,23,1,129,0
BP14817,Armani,20,2,140,1
BP14818,Armani,3,0,6,1
BP14819,Armani,29,11,170,0
BP14820,Armani,41,3,183,1
BP14821,Armani,83,4,527,7
BP14822,Armani,34,3,158,1
BP14823,Armani,12,0,0,0
BP14824,Armani,10,0,0,0
BP14825,Armani,10,0,0,0
BP14826,Armani,16,0,0,0
BP14827,Armani,5,0,0,0
BP14828,Armani,9,0,0,0
BP14829,Armani,16,0,0,0
BP14830,Armani,39,3,227,1
BP14831,Armani,29,1,122,0
BP14832,Armani,29,4,165,2
BP14833,Armani,29,3,201,1
BP14834,Armani,51,4,341,10
BP14835,Armani,26,3,192,3
BP14836,Armani,57,3,276,2
BP14837,Armani,32,2,158,0
BP14838,Armani,36,2,169,3
BP14839,Armani,58,6,282,6
BP14840,Armani,26,1,85,0
BP14841,Armani,32,0,195,1
BP14842,Armani,50,3,196,5
BP14843,Armani,24,2,145,0
BP14844,Armani,56,6,434,5
BP14845,Armani,35,2,202,1
BP14846,Armani,30,3,139,1
BP14847,Armani,7,0,0,0
BP14848,Armani,52,3,261,3
BP14849,Armani,22,1,126,1
BP14850,Armani,42,2,222,4
BP14851,Armani,38,2,179,4
BP14852,Armani,113,9,925,4
BP14853,Armani,93,6,376,8
BP14854,Armani,35,4,228,3
BP14855,Armani,14,1,85,2
BP14856,Armani,16,1,136,0
BP14857,Armani,24,2,117,2
BP14858,Armani,20,1,102,0
BP14859,Armani,55,3,239,1
BP14860,Armani,21,0,230,3
BP14861,Armani,11,1,113,2
BP14862,Armani,36,3,202,2
BP14863,Armani,34,0,177,2
BP14864,Armani,27,2,141,1
BP14865,Armani,39,1,194,1
BP14866,Armani,37,2,176,0
BP14867,Armani,91,8,434,2
BP14868,Armani,19,0,111,1
BP14869,Armani,41,2,159,1
BP14870,Armani,79,1,243,12
BP14871,Armani,29,2,125,0
BP14872,Armani,22,1,95,0
BP14873,Armani,27,0,119,2
BP14874,Armani,66,12,301,3
BP14875,Armani,14,3,72,1
BP14876,Armani,33,1,190,3
BP14877,Armani,28,0,150,1
BP14878,Armani,10,0,63,0
BP14879,Armani,67,4,298,2
BP14880,Armani,49,1,253,1
BP14881,Armani,29,1,161,1
BP14882,Armani,23,1,123,1
BP14883,Armani,42,1,162,0
BP14884,Armani,41,4,130,0
BP14885,Armani,57,7,179,2
BP14886,Armani,38,0,141,2
BP14887,Armani,38,0,119,1
BP14888,Armani,24,0,110,0
BP14889,Armani,29,7,188,1
BP14890,Armani,181,9,488,22
BP14891,Armani,76,2,316,2
BP14892,Armani,32,0,187,0
BP14893,Armani,24,2,178,2
BP14894,Armani,39,2,212,3
BP14895,Armani,29,0,161,0
BP14896,Armani,32,0,162,1
BP14897,Armani,31,1,145,0
BP14898,Armani,58,6,234,2
BP14899,Armani,25,2,147,2
BP14900,Armani,41,2,188,2
BP14901,Armani,35,2,235,2
BP14902,Armani,31,1,164,0
BP14903,Armani,29,0,147,1
BP14904,Armani,81,1,242,4
BP14905,Armani,105,0,267,6
BP14906,Armani,280,1,648,23
BP14907,Armani,18,3,94,1
BP14908,Armani,255,20,2859,9
BP14909,Armani,72,3,227,6
BP14910,Armani,44,0,134,3
BP14911,Armani,16,1,109,1
BP14912,Armani,25,1,100,2
BP14913,Armani,29,0,155,3
BP14914,Armani,20,1,86,2
BP14915,Armani,26,1,125,1
BP14916,Armani,17,1,101,1
BP14917,Armani,14,3,142,0
BP14918,Armani,13,1,125,1
BP14919,Armani,8,0,73,0
BP14920,Armani,11,1,81,0
BP14921,Armani,38,3,194,2
BP14922,Armani,59,2,476,7
BP14923,Armani,35,8,383,0
BP14924,Armani,32,0,138,0
BP14925,Armani,35,2,214,1
BP14926,Armani,36,0,150,2
BP14927,Armani,9,2,82,0
BP14928,Armani,9,2,62,0
BP14929,Armani,20,3,173,0
BP14930,Armani,21,0,0,0
BP14931,Armani,34,0,0,0
BP14932,Armani,65,1,278,3
BP14933,Armani,18,0,75,0
BP14934,Armani,14,0,87,1
BP14935,Armani,26,0,133,2
BP14936,Armani,24,2,131,1
BP14937,Armani,18,0,102,0
BP14938,Armani,47,3,284,0
BP14939,Armani,195,10,1179,3
BP14940,Armani,131,11,649,5
BP14941,Armani,18,0,104,0
BP14942,Armani,1,0,1,0
BP14943,Armani,26,3,136,0
BP14944,Armani,19,0,97,1
BP14945,Armani,43,7,247,3
BP14946,Armani,38,1,161,1
BP14947,Armani,33,0,166,2
BP14948,Armani,10,0,0,0
BP14949,Armani,37,2,172,0
BP14950,Armani,29,0,128,0
BP14951,Armani,40,4,167,6
BP14952,Armani,60,4,359,3
BP14953,Armani,30,3,170,0
BP14954,Armani,14,0,84,0
BP14955,Armani,8,0,18,1
BP14956,Armani,23,2,174,1
BP14957,Armani,7,0,0,0
BP14958,Armani,37,1,217,1
BP14959,Armani,18,2,134,0
BP14960,Armani,27,2,144,1
BP14961,Armani,68,2,272,2
BP14962,Armani,13,2,80,1
BP14963,Armani,6,0,57,1
BP14964,Armani,11,0,58,0
BP14965,Armani,25,3,176,2
BP14966,Armani,33,2,171,1
BP14967,Armani,29,0,135,0
BP14968,Armani,125,19,1199,31
BP14969,Armani,154,6,592,17
BP14970,Armani,172,10,641,11
BP14971,Armani,5,0,0,0
BP14972,Armani,36,0,0,0
BP14973,Armani,27,0,141,0
BP14974,Armani,9,0,75,0
BP14975,Armani,16,0,70,4
BP14976,Armani,100,12,685,13
BP14977,Armani,23,1,152,0
BP14978,Armani,34,1,187,0
BP14979,Armani,35,1,148,0
BP14980,Armani,49,2,232,2
BP14981,Armani,36,8,200,0
BP14982,Armani,49,2,195,7
BP14983,Armani,79,4,300,3
BP14984,Armani,22,0,128,2
BP14985,Armani,26,0,109,1
BP14986,Armani,4,0,9,0
BP14987,Armani,15,2,84,1
BP14988,Armani,15,0,109,0
BP14989,Armani,55,1,258,6
BP14990,Armani,11,1,61,1
BP14991,Armani,21,1,101,0
BP14992,Armani,7,1,70,0
BP14993,Armani,27,0,165,0
BP14994,Armani,53,0,281,7
BP14995,Armani,89,6,402,4
BP14996,Armani,141,5,567,3
BP14997,Armani,11,0,0,0
BP14998,Armani,27,1,124,0
BP14999,Armani,19,0,125,1
BP15000,Armani,29,0,168,0
BP15001,Armani,57,0,268,2
BP15002,Armani,28,0,92,0
BP15003,Armani,19,0,123,1
BP15004,Armani,11,2,62,0
BP15005,Armani,17,1,56,1
BP15006,Armani,27,3,142,2
BP15007,Armani,3,0,0,0
BP15008,Armani,60,0,0,0
BP15009,Armani,131,2,368,5
BP15010,Armani,129,3,454,9
BP15011,Armani,25,0,156,0
BP15012,Armani,34,1,183,4
BP15013,Armani,30,1,125,1
BP15014,Armani,131,6,469,8
BP15015,Armani,39,0,136,2
BP15016,Armani,19,0,81,2
BP15017,Armani,55,3,131,3
BP15018,Armani,41,2,161,1
BP15019,Armani,32,0,143,0
BP15020,Armani,16,0,84,1
BP15021,Armani,29,1,145,0
BP15022,Armani,36,2,208,0
BP15023,Armani,29,1,169,1
BP15024,Armani,26,0,160,0
BP15025,Armani,42,1,174,2
BP15026,Armani,21,0,122,2
BP15027,Armani,27,1,127,2
BP15028,Armani,27,3,133,0
BP15029,Armani,24,0,0,0
BP15030,Armani,33,1,146,0
BP15031,Armani,189,8,564,32
BP15032,Armani,19,2,104,1
BP15033,Armani,10,0,0,0
BP15034,Armani,37,2,178,2
BP15035,Armani,27,1,161,0
BP15036,Armani,19,0,90,0
BP15037,Armani,26,2,108,1
BP15038,Armani,19,2,103,0
BP15039,Armani,8,0,0,0
BP15040,Armani,42,2,193,3
BP15041,Armani,25,1,94,0
BP15042,Armani,22,0,105,0
BP15043,Armani,24,1,118,3
BP15044,Armani,27,0,132,1
BP15045,Armani,20,1,91,0
BP15046,Armani,28,2,143,1
BP15047,Armani,19,1,118,1
BP15048,Armani,26,0,119,2
BP15049,Armani,31,0,0,0
BP15050,Armani,7,0,0,0
BP15051,Armani,38,6,186,2
BP15052,Armani,35,0,141,1
BP15053,Armani,31,1,105,1
BP15054,Armani,20,0,0,0
BP15055,Armani,2,0,8,0
BP15056,Armani,18,0,74,0
BP15057,Armani,24,0,127,1
BP15058,Armani,31,0,109,1
BP15059,Armani,40,0,201,1
BP15060,Armani,37,2,148,1
BP15061,Armani,21,0,74,0
BP15062,Armani,31,0,124,1
BP15063,Armani,12,0,0,0
BP15064,Armani,18,0,0,0
BP15065,Armani,15,0,0,0
BP15066,Armani,24,0,139,1
BP15067,Armani,6,0,38,1
BP15068,Armani,23,0,128,0
BP15069,Armani,8,0,66,0
BP15070,Armani,135,10,485,13
BP15071,Armani,17,0,0,0
BP15072,Armani,34,1,133,1
BP15073,Armani,50,2,229,1
BP15074,Armani,38,0,137,1
BP15075,Armani,38,3,173,0
BP15076,Armani,20,0,95,0
BP15077,Armani,47,0,168,2
BP15078,Armani,30,0,130,0
BP15079,Armani,37,0,161,2
BP15080,Armani,52,3,199,5
BP15081,Armani,45,3,173,0
BP15082,Armani,23,3,139,0
BP15083,Armani,44,1,145,0
BP15084,Armani,195,0,0,0
BP15085,Armani,30,0,89,0
BP15086,Armani,17,1,70,1
BP15087,Armani,42,1,163,1
BP15088,Armani,44,3,180,2
BP15089,Armani,28,1,134,0
BP15090,Armani,45,1,215,1
BP15091,Armani,34,7,162,2
BP15092,Armani,32,1,124,0
BP15093,Armani,39,2,181,0
BP15094,Armani,50,1,161,5
BP15095,Armani,36,2,148,1
BP15096,Armani,39,1,159,1
BP15097,Armani,49,0,201,2
BP15098,Armani,34,0,0,0
BP15099,Armani,24,5,150,2
BP15100,Armani,32,2,180,1
BP15101,Armani,22,0,123,0
BP15102,Armani,28,0,0,0
BP15103,Armani,52,0,221,5
BP15104,Armani,29,6,128,3
BP15105,Armani,48,3,214,5
BP15106,Armani,5,0,0,0
BP15107,Armani,52,4,189,0
BP15108,Armani,17,0,79,1
BP15109,Armani,25,1,100,1
BP15110,Armani,25,0,89,0
BP15111,Armani,19,1,65,0
BP15112,Armani,14,4,99,1
BP15113,Armani,48,12,257,1
BP15114,Armani,22,1,111,1
BP15115,Armani,24,3,119,1
BP15116,Armani,24,2,158,2
BP15117,Armani,29,2,141,0
BP15118,Armani,26,2,141,1
BP15119,Armani,4,0,15,0
BP15120,Armani,78,3,267,4
BP15121,Armani,46,3,203,1
BP15122,Armani,34,3,137,2
BP15123,Armani,65,8,289,3
BP15124,Armani,91,5,371,9
BP15125,Armani,42,2,168,3
BP15126,Armani,21,2,119,1
BP15127,Armani,27,0,165,1
BP15128,Armani,54,5,232,3
BP15129,Armani,39,0,178,1
BP15130,Armani,56,4,115,4
BP15131,Armani,17,2,94,0
BP15132,Armani,113,6,338,14
BP15133,Armani,26,0,115,1
BP15134,Armani,12,0,61,0
BP15135,Armani,37,6,206,1
BP15136,Armani,23,0,123,0
BP15137,Armani,35,2,122,0
BP15138,Armani,202,6,786,17
BP15139,Armani,30,2,127,0
BP15140,Armani,89,4,288,12
BP15141,Armani,133,5,513,9
BP15142,Armani,73,0,234,4
BP15143,Armani,21,1,123,4
BP15144,Armani,85,7,355,5
BP15145,Armani,18,0,115,2
BP15146,Armani,33,3,175,1
BP15147,Armani,101,9,366,5
BP15148,Armani,94,3,353,4
BP15149,Armani,33,6,202,1
BP15150,Armani,43,3,191,0
BP15151,Armani,34,0,140,4
BP15152,Armani,42,0,118,1
BP15153,Armani,34,0,146,1
BP15154,Armani,53,1,210,1
BP15155,Armani,41,1,145,1
BP15156,Armani,26,2,134,2
BP15157,Armani,36,5,149,1
BP15158,Armani,23,5,113,3
BP15159,Armani,20,2,51,2
BP15160,Armani,39,7,396,0
BP15161,Armani,16,1,93,3
BP15162,Armani,15,4,114,1
BP15163,Armani,26,3,125,1
BP15164,Armani,64,0,189,2
BP15165,Armani,47,5,195,1
BP15166,Armani,41,1,126,0
BP15167,Armani,27,5,144,2
BP15168,Armani,19,5,62,0
BP15169,Armani,42,3,157,0
BP15170,Armani,37,3,137,2
BP15171,Armani,49,4,133,4
BP15172,Armani,31,2,112,4
BP15173,Armani,41,0,166,1
BP15174,Armani,32,0,147,1
BP15175,Armani,11,1,97,0
BP15176,Armani,36,3,187,1
BP15177,Armani,29,4,134,1
BP15178,Armani,52,5,230,2
BP15179,Armani,59,4,305,5
BP15180,Armani,35,4,172,0
BP15181,Armani,32,2,162,0
BP15182,Armani,35,1,118,1
BP15183,Armani,38,2,208,5
BP15184,Armani,58,5,200,1
BP15185,Armani,88,5,359,5
BP15186,Armani,33,0,152,1
BP15187,Armani,47,1,211,1
BP15188,Armani,35,1,153,1
BP15189,Armani,38,3,156,1
BP15190,Armani,22,1,108,0
BP15191,Armani,101,7,283,6
BP15192,Armani,31,2,188,1
BP15193,Armani,40,4,189,3
BP15194,Armani,42,2,246,1
BP15195,Armani,96,20,737,4
BP15196,Armani,47,2,181,0
BP15197,Armani,11,1,85,0
BP15198,Armani,10,2,94,0
BP15199,Armani,105,5,692,5
BP15200,Armani,20,3,94,0
BP15201,Armani,31,0,138,1
BP15202,Armani,39,2,234,6
BP15203,Armani,28,2,152,1
BP15204,Armani,28,1,132,1
BP15205,Armani,37,3,168,3
BP15206,Armani,14,2,72,1
BP15207,Armani,28,0,142,1
BP15208,Armani,27,1,161,1
BP15209,Armani,41,1,154,1
BP15210,Armani,42,2,150,1
BP15211,Armani,31,1,112,0
BP15212,Armani,57,5,198,2
BP15213,Armani,34,1,102,3
BP15214,Armani,8,0,43,0
BP15215,Armani,41,6,143,4
BP15216,Armani,689,13,1962,17
BP15217,Armani,39,8,178,0
BP15218,Armani,47,8,178,0
BP15219,Armani,63,2,214,3
BP15220,Armani,48,4,176,1
BP15221,Armani,144,3,393,6
BP15222,Armani,54,2,138,0
BP15223,Armani,104,5,360,3
BP15224,Armani,51,2,176,3
BP15225,Armani,54,1,190,2
BP15226,Armani,30,1,117,0
BP15227,Armani,25,0,122,0
BP15228,Armani,34,1,150,2
BP15229,Armani,58,6,215,1
BP15230,Armani,48,1,170,4
BP15231,Armani,70,5,233,4
BP15232,Armani,61,2,227,1
BP15233,Armani,40,3,140,2
BP15234,Armani,62,0,157,1
BP15235,Armani,27,0,106,0
BP15236,Armani,19,0,94,0
BP15237,Armani,35,1,172,1
BP15238,Armani,30,0,118,3
BP15239,Armani,23,0,107,0
BP15240,Armani,37,0,138,4
BP15241,Armani,2,0,8,0
BP15242,Armani,219,25,1867,16
BP15243,Armani,174,4,570,20
BP15244,Armani,45,3,211,1
BP15245,Armani,43,5,204,2
BP15246,Armani,26,1,110,0
BP15247,Armani,16,2,84,2
BP15248,Armani,13,0,63,1
BP15249,Armani,40,1,183,1
BP15250,Armani,22,2,89,0
BP15251,Armani,37,1,162,0
BP15252,Armani,24,2,149,0
BP15253,Armani,24,1,113,2
BP15254,Armani,42,1,172,6
BP15255,Armani,54,5,253,3
BP15256,Armani,23,0,166,0
BP15257,Armani,70,3,205,4
BP15258,Armani,19,0,51,1
BP15259,Armani,35,2,138,2
BP15260,Armani,25,1,104,1
BP15261,Armani,28,0,127,0
BP15262,Armani,25,1,99,1
BP15263,Armani,3,0,4,0
BP15264,Armani,25,2,142,0
BP15265,Armani,29,1,121,2
BP15266,Armani,28,2,161,1
BP15267,Armani,59,3,276,6
BP15268,Armani,27,3,183,2
BP15269,Armani,9,0,14,0
BP15270,Armani,29,4,193,10
BP15271,Armani,27,2,98,0
BP15272,Armani,78,5,219,7
BP15273,Armani,23,1,65,0
BP15274,Armani,27,8,219,4
BP15275,Armani,28,1,131,1
BP15276,Armani,45,2,154,0
BP15277,Armani,22,0,128,0
BP15278,Armani,23,1,132,1
BP15279,Armani,76,3,221,3
BP15280,Armani,48,3,237,2
BP15281,Armani,29,1,134,1
BP15282,Armani,51,3,253,2
BP15283,Armani,47,2,163,1
BP15284,Armani,56,3,153,3
BP15285,Armani,59,4,159,3
BP15286,Armani,60,6,270,3
BP15287,Armani,40,0,152,4
BP15288,Armani,36,3,135,1
BP15289,Armani,44,5,186,0
BP15290,Armani,128,9,354,8
BP15291,Armani,25,7,112,0
BP15292,Armani,37,2,122,0
BP15293,Armani,36,1,133,1
BP15294,Armani,40,1,148,2
BP15295,Armani,9,0,0,0
BP15296,Armani,39,3,142,2
BP15297,Armani,46,4,154,3
BP15298,Armani,34,2,158,2
BP15299,Armani,25,0,99,4
BP15300,Armani,39,1,126,0
BP15301,Armani,26,2,128,1
BP15302,Armani,33,0,134,0
BP15303,Armani,17,0,72,0
BP15304,Armani,24,18,289,0
BP15305,Armani,90,12,299,11
BP15306,Armani,44,3,144,2
BP15307,Armani,42,5,164,3
BP15308,Armani,82,4,300,3
BP15309,Armani,70,1,216,2
BP15310,Armani,62,5,185,5
BP15311,Armani,26,1,147,1
BP15312,Armani,29,3,104,3
BP15313,Armani,58,5,203,3
BP15314,Armani,19,2,146,0
BP15315,Armani,17,0,74,0
BP15316,Armani,1,0,4,0
BP15317,Armani,26,1,112,1
BP15318,Armani,2,0,6,0
BP15319,Armani,20,0,0,0
BP15320,Armani,25,0,0,0
BP15321,Armani,32,3,154,1
BP15322,Armani,39,1,169,1
BP15323,Armani,18,2,87,0
BP15324,Armani,24,0,93,0
BP15325,Armani,30,2,150,1
BP15326,Armani,36,1,111,1
BP15327,Armani,27,0,96,0
BP15328,Armani,30,1,115,1
BP15329,Armani,28,0,104,1
BP15330,Armani,24,2,83,1
BP15331,Armani,25,5,113,0
BP15332,Armani,91,9,310,3
BP15333,Armani,33,4,206,5
BP15334,Armani,20,1,81,0
BP15335,Armani,20,1,99,3
BP15336,Armani,14,0,97,1
BP15337,Armani,17,0,67,1
BP15338,Armani,14,0,0,0
BP15339,Armani,25,0,0,0
BP15340,Armani,40,0,150,2
BP15341,Armani,28,0,0,0
BP15342,Armani,12,0,0,0
BP15343,Armani,15,0,0,0
BP15344,Armani,59,1,195,3
BP15345,Armani,100,8,374,4
BP15346,Armani,43,10,214,4
BP15347,Armani,11,1,87,1
BP15348,Armani,61,3,232,4
BP15349,Armani,41,0,153,3
BP15350,Armani,39,1,158,3
BP15351,Armani,35,1,161,2
BP15352,Armani,33,4,140,5
BP15353,Armani,16,1,107,0
BP15354,Armani,10,1,71,0
BP15355,Armani,12,1,65,1
BP15356,Armani,13,0,71,0
BP15357,Armani,29,1,120,2
BP15358,Armani,24,0,113,2
BP15359,Armani,31,0,0,0
BP15360,Armani,17,1,148,1
BP15361,Armani,77,2,295,3
BP15362,Armani,16,3,116,0
BP15363,Armani,55,3,179,3
BP15364,Armani,12,0,0,0
BP15365,Armani,29,2,157,1
BP15366,Armani,11,1,50,1
BP15367,Armani,40,2,149,0
BP15368,Armani,17,1,70,0
BP15369,Armani,12,0,0,0
BP15370,Armani,44,3,220,6
BP15371,Armani,30,2,111,0
BP15372,Armani,32,2,132,0
BP15373,Armani,35,0,135,0
BP15374,Armani,22,0,0,0
BP15375,Armani,18,1,65,0
BP15376,Armani,23,4,113,0
BP15377,Armani,40,2,142,4
BP15378,Armani,14,0,0,0
BP15379,Armani,142,0,165,1
BP15380,Armani,32,4,200,1
BP15381,Armani,31,3,108,3
BP15382,Armani,14,0,0,0
BP15383,Armani,14,0,0,0
BP15384,Armani,8,0,0,0
BP15385,Armani,21,0,64,1
BP15386,Armani,16,0,112,0
BP15387,Armani,21,3,120,2
BP15388,Armani,35,3,111,1
BP15389,Armani,18,1,78,0
BP15390,Armani,23,5,127,4
BP15391,Armani,32,3,121,0
BP15392,Armani,48,2,126,3
BP15393,Armani,25,2,76,3
BP15394,Armani,20,1,91,2
BP15395,Armani,34,3,128,3
BP15396,Armani,22,2,100,2
BP15397,Armani,24,4,75,1
BP15398,Armani,19,1,63,0
BP15399,Armani,16,3,56,0
BP15400,Armani,19,4,105,2
BP15401,Armani,41,3,150,0
BP15402,Armani,25,1,71,0
BP15403,Armani,43,3,133,3
BP15404,Armani,24,1,56,1
BP15405,Armani,15,1,53,2
BP15406,Armani,16,1,54,2
BP15407,Armani,20,1,60,0
BP15408,Armani,25,2,57,0
BP15409,Armani,40,2,98,5
BP15410,Armani,18,2,80,1
BP15411,Armani,31,1,108,1
BP15412,Armani,48,6,180,2
BP15413,Armani,74,15,467,6
BP15414,Armani,12,0,0,0
BP15415,Armani,13,0,0,0
BP15416,Armani,25,2,66,0
BP15417,Armani,48,3,135,0
BP15418,Armani,64,2,147,6
BP15419,Armani,35,1,86,2
BP15420,Armani,39,1,118,0
BP15421,Armani,51,5,181,0
BP15422,Armani,36,6,126,4
BP15423,Armani,37,2,121,0
BP15424,Armani,47,1,113,0
BP15425,Armani,48,1,143,0
BP15426,Armani,30,4,109,5
BP15427,Armani,42,5,167,3
BP15428,Armani,33,2,130,0
BP15429,Armani,29,3,79,1
BP15430,Armani,45,1,160,3
BP15431,Armani,35,3,108,1
BP15432,Armani,30,2,102,2
BP15433,Armani,37,1,109,1
BP15434,Armani,23,3,61,0
BP15435,Armani,35,1,98,0
BP15436,Armani,21,0,0,0
BP15437,Armani,36,3,117,0
BP15438,Armani,26,1,71,0
BP15439,Armani,47,2,159,2
BP15440,Armani,42,4,168,0
BP15441,Armani,27,15,98,1
BP15442,Armani,17,3,50,0
BP15443,Armani,27,2,67,0
BP15444,Armani,32,1,92,0
BP15445,Armani,44,3,117,1
BP15446,Armani,31,5,126,0
BP15447,Armani,41,3,123,0
BP15448,Armani,29,3,83,0
BP15449,Armani,42,4,127,0
BP15450,Armani,22,1,80,1
BP15451,Armani,42,2,112,1
BP15452,Armani,22,1,87,0
BP15453,Armani,12,0,0,0
BP15454,Armani,16,0,0,0
BP15455,Armani,46,6,132,0
BP15456,Armani,35,3,105,1
BP15457,Armani,39,2,111,0
BP15458,Armani,37,2,110,0
BP15459,Armani,48,0,131,1
BP15460,Armani,35,2,138,1
BP15461,Armani,36,0,84,2
BP15462,Armani,128,1,343,7
BP15463,Armani,77,0,229,3
BP15464,Armani,46,0,0,0
BP15465,Armani,73,2,143,2
BP15466,Armani,59,2,187,0
BP15467,Armani,81,4,258,7
BP15468,Armani,37,0,0,0
BP15469,Armani,120,8,445,10
BP15470,Armani,56,1,178,2
BP15471,Armani,39,1,144,0
BP15472,Armani,50,2,194,1
BP15473,Armani,215,7,486,20
BP15474,Armani,28,0,0,0
BP15475,Armani,23,0,0,0
BP15476,Armani,39,0,0,0
BP15477,Armani,25,0,0,0
BP15478,Armani,16,0,0,0
BP15479,Armani,56,2,139,2
BP15480,Armani,32,0,73,1
BP15481,Armani,41,2,86,2
BP15482,Armani,35,1,72,1
BP15483,Armani,56,2,148,5
BP15484,Armani,52,3,112,0
BP15485,Armani,37,1,110,0
BP15486,Armani,51,0,168,0
BP15487,Armani,15,0,0,0
BP15488,Armani,13,0,0,0
BP15489,Armani,18,0,0,0
BP15490,Armani,11,0,0,0
BP15491,Armani,11,0,0,0
BP15492,Armani,18,0,0,0
BP15493,Armani,15,0,0,0
BP15494,Armani,38,2,91,1
BP15495,Armani,57,1,180,1
BP15496,Armani,39,0,140,5
BP15497,Armani,16,1,80,0
BP15498,Armani,92,9,302,2
BP15499,Armani,59,11,231,4
BP15500,Armani,35,1,157,1
BP15501,Armani,31,2,83,0
BP15502,Armani,863,16,2124,39
BP15503,Armani,368,8,988,12
BP15504,Armani,29,2,87,0
BP15505,Armani,23,3,82,0
BP15506,Armani,34,3,118,0
BP15507,Armani,49,2,144,1
BP15508,Armani,41,3,188,0
BP15509,Armani,187,2,490,14
BP15510,Armani,94,5,306,1
BP15511,Armani,44,3,114,0
BP15512,Armani,40,0,110,1
BP15513,Armani,32,12,127,2
BP15514,Armani,62,3,261,4
BP15515,Armani,96,4,249,7
BP15516,Armani,29,1,106,1
BP15517,Armani,37,1,129,1
BP15518,Armani,20,1,85,0
BP15519,Armani,19,1,101,1
BP15520,Armani,23,0,124,1
BP15521,Armani,16,3,78,0
BP15522,Armani,50,4,165,4
BP15523,Armani,106,27,728,20
BP15524,Armani,15,0,66,1
BP15525,Armani,82,3,274,3
BP15526,Armani,46,4,191,3
BP15527,Armani,39,5,125,2
BP15528,Armani,31,1,109,2
BP15529,Armani,36,2,91,2
BP15530,Armani,48,3,248,3
BP15531,Armani,23,1,130,3
BP15532,Armani,27,2,139,4
BP15533,Armani,40,3,140,2
BP15534,Armani,45,0,165,4
BP15535,Armani,40,1,174,2
BP15536,Armani,43,4,214,2
BP15537,Armani,42,1,149,0
BP15538,Armani,74,6,303,7
BP15539,Armani,35,1,147,5
BP15540,Armani,32,1,177,3
BP15541,Armani,33,1,124,2
BP15542,Armani,20,1,89,0
BP15543,Armani,13,0,0,0
BP15544,Armani,32,2,154,4
BP15545,Armani,40,0,145,3
BP15546,Armani,27,6,139,2
BP15547,Armani,31,4,115,2
BP15548,Armani,33,2,142,4
BP15549,Armani,11,0,0,0
BP15550,Armani,28,2,112,2
BP15551,Armani,28,1,92,1
BP15552,Armani,30,2,104,1
BP15553,Armani,35,0,188,2
BP15554,Armani,45,5,197,2
BP15555,Armani,37,1,180,1
BP15556,Armani,41,5,201,2
BP15557,Armani,59,3,181,2
BP15558,Armani,57,5,177,1
BP15559,Armani,54,1,157,0
BP15560,Armani,37,1,148,2
BP15561,Armani,37,0,144,2
BP15562,Armani,41,1,137,1
BP15563,Armani,56,4,199,2
BP15564,Armani,45,7,182,2
BP15565,Armani,41,5,153,4
BP15566,Armani,36,1,140,2
BP15567,Armani,35,3,184,4
BP15568,Armani,47,5,181,1
BP15569,Armani,63,6,213,1
BP15570,Armani,38,2,119,1
BP15571,Armani,29,0,124,1
BP15572,Armani,55,4,205,3
BP15573,Armani,25,1,78,2
BP15574,Armani,27,0,100,0
BP15575,Armani,29,1,123,1
BP15576,Armani,28,0,105,1
BP15577,Armani,45,4,165,2
BP15578,Armani,49,4,185,4
BP15579,Armani,36,0,158,0
BP15580,Armani,41,2,142,0
BP15581,Armani,44,0,150,1
BP15582,Armani,38,2,120,0
BP15583,Armani,37,3,165,2
BP15584,Armani,39,3,121,0
BP15585,Armani,37,2,139,1
BP15586,Armani,55,1,155,1
BP15587,Armani,16,0,0,0
BP15588,Armani,55,2,216,3
BP15589,Armani,34,1,144,1
BP15590,Armani,33,1,106,0
BP15591,Armani,34,0,122,1
BP15592,Armani,34,0,0,0
BP15593,Armani,26,4,134,2
BP15594,Armani,39,3,141,2
BP15595,Armani,39,5,164,2
BP15596,Armani,22,2,104,0
BP15597,Armani,18,3,80,0
BP15598,Armani,27,0,143,0
BP15599,Armani,24,0,99,1
BP15600,Armani,21,0,106,2
BP15601,Armani,60,5,191,3
BP15602,Armani,30,0,157,0
BP15603,Armani,80,26,259,9
BP15604,Armani,21,1,130,1
BP15605,Armani,32,3,129,2
BP15606,Armani,36,1,152,1
BP15607,Armani,20,1,86,0
BP15608,Armani,44,1,180,1
BP15609,Armani,34,0,125,0
BP15610,Armani,30,1,137,0
BP15611,Armani,40,1,155,1
BP15612,Armani,30,1,108,1
BP15613,Armani,39,1,152,1
BP15614,Armani,37,1,181,1
BP15615,Armani,15,1,93,0
BP15616,Armani,151,15,427,7
BP15617,Armani,56,4,223,1
BP15618,Armani,28,1,121,0
BP15619,Armani,28,0,75,1
BP15620,Armani,27,0,0,0
BP15621,Armani,148,0,0,0
BP15622,Armani,92,0,0,0
BP15623,Armani,23,0,0,0
BP15624,Armani,63,3,171,4
BP15625,Armani,99,4,295,1
BP15626,Armani,32,1,211,1
BP15627,Armani,22,0,0,0
BP15628,Armani,44,2,178,1
BP15629,Armani,42,3,178,1
BP15630,Armani,25,0,0,0
BP15631,Armani,20,0,0,0
BP15632,Armani,78,0,0,0
BP15633,Armani,32,0,0,0
BP15634,Armani,64,0,0,0
BP15635,Armani,23,0,0,0
BP15636,Armani,43,0,0,0
BP15637,Armani,245,0,0,0
BP15638,Armani,44,0,0,0
BP15639,Armani,224,0,0,0
BP15640,Armani,18,0,0,0
BP15641,Armani,52,2,173,2
BP15642,Armani,59,5,178,3
BP15643,Armani,29,1,125,0
BP15644,Armani,32,1,136,0
BP15645,Armani,54,0,0,0
BP15646,Armani,53,0,195,3
BP15647,Armani,7,0,0,0
BP15648,Armani,7,0,0,0
BP15649,Armani,80,0,0,0
BP15650,Armani,67,10,175,4
BP15651,Armani,28,1,100,0
BP15652,Armani,28,7,166,1
BP15653,Armani,45,4,224,4
BP15654,Armani,36,0,0,0
BP15655,Armani,98,6,425,7
BP15656,Armani,640,23,1445,62
BP15657,Armani,20,0,0,0
BP15658,Armani,32,1,213,1
BP15659,Armani,34,1,241,7
BP15660,Armani,43,3,166,4
BP15661,Armani,55,4,295,4
BP15662,Armani,15,0,0,0
BP15663,Armani,24,0,0,0
BP15664,Armani,38,2,138,1
BP15665,Armani,51,6,236,3
BP15666,Armani,57,3,189,1
BP15667,Armani,30,2,148,0
BP15668,Armani,81,3,365,7
BP15669,Armani,28,2,116,1
BP15670,Armani,34,1,158,1
BP15671,Armani,1734,37,3784,47
BP15672,Armani,233,2,496,1
BP15673,Armani,1509,39,3147,52
BP15674,Armani,52,4,266,2
BP15675,Armani,104,4,291,9
BP15676,Armani,5,0,0,0
BP15677,Armani,49,2,248,2
BP15678,Armani,8128,144,27408,153
BP15679,Armani,19878,0,0,0
BP15680,Armani,169,0,0,0
BP15681,Armani,173,0,0,0
BP15682,Armani,28,1,106,0
BP15683,Armani,44,3,179,3
BP15684,Armani,36,1,151,2
BP15685,Armani,56,6,227,5
BP15686,Armani,154,9,513,12
BP15687,Armani,5451,0,0,0
BP15688,Armani,1390,50,3168,66
BP15689,Armani,34,0,0,0
BP15690,Armani,36,0,0,0
BP15691,Armani,54,0,0,0
BP15692,Armani,56,8,288,4
BP15693,Armani,50,2,209,2
BP15694,Armani,46,2,206,4
BP15695,Armani,68,0,238,2
BP15696,Armani,60,2,227,2
BP15697,Armani,31,0,0,0
BP15698,Armani,23,0,0,0
BP15699,Armani,1447,40,3609,53
BP15700,Armani,416,13,1127,3
BP15701,Armani,5842,0,0,0
BP15702,Armani,108,2,549,5
BP15703,Armani,64,3,333,6
BP15704,Armani,68,3,328,10
BP15705,Armani,78,5,405,11
BP15706,Armani,1603,69,4282,57
BP15707,Armani,53,2,281,2
BP15708,Armani,78,6,426,5
BP15709,Armani,62,8,350,3
BP15710,Armani,40,0,0,0
BP15711,Armani,12580,0,0,0
BP15712,Armani,16985,1003,54326,1729
BP15713,Armani,16362,0,0,0
BP15714,Armani,259,32,1075,25
BP15715,Burberry,179,5,294,5
BP15716,Burberry,16,3,80,1
BP15717,Burberry,35,6,110,1
BP15718,Burberry,30,14,113,2
BP15719,Burberry,35,7,84,0
BP15720,Burberry,48,20,114,2
BP15721,Burberry,49,16,102,0
BP15722,Burberry,114,28,431,8
BP15723,Burberry,233,54,1031,51
BP15724,Burberry,74,32,215,2
BP15725,Burberry,71,17,132,1
BP15726,Burberry,12880,1221,32812,1029
BP15727,Burberry,64,15,202,4
BP15728,Burberry,36,15,149,1
BP15729,Burberry,796,82,3998,23
BP15730,Burberry,7779,815,22444,485
BP15731,Burberry,4779,601,6611,376
BP15732,Burberry,61,94,180,2
BP15733,Burberry,76,25,227,6
BP15734,Burberry,34,18,75,2
BP15735,Burberry,72,36,272,4
BP15736,Burberry,57,17,172,0
BP15737,Burberry,188,179,1342,26
BP15738,Burberry,6480,168,16052,730
BP15739,Burberry,8616,288,14074,377
BP15740,Burberry,581,31,2017,75
BP15741,Burberry,6905,225,17243,343
BP15742,Burberry,210,162,1671,73
BP15743,Burberry,2506,130,5288,133
BP15744,Burberry,113,8,386,8
BP15745,Burberry,84,9,363,3
BP15746,Burberry,3805,160,7983,165
BP15747,Burberry,185,7,375,9
BP15748,Burberry,44,5,182,1
BP15749,Burberry,32,5,89,1
BP15750,Burberry,27,6,96,1
BP15751,Burberry,519,70,2579,24
BP15752,Burberry,45,8,178,1
BP15753,Burberry,26,3,61,0
BP15754,Burberry,27,3,68,1
BP15755,Burberry,75,10,166,3
BP15756,Burberry,24,2,83,1
BP15757,Burberry,121,15,258,16
BP15758,Burberry,29,4,142,3
BP15759,Burberry,42,3,135,3
BP15760,Burberry,21,5,88,3
BP15761,Burberry,22,2,86,1
BP15762,Burberry,23,3,125,2
BP15763,Burberry,18,0,65,0
BP15764,Burberry,23,0,100,2
BP15765,Burberry,122,19,501,14
BP15766,Burberry,12,0,73,0
BP15767,Burberry,352,21,1202,34
BP15768,Burberry,966,72,4609,223
BP15769,Burberry,24,1,114,0
BP15770,Burberry,25,0,95,2
BP15771,Burberry,13,2,62,0
BP15772,Burberry,28,1,71,4
BP15773,Burberry,19,2,77,2
BP15774,Burberry,16,0,76,2
BP15775,Burberry,23,4,129,2
BP15776,Burberry,33,2,182,3
BP15777,Burberry,35,3,180,3
BP15778,Burberry,200,6,459,16
BP15779,Burberry,33,3,149,3
BP15780,Burberry,28,2,91,0
BP15781,Burberry,41,5,226,2
BP15782,Burberry,193,56,1138,166
BP15783,Burberry,21,5,88,0
BP15784,Burberry,39,2,160,1
BP15785,Burberry,46,7,170,6
BP15786,Burberry,19,2,78,2
BP15787,Burberry,36,5,216,0
BP15788,Burberry,72,9,307,11
BP15789,Burberry,42,5,194,0
BP15790,Burberry,10,4,83,0
BP15791,Burberry,45,2,247,6
BP15792,Burberry,43,5,204,2
BP15793,Burberry,145,6,859,26
BP15794,Burberry,153,9,859,34
BP15795,Burberry,62,9,404,13
BP15796,Burberry,988,54,4503,43
BP15797,Burberry,24,5,96,4
BP15798,Burberry,640,30,2804,191
BP15799,Burberry,42,4,397,7
BP15800,Burberry,33,4,216,2
BP15801,Burberry,49,4,162,0
BP15802,Burberry,28,0,111,0
BP15803,Burberry,19,0,75,1
BP15804,Burberry,252,54,1585,51
BP15805,Burberry,22,1,81,0
BP15806,Burberry,100,36,617,2
BP15807,Burberry,9,1,51,1
BP15808,Burberry,20,1,114,3
BP15809,Burberry,10,0,48,0
BP15810,Burberry,22,0,78,0
BP15811,Burberry,12,1,63,0
BP15812,Burberry,14,0,75,1
BP15813,Burberry,15,1,73,0
BP15814,Burberry,18,0,105,1
BP15815,Burberry,30,2,315,2
BP15816,Burberry,15,1,99,1
BP15817,Burberry,14,0,75,0
BP15818,Burberry,10,2,83,1
BP15819,Burberry,26,3,139,0
BP15820,Burberry,19,2,89,1
BP15821,Burberry,16,1,114,1
BP15822,Burberry,8,0,78,0
BP15823,Burberry,10,0,56,2
BP15824,Burberry,19,3,140,1
BP15825,Burberry,14,0,78,0
BP15826,Burberry,262,29,1703,35
BP15827,Burberry,11,0,103,2
BP15828,Burberry,22,0,138,1
BP15829,Burberry,132,27,1470,10
BP15830,Burberry,148,10,789,41
BP15831,Burberry,202,34,1203,28
BP15832,Burberry,31,0,241,4
BP15833,Burberry,21,3,155,1
BP15834,Burberry,78,8,545,14
BP15835,Burberry,19,2,96,0
BP15836,Burberry,29,2,125,5
BP15837,Burberry,21,1,74,1
BP15838,Burberry,102,5,376,8
BP15839,Burberry,86,1,345,10
BP15840,Burberry,18,1,86,0
BP15841,Burberry,28,4,233,1
BP15842,Burberry,12,5,134,6
BP15843,Burberry,47,11,276,4
BP15844,Burberry,15,1,74,0
BP15845,Burberry,5536,163,27608,286
BP15846,Burberry,11,1,79,0
BP15847,Burberry,16,1,75,0
BP15848,Burberry,34,6,153,3
BP15849,Burberry,46,5,248,4
BP15850,Burberry,75,25,356,12
BP15851,Burberry,17,7,106,1
BP15852,Burberry,41,6,304,11
BP15853,Burberry,16,6,108,0
BP15854,Burberry,43,7,401,3
BP15855,Burberry,43,12,482,6
BP15856,Burberry,3015,105,8200,328
BP15857,Burberry,44,6,188,3
BP15858,Burberry,25,13,156,9
BP15859,Burberry,47,10,371,4
BP15860,Burberry,41,3,181,1
BP15861,Burberry,19,3,154,20
BP15862,Burberry,16,1,80,2
BP15863,Burberry,24,0,95,1
BP15864,Burberry,13,4,67,1
BP15865,Burberry,26,1,112,2
BP15866,Burberry,22,0,56,0
BP15867,Burberry,11,0,76,0
BP15868,Burberry,33,7,364,4
BP15869,Burberry,21,2,108,2
BP15870,Burberry,14,2,88,2
BP15871,Burberry,20,0,84,1
BP15872,Burberry,16,0,105,3
BP15873,Burberry,79,36,1077,4
BP15874,Burberry,24,2,141,5
BP15875,Burberry,192,10,776,39
BP15876,Burberry,15,0,78,1
BP15877,Burberry,22,0,102,4
BP15878,Burberry,34,0,327,6
BP15879,Burberry,19,0,109,1
BP15880,Burberry,28,1,78,1
BP15881,Burberry,17,0,73,1
BP15882,Burberry,19,1,82,2
BP15883,Burberry,15,0,48,1
BP15884,Burberry,50,2,256,5
BP15885,Burberry,19,0,95,1
BP15886,Burberry,14,1,58,1
BP15887,Burberry,45,0,215,5
BP15888,Burberry,159,15,377,10
BP15889,Burberry,521,114,933,78
BP15890,Burberry,50,1,120,5
BP15891,Burberry,41,2,116,2
BP15892,Burberry,3,2,52,0
BP15893,Burberry,29,8,168,9
BP15894,Burberry,25,6,153,0
BP15895,Burberry,22,0,123,4
BP15896,Burberry,18,1,89,0
BP15897,Burberry,37,6,185,12
BP15898,Burberry,84,27,281,13
BP15899,Burberry,77,3,223,2
BP15900,Burberry,48,3,405,8
BP15901,Burberry,18,6,113,2
BP15902,Burberry,26,9,165,3
BP15903,Burberry,26,6,190,2
BP15904,Burberry,12,8,83,1
BP15905,Burberry,18,7,119,3
BP15906,Burberry,30,9,179,6
BP15907,Burberry,14,3,78,0
BP15908,Burberry,9,0,42,0
BP15909,Burberry,12,1,66,1
BP15910,Burberry,14,1,93,1
BP15911,Burberry,6,0,58,0
BP15912,Burberry,12,2,81,1
BP15913,Burberry,24,0,180,2
BP15914,Burberry,318,12,1742,95
BP15915,Burberry,22,3,236,2
BP15916,Burberry,22,1,169,1
BP15917,Burberry,47,9,551,11
BP15918,Burberry,17,4,76,2
BP15919,Burberry,15,5,116,2
BP15920,Burberry,23,2,141,1
BP15921,Burberry,14,4,101,0
BP15922,Burberry,9,3,92,2
BP15923,Burberry,7,3,69,0
BP15924,Burberry,22,2,100,1
BP15925,Burberry,14,3,119,2
BP15926,Burberry,53,5,368,4
BP15927,Burberry,7,2,69,1
BP15928,Burberry,13,2,102,0
BP15929,Burberry,14,1,82,1
BP15930,Burberry,12,4,54,0
BP15931,Burberry,105,4,461,6
BP15932,Burberry,47,3,175,2
BP15933,Burberry,3432,168,12129,358
BP15934,Burberry,32,10,246,5
BP15935,Burberry,14,4,118,2
BP15936,Burberry,21,0,61,1
BP15937,Burberry,21,6,162,4
BP15938,Burberry,12,1,65,0
BP15939,Burberry,18,3,165,1
BP15940,Burberry,27,5,173,1
BP15941,Burberry,17,7,67,1
BP15942,Burberry,13,5,70,2
BP15943,Burberry,24,5,134,2
BP15944,Burberry,17,6,119,2
BP15945,Burberry,45,3,360,6
BP15946,Burberry,27,6,127,5
BP15947,Burberry,23,3,153,1
BP15948,Burberry,60,7,280,4
BP15949,Burberry,28,0,174,1
BP15950,Burberry,15,2,145,1
BP15951,Burberry,28,9,111,2
BP15952,Burberry,39,14,299,5
BP15953,Burberry,35,15,146,3
BP15954,Burberry,21,8,127,2
BP15955,Burberry,32,5,181,7
BP15956,Burberry,25,1,155,1
BP15957,Burberry,44,6,217,5
BP15958,Burberry,34,9,246,2
BP15959,Burberry,202,14,857,16
BP15960,Burberry,20,2,157,2
BP15961,Burberry,19,1,172,2
BP15962,Burberry,27,5,158,0
BP15963,Burberry,29,3,191,4
BP15964,Burberry,28,7,198,7
BP15965,Burberry,26,4,129,2
BP15966,Burberry,40,6,222,6
BP15967,Burberry,23,7,143,1
BP15968,Burberry,14,1,74,2
BP15969,Burberry,15,3,116,1
BP15970,Burberry,18,0,114,0
BP15971,Burberry,12,3,90,3
BP15972,Burberry,47,35,504,2
BP15973,Burberry,21,6,88,2
BP15974,Burberry,18,1,45,1
BP15975,Burberry,16,2,88,1
BP15976,Burberry,182,37,2576,12
BP15977,Burberry,72,12,398,24
BP15978,Burberry,17,4,90,5
BP15979,Burberry,30,6,160,3
BP15980,Burberry,246,3,1330,9
BP15981,Burberry,1452,65,3455,87
BP15982,Burberry,5673,345,8509,194
BP15983,Burberry,4421,193,6018,91
BP15984,Burberry,605,16,1328,78
BP15985,Burberry,117,21,449,5
BP15986,Burberry,109,6,411,8
BP15987,Burberry,1690,100,4259,89
BP15988,Burberry,25,7,95,4
BP15989,Burberry,1191,48,10165,105
BP15990,Burberry,35,2,318,2
BP15991,Burberry,2529,167,4999,148
BP15992,Burberry,83,15,401,11
BP15993,Burberry,111,10,381,4
BP15994,Burberry,64,3,309,7
BP15995,Burberry,1706,96,4536,103
BP15996,Burberry,2092,108,4630,105
BP15997,Burberry,17,3,111,8
BP15998,Burberry,152,13,664,17
BP15999,Burberry,2372,122,6790,157
BP16000,Burberry,1398,112,3937,96
BP16001,Burberry,501,61,4873,128
BP16002,Burberry,62,11,910,7
BP16003,Burberry,1867,101,4394,119
BP16004,Burberry,1863,92,4534,89
BP16005,Burberry,2857,132,10199,188
BP16006,Burberry,631,42,1472,44
BP16007,Burberry,32,5,154,7
BP16008,Burberry,37,5,146,3
BP16009,Burberry,34,11,201,5
BP16010,Burberry,27,10,176,6
BP16011,Burberry,1037,46,3715,636
BP16012,Burberry,29,0,184,1
BP16013,Burberry,17,6,110,1
BP16014,Burberry,22,2,172,2
BP16015,Burberry,24,12,148,1
BP16016,Burberry,33,5,170,2
BP16017,Burberry,49,12,277,37
BP16018,Burberry,17,3,82,4
BP16019,Burberry,16,0,85,0
BP16020,Burberry,17,4,77,1
BP16021,Burberry,17,2,77,1
BP16022,Burberry,132,16,362,12
BP16023,Burberry,2392,197,5885,206
BP16024,Burberry,22,8,175,3
BP16025,Burberry,91,16,614,15
BP16026,Burberry,65,6,313,2
BP16027,Burberry,26,10,108,8
BP16028,Burberry,14,8,63,0
BP16029,Burberry,20,4,67,2
BP16030,Burberry,55,28,234,18
BP16031,Burberry,98,35,292,31
BP16032,Burberry,189,26,927,58
BP16033,Burberry,278,22,1353,27
BP16034,Burberry,83,10,411,4
BP16035,Burberry,211,18,992,43
BP16036,Burberry,1077,160,3744,589
BP16037,Burberry,235,24,1188,29
BP16038,Burberry,26,17,212,5
BP16039,Burberry,26,16,146,3
BP16040,Burberry,24,9,154,4
BP16041,Burberry,366,55,536,26
BP16042,Burberry,45,36,310,12
BP16043,Burberry,103,9,555,18
BP16044,Burberry,254,495,2091,4813
BP16045,Burberry,41,39,196,4
BP16046,Burberry,36,6,142,1
BP16047,Burberry,31,16,180,6
BP16048,Burberry,41,10,276,4
BP16049,Burberry,26,6,172,4
BP16050,Burberry,49,11,231,8
BP16051,Burberry,22,7,140,5
BP16052,Burberry,22,3,111,2
BP16053,Burberry,6,0,1,0
BP16054,Burberry,7,0,1,0
BP16055,Burberry,52,44,295,5
BP16056,Burberry,19,7,98,2
BP16057,Burberry,23,5,116,1
BP16058,Burberry,14,5,81,0
BP16059,Burberry,32,3,119,4
BP16060,Burberry,19,1,102,1
BP16061,Burberry,36,14,108,2
BP16062,Burberry,29,5,134,1
BP16063,Burberry,41,7,128,2
BP16064,Burberry,36,3,177,7
BP16065,Burberry,27,3,189,1
BP16066,Burberry,22,3,92,2
BP16067,Burberry,20,1,111,0
BP16068,Burberry,38,8,176,6
BP16069,Burberry,55,4,148,1
BP16070,Burberry,19,1,91,3
BP16071,Burberry,22,0,93,1
BP16072,Burberry,36,1,140,6
BP16073,Burberry,43,1,164,5
BP16074,Burberry,40,4,162,3
BP16075,Burberry,39,2,162,2
BP16076,Burberry,2343,153,3350,139
BP16077,Burberry,465,15,743,27
BP16078,Burberry,13,5,118,0
BP16079,Burberry,16,0,125,2
BP16080,Burberry,9,1,70,0
BP16081,Burberry,46,36,253,7
BP16082,Burberry,30,10,159,3
BP16083,Burberry,60,13,335,7
BP16084,Burberry,22,6,158,3
BP16085,Burberry,11055,276,18987,424
BP16086,Burberry,19,6,134,0
BP16087,Burberry,17,7,141,2
BP16088,Burberry,19,14,183,5
BP16089,Burberry,24,6,146,1
BP16090,Burberry,33,3,228,5
BP16091,Burberry,28,17,196,2
BP16092,Burberry,72,6,519,8
BP16093,Burberry,22,5,150,1
BP16094,Burberry,48,4,358,17
BP16095,Burberry,49,7,417,7
BP16096,Burberry,34,1,304,5
BP16097,Burberry,47,5,309,6
BP16098,Burberry,444,24,1601,432
BP16099,Burberry,48,8,384,10
BP16100,Burberry,210,27,2373,16
BP16101,Burberry,475,68,4909,228
BP16102,Burberry,66,11,988,4
BP16103,Burberry,8,0,11,0
BP16104,Burberry,190,12,911,33
BP16105,Burberry,166,11,1007,78
BP16106,Burberry,92,14,950,25
BP16107,Burberry,2464,205,5231,280
BP16108,Burberry,31,7,234,4
BP16109,Burberry,23,2,166,1
BP16110,Burberry,17,9,144,0
BP16111,Burberry,38,12,216,1
BP16112,Burberry,33,6,204,1
BP16113,Burberry,42,2,197,2
BP16114,Burberry,29,3,162,1
BP16115,Burberry,79,10,478,12
BP16116,Burberry,18,1,115,1
BP16117,Burberry,53,6,274,5
BP16118,Burberry,40,2,116,3
BP16119,Burberry,31,6,167,1
BP16120,Burberry,18,2,119,1
BP16121,Burberry,27,0,145,3
BP16122,Burberry,38,0,174,3
BP16123,Burberry,32,1,179,3
BP16124,Burberry,23,2,124,2
BP16125,Burberry,32,0,182,1
BP16126,Burberry,28,3,88,5
BP16127,Burberry,30,0,148,3
BP16128,Burberry,31,0,108,6
BP16129,Burberry,13,1,49,0
BP16130,Burberry,18,2,126,2
BP16131,Burberry,19,0,83,0
BP16132,Burberry,30,0,147,5
BP16133,Burberry,21,1,116,4
BP16134,Burberry,25,1,101,3
BP16135,Burberry,32,4,153,4
BP16136,Burberry,31,2,141,5
BP16137,Burberry,379,19,572,41
BP16138,Burberry,19,0,75,1
BP16139,Burberry,17,2,92,4
BP16140,Burberry,14,0,92,1
BP16141,Burberry,29,6,116,2
BP16142,Burberry,49,5,238,3
BP16143,Burberry,24,6,95,2
BP16144,Burberry,60,12,237,5
BP16145,Burberry,27,4,150,2
BP16146,Burberry,28,3,136,4
BP16147,Burberry,29,2,91,2
BP16148,Burberry,370,18,1805,45
BP16149,Burberry,23,2,100,7
BP16150,Burberry,23,2,119,2
BP16151,Burberry,13,1,61,0
BP16152,Burberry,10,3,70,0
BP16153,Burberry,49,10,244,12
BP16154,Burberry,33,12,367,4
BP16155,Burberry,20,1,74,1
BP16156,Burberry,12,1,69,0
BP16157,Burberry,19,5,88,5
BP16158,Burberry,56,7,551,9
BP16159,Burberry,42,3,322,7
BP16160,Burberry,35,3,140,2
BP16161,Burberry,21,4,93,1
BP16162,Burberry,35,7,229,4
BP16163,Burberry,42,5,178,4
BP16164,Burberry,22,0,76,3
BP16165,Burberry,91,10,695,5
BP16166,Burberry,338,103,3399,75
BP16167,Burberry,158,13,1546,12
BP16168,Burberry,209,20,1546,21
BP16169,Burberry,55,11,213,13
BP16170,Burberry,27,2,141,2
BP16171,Burberry,101,6,725,8
BP16172,Burberry,30,3,97,2
BP16173,Burberry,37,6,198,6
BP16174,Burberry,36,4,250,2
BP16175,Burberry,15,2,55,0
BP16176,Burberry,39,4,130,5
BP16177,Burberry,16,2,107,0
BP16178,Burberry,15,3,78,0
BP16179,Burberry,36,5,141,2
BP16180,Burberry,17,0,60,0
BP16181,Burberry,12,0,58,0
BP16182,Burberry,142,29,651,12
BP16183,Burberry,11,1,56,1
BP16184,Burberry,56,6,377,6
BP16185,Burberry,43,4,272,6
BP16186,Burberry,18,1,76,1
BP16187,Burberry,42,1,258,4
BP16188,Burberry,12,0,0,0
BP16189,Burberry,26,3,143,2
BP16190,Burberry,14,0,49,0
BP16191,Burberry,59,4,390,6
BP16192,Burberry,21,2,62,0
BP16193,Burberry,26,0,85,0
BP16194,Burberry,190,8,1169,9
BP16195,Burberry,19,2,84,1
BP16196,Burberry,29,0,140,1
BP16197,Burberry,38,5,142,3
BP16198,Burberry,31,3,91,1
BP16199,Burberry,32,2,105,0
BP16200,Burberry,33,13,112,12
BP16201,Burberry,46,5,222,5
BP16202,Burberry,27,8,99,10
BP16203,Burberry,17,0,64,2
BP16204,Burberry,29,2,114,3
BP16205,Burberry,14,0,46,0
BP16206,Burberry,44,8,210,7
BP16207,Burberry,50,2,218,2
BP16208,Burberry,30,1,106,1
BP16209,Burberry,44,6,184,3
BP16210,Burberry,24,0,76,1
BP16211,Burberry,36,2,175,0
BP16212,Burberry,28,1,109,2
BP16213,Burberry,3012,118,5469,172
BP16214,Burberry,30,4,137,2
BP16215,Burberry,61,4,271,1
BP16216,Burberry,54,1,228,2
BP16217,Burberry,59,3,223,4
BP16218,Burberry,26,0,78,3
BP16219,Burberry,24,1,100,2
BP16220,Burberry,52,2,213,6
BP16221,Burberry,36,0,152,1
BP16222,Burberry,11,0,70,0
BP16223,Burberry,61,3,307,8
BP16224,Burberry,72,34,211,11
BP16225,Burberry,28,2,109,2
BP16226,Burberry,20,0,105,0
BP16227,Burberry,35,4,198,0
BP16228,Burberry,16,0,96,0
BP16229,Burberry,38,9,188,2
BP16230,Burberry,71,8,301,8
BP16231,Burberry,12,2,83,1
BP16232,Burberry,17,1,70,0
BP16233,Burberry,12,0,90,1
BP16234,Burberry,20,1,125,1
BP16235,Burberry,15,1,71,0
BP16236,Burberry,14,2,71,0
BP16237,Burberry,9,2,51,0
BP16238,Burberry,21,1,117,1
BP16239,Burberry,13,1,130,1
BP16240,Burberry,9,2,88,1
BP16241,Burberry,15,2,86,1
BP16242,Burberry,9,2,50,0
BP16243,Burberry,12,1,70,3
BP16244,Burberry,14,1,80,1
BP16245,Burberry,73,5,348,6
BP16246,Burberry,42,7,215,1
BP16247,Burberry,132,23,615,1
BP16248,Burberry,18,4,116,1
BP16249,Burberry,49,6,187,5
BP16250,Burberry,49,4,190,4
BP16251,Burberry,72,8,315,4
BP16252,Burberry,96,3,364,10
BP16253,Burberry,18,2,58,0
BP16254,Burberry,30,2,136,6
BP16255,Burberry,100,4,416,6
BP16256,Burberry,21,0,79,4
BP16257,Burberry,19,0,60,0
BP16258,Burberry,21,4,74,5
BP16259,Burberry,23,0,80,1
BP16260,Burberry,17,0,65,1
BP16261,Burberry,42,0,198,0
BP16262,Burberry,455,41,5042,21
BP16263,Burberry,26,1,99,2
BP16264,Burberry,31,0,71,2
BP16265,Burberry,17,2,59,2
BP16266,Burberry,144,19,751,16
BP16267,Burberry,23,2,119,4
BP16268,Burberry,51,2,191,4
BP16269,Burberry,17,0,60,3
BP16270,Burberry,10,0,64,1
BP16271,Burberry,18,2,88,1
BP16272,Burberry,49,4,378,3
BP16273,Burberry,52,5,321,3
BP16274,Burberry,14,0,74,4
BP16275,Burberry,24,1,123,2
BP16276,Burberry,20,1,109,0
BP16277,Burberry,663,84,5237,39
BP16278,Burberry,212,6,995,25
BP16279,Burberry,52,1,227,5
BP16280,Burberry,35,13,146,5
BP16281,Burberry,32,5,191,4
BP16282,Burberry,24,0,128,3
BP16283,Burberry,80,5,360,10
BP16284,Burberry,20,0,112,1
BP16285,Burberry,41,2,245,4
BP16286,Burberry,30,1,207,3
BP16287,Burberry,61,6,368,5
BP16288,Burberry,26,5,153,0
BP16289,Burberry,16,1,90,1
BP16290,Burberry,15,1,81,2
BP16291,Burberry,15,2,88,1
BP16292,Burberry,59,8,320,12
BP16293,Burberry,22,3,98,1
BP16294,Burberry,19,3,75,1
BP16295,Burberry,11,2,72,0
BP16296,Burberry,22,1,89,0
BP16297,Burberry,17,1,107,1
BP16298,Burberry,21,2,96,4
BP16299,Burberry,27,5,180,3
BP16300,Burberry,22,2,80,2
BP16301,Burberry,12,0,61,3
BP16302,Burberry,16,4,96,1
BP16303,Burberry,20,2,111,2
BP16304,Burberry,32,1,143,2
BP16305,Burberry,30,2,115,0
BP16306,Burberry,44,4,199,4
BP16307,Burberry,25,1,109,0
BP16308,Burberry,32,1,153,1
BP16309,Burberry,30,1,177,3
BP16310,Burberry,28,0,173,0
BP16311,Burberry,14,0,93,0
BP16312,Burberry,43,0,135,4
BP16313,Burberry,30,1,128,0
BP16314,Burberry,35,4,158,2
BP16315,Burberry,38,2,153,0
BP16316,Burberry,27,0,108,1
BP16317,Burberry,32,2,140,5
BP16318,Burberry,38,1,137,0
BP16319,Burberry,20,1,108,1
BP16320,Burberry,30,2,132,1
BP16321,Burberry,45,2,205,0
BP16322,Burberry,38,3,174,3
BP16323,Burberry,20,1,79,0
BP16324,Burberry,33,0,154,6
BP16325,Burberry,28,1,86,1
BP16326,Burberry,23,2,70,2
BP16327,Burberry,32,1,122,2
BP16328,Burberry,23,2,75,1
BP16329,Burberry,22,4,71,0
BP16330,Burberry,34,3,107,2
BP16331,Burberry,31,5,70,0
BP16332,Burberry,34,2,178,1
BP16333,Burberry,19,1,67,0
BP16334,Burberry,24,1,62,0
BP16335,Burberry,28,4,112,2
BP16336,Burberry,56,2,240,5
BP16337,Burberry,29,0,109,1
BP16338,Burberry,31,0,94,2
BP16339,Burberry,38,0,95,0
BP16340,Burberry,38,2,143,1
BP16341,Burberry,32,0,101,0
BP16342,Burberry,57,6,216,3
BP16343,Burberry,26,0,64,0
BP16344,Burberry,19,0,39,1
BP16345,Burberry,36,1,119,4
BP16346,Burberry,33,2,86,0
BP16347,Burberry,34,2,103,3
BP16348,Burberry,41,3,154,2
BP16349,Burberry,43,5,137,1
BP16350,Burberry,34,3,90,2
BP16351,Burberry,39,2,149,0
BP16352,Burberry,60,11,245,8
BP16353,Burberry,37,1,146,5
BP16354,Burberry,43,1,127,1
BP16355,Burberry,28,1,86,3
BP16356,Burberry,41,0,109,2
BP16357,Burberry,24,1,71,0
BP16358,Burberry,27,2,100,1
BP16359,Burberry,46,3,192,4
BP16360,Burberry,32,3,103,3
BP16361,Burberry,51,5,187,6
BP16362,Burberry,29,1,104,1
BP16363,Burberry,25,1,94,1
BP16364,Burberry,57,7,161,26
BP16365,Burberry,34,1,135,2
BP16366,Burberry,27,0,86,4
BP16367,Burberry,26,2,96,0
BP16368,Burberry,32,1,86,1
BP16369,Burberry,46,3,226,5
BP16370,Burberry,21,1,70,0
BP16371,Burberry,33,1,120,0
BP16372,Burberry,409,0,0,0
BP16373,Burberry,52,2,174,10
BP16374,Burberry,23,4,106,1
BP16375,Burberry,35,1,157,16
BP16376,Burberry,69,3,432,12
BP16377,Burberry,52,5,208,2
BP16378,Burberry,36,3,140,1
BP16379,Burberry,37,1,181,1
BP16380,Burberry,37,5,199,3
BP16381,Burberry,45,2,150,6
BP16382,Burberry,27,1,127,0
BP16383,Burberry,27,0,96,2
BP16384,Burberry,76,5,393,41
BP16385,Burberry,25,0,75,2
BP16386,Burberry,12,0,73,3
BP16387,Burberry,17,0,131,1
BP16388,Burberry,33,2,145,3
BP16389,Burberry,16,0,74,0
BP16390,Burberry,26,1,120,2
BP16391,Burberry,24,1,115,0
BP16392,Burberry,17,2,67,1
BP16393,Burberry,39,4,145,2
BP16394,Burberry,14,0,91,1
BP16395,Burberry,41,1,165,1
BP16396,Burberry,15,2,88,1
BP16397,Burberry,28,2,171,2
BP16398,Burberry,30,1,109,2
BP16399,Burberry,11,2,54,2
BP16400,Burberry,17,0,81,1
BP16401,Burberry,22,1,88,3
BP16402,Burberry,18,1,79,1
BP16403,Burberry,12,0,62,1
BP16404,Burberry,18,2,106,1
BP16405,Burberry,22,1,75,3
BP16406,Burberry,25,2,97,0
BP16407,Burberry,9,2,41,1
BP16408,Burberry,18,1,97,0
BP16409,Burberry,8,0,57,0
BP16410,Burberry,11,1,59,3
BP16411,Burberry,13,1,73,2
BP16412,Burberry,23,1,159,2
BP16413,Burberry,92,4,354,8
BP16414,Burberry,25,2,112,3
BP16415,Burberry,43,6,180,6
BP16416,Burberry,36,2,133,3
BP16417,Burberry,34,3,200,7
BP16418,Burberry,19,0,82,1
BP16419,Burberry,16,0,72,0
BP16420,Burberry,29,3,140,0
BP16421,Burberry,158,19,1317,41
BP16422,Burberry,26,3,120,0
BP16423,Burberry,19,1,118,1
BP16424,Burberry,15,1,73,0
BP16425,Burberry,33,0,195,0
BP16426,Burberry,22,1,109,1
BP16427,Burberry,37,0,155,0
BP16428,Burberry,13,0,67,1
BP16429,Burberry,32,2,139,3
BP16430,Burberry,26,1,116,1
BP16431,Burberry,6,0,53,0
BP16432,Burberry,26,1,127,2
BP16433,Burberry,12,0,66,5
BP16434,Burberry,16,1,140,1
BP16435,Burberry,12,4,77,0
BP16436,Burberry,36,4,219,1
BP16437,Burberry,16,1,97,1
BP16438,Burberry,19,0,128,2
BP16439,Burberry,14,1,84,0
BP16440,Burberry,10,1,102,4
BP16441,Burberry,17,3,93,1
BP16442,Burberry,8,1,37,0
BP16443,Burberry,22,1,119,4
BP16444,Burberry,4,0,44,0
BP16445,Burberry,22,0,114,1
BP16446,Burberry,12,0,101,0
BP16447,Burberry,21,0,117,1
BP16448,Burberry,21,7,126,3
BP16449,Burberry,28,2,182,1
BP16450,Burberry,15,0,84,0
BP16451,Burberry,35,2,171,6
BP16452,Burberry,18,2,91,2
BP16453,Burberry,18,3,124,3
BP16454,Burberry,8448,349,16961,1342
BP16455,Burberry,54,2,245,0
BP16456,Burberry,120,12,339,35
BP16457,Burberry,10064,550,17033,519
BP16458,Burberry,112,3,406,10
BP16459,Burberry,27,3,128,4
BP16460,Burberry,16,2,86,1
BP16461,Burberry,23,3,114,0
BP16462,Burberry,126,10,747,11
BP16463,Burberry,31,12,165,2
BP16464,Burberry,49,10,213,4
BP16465,Burberry,49,33,167,7
BP16466,Burberry,24,30,139,4
BP16467,Burberry,26,29,88,2
BP16468,Burberry,32,22,110,3
BP16469,Burberry,29,19,131,4
BP16470,Burberry,192,50,551,47
BP16471,Burberry,1339,276,2018,233
BP16472,Burberry,48,28,321,22
BP16473,Burberry,96,30,420,123
BP16474,Burberry,83,19,282,37
BP16475,Burberry,37,25,150,26
BP16476,Burberry,17,14,92,6
BP16477,Burberry,9449,486,13922,880
BP16478,Burberry,952,139,2011,87
BP16479,Burberry,27,1,115,1
BP16480,Burberry,24,3,124,3
BP16481,Burberry,27,4,160,6
BP16482,Burberry,22,1,123,1
BP16483,Burberry,16,4,115,0
BP16484,Burberry,17,3,99,3
BP16485,Burberry,10,0,85,0
BP16486,Burberry,12,0,138,3
BP16487,Burberry,21,5,115,2
BP16488,Burberry,34,12,435,3
BP16489,Burberry,21,2,109,3
BP16490,Burberry,16,2,104,4
BP16491,Burberry,16,1,87,0
BP16492,Burberry,26,2,132,1
BP16493,Burberry,54,5,189,2
BP16494,Burberry,26,2,159,2
BP16495,Burberry,35,4,242,9
BP16496,Burberry,145,11,623,25
BP16497,Burberry,18,0,96,1
BP16498,Burberry,29,1,186,1
BP16499,Burberry,28,1,143,1
BP16500,Burberry,28,1,112,3
BP16501,Burberry,25,3,133,3
BP16502,Burberry,12,0,63,1
BP16503,Burberry,32,3,135,1
BP16504,Burberry,24,3,162,1
BP16505,Burberry,21,0,114,0
BP16506,Burberry,38,1,239,4
BP16507,Burberry,27,3,176,5
BP16508,Burberry,34,3,229,6
BP16509,Burberry,33,0,143,1
BP16510,Burberry,27,3,165,2
BP16511,Burberry,12,0,82,0
BP16512,Burberry,41,2,190,3
BP16513,Burberry,18,1,98,3
BP16514,Burberry,26,4,148,13
BP16515,Burberry,31,1,210,2
BP16516,Burberry,28,3,203,1
BP16517,Burberry,38,1,178,1
BP16518,Burberry,11,3,87,1
BP16519,Burberry,28,3,132,8
BP16520,Burberry,49,4,319,6
BP16521,Burberry,15,3,69,0
BP16522,Burberry,32,7,249,11
BP16523,Burberry,29,1,160,1
BP16524,Burberry,46,6,316,3
BP16525,Burberry,66,6,554,8
BP16526,Burberry,23,1,147,0
BP16527,Burberry,30,4,141,0
BP16528,Burberry,23,0,183,1
BP16529,Burberry,15,1,85,4
BP16530,Burberry,26,3,94,7
BP16531,Burberry,23,2,109,4
BP16532,Burberry,18,3,163,0
BP16533,Burberry,31,6,176,5
BP16534,Burberry,22,0,179,4
BP16535,Burberry,7,0,75,0
BP16536,Burberry,18,2,137,5
BP16537,Burberry,13,1,87,0
BP16538,Burberry,49,5,231,28
BP16539,Burberry,18,0,106,1
BP16540,Burberry,16,0,88,1
BP16541,Burberry,18,1,94,1
BP16542,Burberry,12,1,76,0
BP16543,Burberry,15,0,69,0
BP16544,Burberry,20,3,146,1
BP16545,Burberry,15,0,90,1
BP16546,Burberry,19,0,129,1
BP16547,Burberry,19,0,117,0
BP16548,Burberry,11,0,70,0
BP16549,Burberry,12,2,93,3
BP16550,Burberry,20,3,140,4
BP16551,Burberry,75,5,433,11
BP16552,Burberry,25,4,213,1
BP16553,Burberry,21,3,178,5
BP16554,Burberry,29,2,110,2
BP16555,Burberry,22,1,132,2
BP16556,Burberry,15,2,83,1
BP16557,Burberry,11,3,82,1
BP16558,Burberry,17,0,143,2
BP16559,Burberry,24,0,134,0
BP16560,Burberry,7,1,84,1
BP16561,Burberry,13,1,101,1
BP16562,Burberry,13,2,144,0
BP16563,Burberry,20,1,112,1
BP16564,Burberry,35,3,187,6
BP16565,Burberry,10,1,74,0
BP16566,Burberry,12,1,84,1
BP16567,Burberry,28,2,143,3
BP16568,Burberry,23,1,135,0
BP16569,Burberry,11,1,63,0
BP16570,Burberry,35,2,185,6
BP16571,Burberry,32,2,161,3
BP16572,Burberry,20,1,128,0
BP16573,Burberry,28,0,167,6
BP16574,Burberry,24,3,194,2
BP16575,Burberry,27,2,199,3
BP16576,Burberry,17,0,83,0
BP16577,Burberry,11,0,101,0
BP16578,Burberry,27,2,172,1
BP16579,Burberry,20,0,98,3
BP16580,Burberry,22,2,136,0
BP16581,Burberry,13,2,75,0
BP16582,Burberry,14,0,99,0
BP16583,Burberry,11,0,68,1
BP16584,Burberry,15,0,132,2
BP16585,Burberry,17,2,129,0
BP16586,Burberry,53,1,244,1
BP16587,Burberry,11,0,95,1
BP16588,Burberry,8,1,67,0
BP16589,Burberry,17,1,119,1
BP16590,Burberry,17,5,110,0
BP16591,Burberry,19,0,120,2
BP16592,Burberry,17,7,93,0
BP16593,Burberry,17,1,149,1
BP16594,Burberry,51,7,277,9
BP16595,Burberry,13,1,98,0
BP16596,Burberry,6,1,56,2
BP16597,Burberry,15,0,77,2
BP16598,Burberry,20,3,108,4
BP16599,Burberry,25,6,126,7
BP16600,Burberry,29,2,144,3
BP16601,Burberry,32,1,156,2
BP16602,Burberry,21,1,114,0
BP16603,Burberry,31,1,202,1
BP16604,Burberry,30,0,140,2
BP16605,Burberry,32,3,210,1
BP16606,Burberry,13,3,147,4
BP16607,Burberry,12,2,89,2
BP16608,Burberry,32,2,175,4
BP16609,Burberry,15,1,119,1
BP16610,Burberry,17,0,103,0
BP16611,Burberry,21,0,125,2
BP16612,Burberry,25,0,137,2
BP16613,Burberry,13,1,123,3
BP16614,Burberry,6,0,63,1
BP16615,Burberry,9,1,74,1
BP16616,Burberry,26,2,151,0
BP16617,Burberry,16,1,105,1
BP16618,Burberry,16,1,121,1
BP16619,Burberry,10,1,122,0
BP16620,Burberry,23,1,126,1
BP16621,Burberry,12,0,113,2
BP16622,Burberry,13,0,77,1
BP16623,Burberry,24,2,143,0
BP16624,Burberry,23,2,111,1
BP16625,Burberry,0,0,1,0
BP16626,Burberry,24,3,161,3
BP16627,Burberry,30,2,148,3
BP16628,Burberry,28,2,179,2
BP16629,Burberry,16,0,75,0
BP16630,Burberry,42,2,201,2
BP16631,Burberry,24,2,111,2
BP16632,Burberry,58,4,483,3
BP16633,Burberry,15,0,101,0
BP16634,Burberry,38,3,208,0
BP16635,Burberry,22,2,129,1
BP16636,Burberry,32,2,173,4
BP16637,Burberry,41,2,205,9
BP16638,Burberry,27,1,154,2
BP16639,Burberry,27,1,143,2
BP16640,Burberry,15,0,114,0
BP16641,Burberry,23,1,147,6
BP16642,Burberry,11,3,94,0
BP16643,Burberry,22,3,139,1
BP16644,Burberry,20,4,173,1
BP16645,Burberry,39,2,153,3
BP16646,Burberry,27,1,123,3
BP16647,Burberry,6,1,54,0
BP16648,Burberry,35,0,154,0
BP16649,Burberry,34,2,126,0
BP16650,Burberry,67,2,237,1
BP16651,Burberry,82,4,288,4
BP16652,Burberry,242,41,1517,17
BP16653,Burberry,418,40,2969,44
BP16654,Burberry,27,0,251,0
BP16655,Burberry,16,0,102,1
BP16656,Burberry,13,1,115,1
BP16657,Burberry,30,1,245,3
BP16658,Burberry,16,5,87,1
BP16659,Burberry,16,0,138,1
BP16660,Burberry,21,0,173,7
BP16661,Burberry,14,1,132,1
BP16662,Burberry,22,0,196,1
BP16663,Burberry,13,2,106,2
BP16664,Burberry,28,3,164,4
BP16665,Burberry,34,0,197,2
BP16666,Burberry,17,1,104,4
BP16667,Burberry,7865,0,0,0
BP16668,Burberry,27,0,199,0
BP16669,Burberry,18,0,143,1
BP16670,Burberry,248,21,1072,67
BP16671,Burberry,18,0,113,2
BP16672,Burberry,48,2,200,3
BP16673,Burberry,1266,7,2990,123
BP16674,Burberry,50,3,249,9
BP16675,Burberry,17,2,102,5
BP16676,Burberry,33,0,190,2
BP16677,Burberry,46,3,361,3
BP16678,Burberry,38,2,238,2
BP16679,Burberry,25,1,268,0
BP16680,Burberry,29,1,235,1
BP16681,Burberry,28,1,240,1
BP16682,Burberry,67,4,537,3
BP16683,Burberry,7,1,91,0
BP16684,Burberry,54,0,164,3
BP16685,Burberry,9,0,84,0
BP16686,Burberry,12,0,159,1
BP16687,Burberry,23,0,165,3
BP16688,Burberry,16,0,105,0
BP16689,Burberry,31,3,184,4
BP16690,Burberry,30,1,203,1
BP16691,Burberry,18,1,119,0
BP16692,Burberry,44,0,206,7
BP16693,Burberry,29,0,118,1
BP16694,Burberry,29,3,164,2
BP16695,Burberry,34,0,266,1
BP16696,Burberry,36,0,268,4
BP16697,Burberry,11,1,97,0
BP16698,Burberry,18,1,130,1
BP16699,Burberry,15,0,94,1
BP16700,Burberry,18,1,102,3
BP16701,Burberry,20,1,152,1
BP16702,Burberry,24,1,140,0
BP16703,Burberry,17,1,181,2
BP16704,Burberry,18,1,169,1
BP16705,Burberry,16,1,122,5
BP16706,Burberry,12,2,141,1
BP16707,Burberry,16,0,150,1
BP16708,Burberry,25,1,104,1
BP16709,Burberry,28,2,119,3
BP16710,Burberry,18,0,90,1
BP16711,Burberry,49,3,206,0
BP16712,Burberry,49,4,215,6
BP16713,Burberry,19,0,83,0
BP16714,Burberry,13,1,81,0
BP16715,Burberry,28,1,158,1
BP16716,Burberry,16,1,89,0
BP16717,Burberry,21,3,101,0
BP16718,Burberry,12,1,73,1
BP16719,Burberry,14,3,91,0
BP16720,Burberry,28,0,178,2
BP16721,Burberry,29,2,207,0
BP16722,Burberry,19,0,103,0
BP16723,Burberry,17,1,95,0
BP16724,Burberry,17,0,126,1
BP16725,Burberry,13,0,105,2
BP16726,Burberry,11,1,83,0
BP16727,Burberry,19,1,97,1
BP16728,Burberry,14,0,96,2
BP16729,Burberry,22,4,147,1
BP16730,Burberry,18,3,119,1
BP16731,Burberry,28,1,153,3
BP16732,Burberry,21,1,137,1
BP16733,Burberry,30,2,177,0
BP16734,Burberry,28,1,133,3
BP16735,Burberry,28,2,153,3
BP16736,Burberry,24,1,151,0
BP16737,Burberry,50,3,283,4
BP16738,Burberry,17,1,117,0
BP16739,Burberry,31,4,173,5
BP16740,Burberry,18,0,102,0
BP16741,Burberry,21,0,142,0
BP16742,Burberry,22,3,148,0
BP16743,Burberry,14,1,110,3
BP16744,Burberry,28,3,157,2
BP16745,Burberry,22,0,156,1
BP16746,Burberry,28,2,216,1
BP16747,Burberry,20,2,128,0
BP16748,Burberry,22,5,148,0
BP16749,Burberry,39,1,158,2
BP16750,Burberry,32,1,190,7
BP16751,Burberry,20,0,164,3
BP16752,Burberry,12,1,112,2
BP16753,Burberry,27,1,164,2
BP16754,Burberry,31,1,155,3
BP16755,Burberry,22,1,159,1
BP16756,Burberry,39,1,221,3
BP16757,Burberry,28,1,163,0
BP16758,Burberry,32,0,163,6
BP16759,Burberry,18,1,130,2
BP16760,Burberry,27,2,177,0
BP16761,Burberry,27,0,162,3
BP16762,Burberry,45,2,244,5
BP16763,Burberry,17,1,144,1
BP16764,Burberry,34,0,192,0
BP16765,Burberry,17,0,97,1
BP16766,Burberry,16,0,139,1
BP16767,Burberry,28,1,168,1
BP16768,Burberry,23,0,156,1
BP16769,Burberry,47,2,217,0
BP16770,Burberry,23,2,136,0
BP16771,Burberry,11,0,95,0
BP16772,Burberry,31,1,155,3
BP16773,Burberry,20,4,156,3
BP16774,Burberry,13,1,78,1
BP16775,Burberry,13,1,89,0
BP16776,Burberry,20,1,118,0
BP16777,Burberry,12,1,78,2
BP16778,Burberry,10,0,67,0
BP16779,Burberry,14,1,111,0
BP16780,Burberry,18,3,100,0
BP16781,Burberry,15,0,100,1
BP16782,Burberry,35,3,208,3
BP16783,Burberry,30,3,166,5
BP16784,Burberry,24,0,127,0
BP16785,Burberry,25,0,220,2
BP16786,Burberry,11,2,109,2
BP16787,Burberry,14,0,105,0
BP16788,Burberry,43,4,185,4
BP16789,Burberry,39,4,217,3
BP16790,Burberry,34,75,162,6
BP16791,Burberry,26,3,152,4
BP16792,Burberry,24,5,158,1
BP16793,Burberry,15,2,66,0
BP16794,Burberry,33,2,206,2
BP16795,Burberry,27,3,175,2
BP16796,Burberry,15,6,82,2
BP16797,Burberry,20,5,114,3
BP16798,Burberry,13,4,66,0
BP16799,Burberry,12,2,86,0
BP16800,Burberry,17,0,90,2
BP16801,Burberry,23,0,93,0
BP16802,Burberry,23,0,102,3
BP16803,Burberry,24,0,106,5
BP16804,Burberry,31,1,179,9
BP16805,Burberry,19,1,101,0
BP16806,Burberry,52,5,209,2
BP16807,Burberry,43,1,194,0
BP16808,Burberry,10,0,59,0
BP16809,Burberry,13,0,108,1
BP16810,Burberry,17,0,74,2
BP16811,Burberry,7,2,66,0
BP16812,Burberry,14,2,81,1
BP16813,Burberry,16,2,122,2
BP16814,Burberry,18,4,116,1
BP16815,Burberry,18,5,117,0
BP16816,Burberry,12,5,98,3
BP16817,Burberry,117,9,801,12
BP16818,Burberry,9,1,62,1
BP16819,Burberry,13,1,68,0
BP16820,Burberry,13,1,120,2
BP16821,Burberry,9,5,102,2
BP16822,Burberry,15,1,72,1
BP16823,Burberry,166,46,1206,32
BP16824,Burberry,19,0,100,7
BP16825,Burberry,10,1,79,0
BP16826,Burberry,7,2,74,0
BP16827,Burberry,11,1,80,1
BP16828,Burberry,14,1,99,1
BP16829,Burberry,12,3,96,1
BP16830,Burberry,6,0,99,0
BP16831,Burberry,18,0,124,2
BP16832,Burberry,13,2,106,1
BP16833,Burberry,6,2,61,0
BP16834,Burberry,8,1,99,0
BP16835,Burberry,7,1,72,1
BP16836,Burberry,28,3,150,4
BP16837,Burberry,28,1,107,4
BP16838,Burberry,19,0,96,1
BP16839,Burberry,31,1,218,0
BP16840,Burberry,30,2,151,0
BP16841,Burberry,39,0,220,2
BP16842,Burberry,13,2,85,0
BP16843,Burberry,21,0,159,2
BP16844,Burberry,24,1,171,0
BP16845,Burberry,25,1,194,3
BP16846,Burberry,18,0,165,1
BP16847,Burberry,81,3,385,11
BP16848,Burberry,58,2,447,4
BP16849,Burberry,12,2,98,1
BP16850,Burberry,14,1,146,0
BP16851,Burberry,27,0,127,1
BP16852,Burberry,54,3,262,4
BP16853,Burberry,23,4,170,1
BP16854,Burberry,41,0,206,2
BP16855,Burberry,56,2,317,1
BP16856,Burberry,28,6,188,3
BP16857,Burberry,42,3,236,4
BP16858,Burberry,13,0,77,0
BP16859,Burberry,18,1,98,0
BP16860,Burberry,8,1,91,2
BP16861,Burberry,8,3,107,0
BP16862,Burberry,30,1,206,3
BP16863,Burberry,17,2,122,0
BP16864,Burberry,22,2,162,1
BP16865,Burberry,14,1,132,1
BP16866,Burberry,25,2,164,0
BP16867,Burberry,17,3,146,2
BP16868,Burberry,27,3,173,3
BP16869,Burberry,2,2,72,3
BP16870,Burberry,8,0,75,0
BP16871,Burberry,8,0,101,0
BP16872,Burberry,32,3,209,1
BP16873,Burberry,21,2,175,1
BP16874,Burberry,9,0,100,1
BP16875,Burberry,7,1,76,0
BP16876,Burberry,29,4,263,3
BP16877,Burberry,11,0,101,1
BP16878,Burberry,20,0,122,3
BP16879,Burberry,28,1,184,1
BP16880,Burberry,25,2,134,5
BP16881,Burberry,6,0,74,0
BP16882,Burberry,11,2,139,5
BP16883,Burberry,28,2,191,1
BP16884,Burberry,15,0,104,1
BP16885,Burberry,52,1,227,3
BP16886,Burberry,23,0,200,1
BP16887,Burberry,37,3,186,2
BP16888,Burberry,35,5,232,5
BP16889,Burberry,29,7,217,7
BP16890,Burberry,15,1,106,1
BP16891,Burberry,17,0,88,0
BP16892,Burberry,19,0,127,1
BP16893,Burberry,16,2,88,0
BP16894,Burberry,77,0,341,2
BP16895,Burberry,9,0,81,0
BP16896,Burberry,11,1,119,2
BP16897,Burberry,15,0,76,0
BP16898,Burberry,21,1,100,1
BP16899,Burberry,26,1,115,1
BP16900,Burberry,18,0,102,0
BP16901,Burberry,22,1,137,0
BP16902,Burberry,24,3,197,2
BP16903,Burberry,17,1,112,0
BP16904,Burberry,23,1,137,0
BP16905,Burberry,12,0,110,3
BP16906,Burberry,8,1,69,3
BP16907,Burberry,41,8,328,4
BP16908,Burberry,26,3,203,3
BP16909,Burberry,25,1,218,3
BP16910,Burberry,55,7,264,4
BP16911,Burberry,31,1,208,2
BP16912,Burberry,33,5,155,2
BP16913,Burberry,48,14,216,13
BP16914,Burberry,22,3,166,4
BP16915,Burberry,16,1,125,1
BP16916,Burberry,141,10,830,1
BP16917,Burberry,20,0,140,3
BP16918,Burberry,18,1,112,0
BP16919,Burberry,14,0,81,0
BP16920,Burberry,39,2,264,5
BP16921,Burberry,47,9,215,5
BP16922,Burberry,45,1,345,4
BP16923,Burberry,45,3,294,2
BP16924,Burberry,27,2,119,0
BP16925,Burberry,35,2,171,1
BP16926,Burberry,31,1,175,1
BP16927,Burberry,7,0,66,1
BP16928,Burberry,19,1,168,3
BP16929,Burberry,10,0,84,0
BP16930,Burberry,17,1,78,1
BP16931,Burberry,15,1,88,2
BP16932,Burberry,13,0,115,3
BP16933,Burberry,24,2,161,1
BP16934,Burberry,19,0,115,0
BP16935,Burberry,32,2,198,3
BP16936,Burberry,26,0,0,0
BP16937,Burberry,34,2,203,1
BP16938,Burberry,23,1,185,4
BP16939,Burberry,19,0,122,0
BP16940,Burberry,12,3,94,3
BP16941,Burberry,13,2,87,1
BP16942,Burberry,10,1,117,3
BP16943,Burberry,10,0,80,1
BP16944,Burberry,7,0,57,1
BP16945,Burberry,20,1,106,1
BP16946,Burberry,8,1,54,2
BP16947,Burberry,7,1,92,2
BP16948,Burberry,7,1,61,0
BP16949,Burberry,9,1,92,1
BP16950,Burberry,17,1,128,3
BP16951,Burberry,6,0,56,0
BP16952,Burberry,21,0,83,2
BP16953,Burberry,17,1,122,3
BP16954,Burberry,7,0,64,0
BP16955,Burberry,21,4,157,2
BP16956,Burberry,23,1,135,2
BP16957,Burberry,37,2,191,0
BP16958,Burberry,648,51,5342,40
BP16959,Burberry,83,4,600,13
BP16960,Burberry,28,5,140,4
BP16961,Burberry,14,2,82,1
BP16962,Burberry,24,4,134,2
BP16963,Burberry,24,0,109,3
BP16964,Burberry,48,5,193,7
BP16965,Burberry,90,4,218,6
BP16966,Burberry,22,0,139,2
BP16967,Burberry,31,7,165,2
BP16968,Burberry,18,2,131,2
BP16969,Burberry,23,2,172,2
BP16970,Burberry,21,2,175,1
BP16971,Burberry,29,1,259,5
BP16972,Burberry,21,4,123,3
BP16973,Burberry,13,1,88,2
BP16974,Burberry,11,1,101,0
BP16975,Burberry,10,0,76,1
BP16976,Burberry,15,4,95,1
BP16977,Burberry,12,0,97,0
BP16978,Burberry,31,7,213,2
BP16979,Burberry,23,2,140,4
BP16980,Burberry,13,1,65,0
BP16981,Burberry,9,2,95,0
BP16982,Burberry,13,1,103,2
BP16983,Burberry,8,1,94,3
BP16984,Burberry,18,3,119,1
BP16985,Burberry,29,2,210,1
BP16986,Burberry,9,2,77,2
BP16987,Burberry,12,1,125,3
BP16988,Burberry,25,0,132,1
BP16989,Burberry,25,1,132,2
BP16990,Burberry,32,2,149,1
BP16991,Burberry,34,2,230,5
BP16992,Burberry,35,4,216,2
BP16993,Burberry,15,0,126,1
BP16994,Burberry,33,2,174,3
BP16995,Burberry,9,0,61,2
BP16996,Burberry,17,1,104,1
BP16997,Burberry,13,0,56,1
BP16998,Burberry,32,2,205,1
BP16999,Burberry,12,2,102,3
BP17000,Burberry,18,4,130,1
BP17001,Burberry,20,0,108,1
BP17002,Burberry,29,0,176,2
BP17003,Burberry,38,2,289,4
BP17004,Burberry,39,9,260,3
BP17005,Burberry,18,4,137,0
BP17006,Burberry,28,5,128,2
BP17007,Burberry,23,4,147,0
BP17008,Burberry,28,2,173,1
BP17009,Burberry,38,11,246,6
BP17010,Burberry,10,1,72,1
BP17011,Burberry,14,2,86,0
BP17012,Burberry,29,1,144,2
BP17013,Burberry,10,4,75,1
BP17014,Burberry,3,0,45,0
BP17015,Burberry,12,3,66,2
BP17016,Burberry,12,1,74,1
BP17017,Burberry,13,1,96,2
BP17018,Burberry,24,1,146,3
BP17019,Burberry,20,2,136,1
BP17020,Burberry,17,2,142,2
BP17021,Burberry,23,1,134,4
BP17022,Burberry,63,1,307,18
BP17023,Burberry,35,2,143,5
BP17024,Burberry,47,3,201,8
BP17025,Burberry,182,3,420,36
BP17026,Burberry,76,5,409,7
BP17027,Burberry,42,2,202,5
BP17028,Burberry,102,3,388,16
BP17029,Burberry,38,3,175,0
BP17030,Burberry,17,0,110,2
BP17031,Burberry,13,1,91,0
BP17032,Burberry,16,1,100,1
BP17033,Burberry,17,0,130,1
BP17034,Burberry,22,3,153,3
BP17035,Burberry,82,8,350,14
BP17036,Burberry,15,0,124,2
BP17037,Burberry,20,3,105,1
BP17038,Burberry,67,1,310,9
BP17039,Burberry,53,0,330,6
BP17040,Burberry,22,5,119,3
BP17041,Burberry,15,0,79,0
BP17042,Burberry,11,0,84,1
BP17043,Burberry,25,2,142,1
BP17044,Burberry,20,1,143,4
BP17045,Burberry,35,2,157,1
BP17046,Burberry,22,2,119,3
BP17047,Burberry,27,1,200,4
BP17048,Burberry,8,1,115,2
BP17049,Burberry,12,0,116,1
BP17050,Burberry,13,2,110,4
BP17051,Burberry,72,4,375,8
BP17052,Burberry,28,5,170,3
BP17053,Burberry,28,3,180,0
BP17054,Burberry,24,1,168,3
BP17055,Burberry,28,3,159,1
BP17056,Burberry,22,2,115,1
BP17057,Burberry,15,1,102,1
BP17058,Burberry,26,2,254,2
BP17059,Burberry,18,2,134,5
BP17060,Burberry,15,2,74,1
BP17061,Burberry,13,2,110,5
BP17062,Burberry,22,2,157,1
BP17063,Burberry,13,2,97,1
BP17064,Burberry,15,2,142,1
BP17065,Burberry,57,6,339,3
BP17066,Burberry,135,10,763,13
BP17067,Burberry,18,1,138,1
BP17068,Burberry,21,4,188,4
BP17069,Burberry,27,2,225,2
BP17070,Burberry,33,2,152,0
BP17071,Burberry,32,0,170,2
BP17072,Burberry,26,2,105,1
BP17073,Burberry,28,3,145,2
BP17074,Burberry,55,5,198,8
BP17075,Burberry,33,4,131,2
BP17076,Burberry,40,2,125,2
BP17077,Burberry,46,6,254,3
BP17078,Burberry,50,3,264,6
BP17079,Burberry,21,1,129,6
BP17080,Burberry,45,6,274,3
BP17081,Burberry,34,4,172,3
BP17082,Burberry,26,1,178,4
BP17083,Burberry,23,1,192,2
BP17084,Burberry,16,0,145,0
BP17085,Burberry,22,0,152,5
BP17086,Burberry,89,7,453,6
BP17087,Burberry,61,3,256,12
BP17088,Burberry,66,5,392,4
BP17089,Burberry,77,15,452,8
BP17090,Burberry,6,1,32,1
BP17091,Burberry,35,0,309,2
BP17092,Burberry,14,4,131,3
BP17093,Burberry,11,2,79,2
BP17094,Burberry,6,1,61,2
BP17095,Burberry,27,2,205,1
BP17096,Burberry,25,1,192,6
BP17097,Burberry,10,2,123,4
BP17098,Burberry,19,1,108,3
BP17099,Burberry,25,2,180,4
BP17100,Burberry,10,0,87,3
BP17101,Burberry,18,2,104,1
BP17102,Burberry,12,1,150,2
BP17103,Burberry,6,0,59,3
BP17104,Burberry,14,0,151,2
BP17105,Burberry,18,0,82,2
BP17106,Burberry,6,1,132,2
BP17107,Burberry,7,1,84,3
BP17108,Burberry,9,0,87,2
BP17109,Burberry,11,0,147,6
BP17110,Burberry,8,0,82,1
BP17111,Burberry,9,0,95,1
BP17112,Burberry,11,0,96,2
BP17113,Burberry,11,0,105,2
BP17114,Burberry,11,0,116,1
BP17115,Burberry,76,3,696,23
BP17116,Burberry,12,0,105,1
BP17117,Burberry,24,2,165,3
BP17118,Burberry,15,0,136,5
BP17119,Burberry,14,0,115,1
BP17120,Burberry,44,2,323,7
BP17121,Burberry,38,2,222,4
BP17122,Burberry,51,1,243,4
BP17123,Burberry,72,4,372,14
BP17124,Burberry,62,3,297,7
BP17125,Burberry,20,3,129,3
BP17126,Burberry,12,1,103,1
BP17127,Burberry,24,7,170,14
BP17128,Burberry,38,2,228,2
BP17129,Burberry,43,4,244,4
BP17130,Burberry,66,3,311,12
BP17131,Burberry,17,1,101,2
BP17132,Burberry,14,3,118,5
BP17133,Burberry,4,1,61,3
BP17134,Burberry,115,5,620,4
BP17135,Burberry,7,0,79,2
BP17136,Burberry,14,0,126,3
BP17137,Burberry,16,1,110,3
BP17138,Burberry,49,5,272,8
BP17139,Burberry,19,0,166,3
BP17140,Burberry,10,2,101,2
BP17141,Burberry,14,1,126,5
BP17142,Burberry,63,4,288,7
BP17143,Burberry,26,4,194,3
BP17144,Burberry,88,0,382,5
BP17145,Burberry,19,1,121,3
BP17146,Burberry,33,1,208,6
BP17147,Burberry,25,0,154,2
BP17148,Burberry,66,2,246,12
BP17149,Burberry,14,1,104,2
BP17150,Burberry,37,2,166,7
BP17151,Burberry,25,3,192,3
BP17152,Burberry,26,1,223,4
BP17153,Burberry,27,1,126,3
BP17154,Burberry,10,0,109,2
BP17155,Burberry,23,1,111,0
BP17156,Burberry,22,0,122,1
BP17157,Burberry,36,1,129,5
BP17158,Burberry,101,11,631,5
BP17159,Burberry,25,0,134,5
BP17160,Burberry,30,1,145,2
BP17161,Burberry,47,4,214,4
BP17162,Burberry,115,9,826,12
BP17163,Burberry,45,2,167,10
BP17164,Burberry,116,13,457,14
BP17165,Burberry,31,0,139,4
BP17166,Burberry,614,86,5024,149
BP17167,Burberry,19,2,125,3
BP17168,Burberry,31,3,157,6
BP17169,Burberry,181,28,565,39
BP17170,Burberry,25,2,160,3
BP17171,Burberry,23,2,131,1
BP17172,Burberry,96,5,530,5
BP17173,Burberry,23,2,173,4
BP17174,Burberry,66,2,453,8
BP17175,Burberry,812,81,5642,74
BP17176,Burberry,49,4,348,5
BP17177,Burberry,21,1,166,4
BP17178,Burberry,14,4,152,6
BP17179,Burberry,28,3,203,8
BP17180,Burberry,11,4,110,1
BP17181,Burberry,99,6,459,9
BP17182,Burberry,18,2,184,4
BP17183,Burberry,68,4,345,4
BP17184,Burberry,22,1,202,1
BP17185,Burberry,31,3,284,4
BP17186,Burberry,56,6,341,6
BP17187,Burberry,37,5,295,3
BP17188,Burberry,82,9,448,7
BP17189,Burberry,76,5,370,9
BP17190,Burberry,57,1,300,5
BP17191,Burberry,50,4,238,5
BP17192,Burberry,39,2,232,2
BP17193,Burberry,161,9,703,15
BP17194,Burberry,48,2,316,5
BP17195,Burberry,37,5,208,3
BP17196,Burberry,24,1,148,2
BP17197,Burberry,27,2,213,7
BP17198,Burberry,23,0,221,1
BP17199,Burberry,25,1,173,1
BP17200,Burberry,28,1,217,0
BP17201,Burberry,52,8,452,8
BP17202,Burberry,36,1,282,5
BP17203,Burberry,7,2,111,4
BP17204,Burberry,38,1,301,3
BP17205,Burberry,51,3,279,7
BP17206,Burberry,22,2,203,3
BP17207,Burberry,27,5,166,2
BP17208,Burberry,20,0,100,2
BP17209,Burberry,19,2,190,2
BP17210,Burberry,15,2,107,1
BP17211,Burberry,76,6,360,6
BP17212,Burberry,61,6,317,7
BP17213,Burberry,71,4,567,5
BP17214,Burberry,45,3,304,1
BP17215,Burberry,318,18,1679,21
BP17216,Burberry,113,6,692,6
BP17217,Burberry,129,8,639,6
BP17218,Burberry,120,58,298,88
BP17219,Burberry,389,46,902,149
BP17220,Burberry,23,9,165,2
BP17221,Burberry,39,4,181,3
BP17222,Burberry,25,4,156,4
BP17223,Burberry,44,6,202,2
BP17224,Burberry,33,110,298,16
BP17225,Burberry,27,31,176,4
BP17226,Burberry,36,26,180,2
BP17227,Burberry,36,10,212,4
BP17228,Burberry,26,13,157,4
BP17229,Burberry,19,4,165,3
BP17230,Burberry,58,8,374,3
BP17231,Burberry,27,3,146,0
BP17232,Burberry,31,6,196,3
BP17233,Burberry,35,8,233,2
BP17234,Burberry,34,2,153,4
BP17235,Burberry,26,3,121,2
BP17236,Burberry,13,2,165,2
BP17237,Burberry,17,2,134,2
BP17238,Burberry,19,3,130,2
BP17239,Burberry,23,2,130,1
BP17240,Burberry,18,1,129,0
BP17241,Burberry,34,1,242,5
BP17242,Burberry,17,3,124,4
BP17243,Burberry,50,10,377,15
BP17244,Burberry,22,2,113,3
BP17245,Burberry,18,2,135,1
BP17246,Burberry,20,1,132,4
BP17247,Burberry,12,0,97,0
BP17248,Burberry,32,2,163,1
BP17249,Burberry,18,3,134,3
BP17250,Burberry,58,6,362,7
BP17251,Burberry,35,1,176,8
BP17252,Burberry,41,2,190,4
BP17253,Burberry,51,1,207,6
BP17254,Burberry,65,10,306,4
BP17255,Burberry,24,0,140,2
BP17256,Burberry,13,1,87,0
BP17257,Burberry,13,2,76,0
BP17258,Burberry,32,4,131,0
BP17259,Burberry,33,0,189,6
BP17260,Burberry,22,4,167,4
BP17261,Burberry,27,1,102,2
BP17262,Burberry,10,1,102,0
BP17263,Burberry,15,1,116,2
BP17264,Burberry,22,4,149,1
BP17265,Burberry,10,1,96,0
BP17266,Burberry,26,0,144,0
BP17267,Burberry,19,2,143,0
BP17268,Burberry,31,2,221,0
BP17269,Burberry,14,1,118,0
BP17270,Burberry,18,2,158,2
BP17271,Burberry,18,2,106,1
BP17272,Burberry,55,1,303,2
BP17273,Burberry,16,3,77,0
BP17274,Burberry,26,4,186,3
BP17275,Burberry,21,6,162,3
BP17276,Burberry,18,4,129,0
BP17277,Burberry,30,3,204,1
BP17278,Burberry,27,4,130,2
BP17279,Burberry,18,1,112,0
BP17280,Burberry,31,3,153,1
BP17281,Burberry,17,0,155,0
BP17282,Burberry,16,1,154,3
BP17283,Burberry,15,0,119,2
BP17284,Burberry,36,1,180,1
BP17285,Burberry,12,1,112,1
BP17286,Burberry,39,2,206,0
BP17287,Burberry,27,2,207,0
BP17288,Burberry,14,1,129,0
BP17289,Burberry,34,10,215,3
BP17290,Burberry,22,2,139,2
BP17291,Burberry,23,3,199,4
BP17292,Burberry,21,2,131,3
BP17293,Burberry,11,0,75,1
BP17294,Burberry,106,3,479,23
BP17295,Burberry,29,6,204,1
BP17296,Burberry,18,1,100,0
BP17297,Burberry,13,1,118,1
BP17298,Burberry,1957,171,2739,96
BP17299,Burberry,66,2,430,7
BP17300,Burberry,22,3,122,3
BP17301,Burberry,13,3,120,1
BP17302,Burberry,15,1,106,2
BP17303,Burberry,31,0,227,0
BP17304,Burberry,28,6,242,1
BP17305,Burberry,39,3,221,1
BP17306,Burberry,11,0,83,1
BP17307,Burberry,46,3,309,4
BP17308,Burberry,19,1,181,1
BP17309,Burberry,17,1,129,2
BP17310,Burberry,27,0,145,1
BP17311,Burberry,40,3,242,0
BP17312,Burberry,30,1,183,2
BP17313,Burberry,20,1,86,1
BP17314,Burberry,53,7,298,4
BP17315,Burberry,19,1,126,0
BP17316,Burberry,15,1,73,0
BP17317,Burberry,16,2,116,0
BP17318,Burberry,1632,138,2103,74
BP17319,Burberry,52,3,327,7
BP17320,Burberry,56,4,282,1
BP17321,Burberry,23,2,126,2
BP17322,Burberry,25,2,110,2
BP17323,Burberry,27,1,159,0
BP17324,Burberry,33,2,166,3
BP17325,Burberry,35,5,200,4
BP17326,Burberry,20,1,214,3
BP17327,Burberry,58,2,284,5
BP17328,Burberry,36,2,178,3
BP17329,Burberry,75,4,282,12
BP17330,Burberry,23,1,181,1
BP17331,Burberry,24,4,169,4
BP17332,Burberry,26,1,144,1
BP17333,Burberry,154,98,863,50
BP17334,Burberry,90,113,673,61
BP17335,Burberry,75,5,244,9
BP17336,Burberry,2299,469,2720,136
BP17337,Burberry,40,3,234,3
BP17338,Burberry,28,2,163,1
BP17339,Burberry,39,4,199,1
BP17340,Burberry,37,2,225,6
BP17341,Burberry,28,1,121,1
BP17342,Burberry,66,2,276,4
BP17343,Burberry,30,1,157,3
BP17344,Burberry,32,1,188,2
BP17345,Burberry,38,2,173,4
BP17346,Burberry,13,1,99,1
BP17347,Burberry,27,3,160,4
BP17348,Burberry,18,4,103,0
BP17349,Burberry,93,9,548,9
BP17350,Burberry,24,2,165,1
BP17351,Burberry,76,0,457,8
BP17352,Burberry,27,0,146,0
BP17353,Burberry,16,1,107,1
BP17354,Burberry,11,0,106,0
BP17355,Burberry,17,1,93,1
BP17356,Burberry,18,2,144,3
BP17357,Burberry,19,0,129,1
BP17358,Burberry,22,1,120,1
BP17359,Burberry,17,3,123,1
BP17360,Burberry,17,0,101,2
BP17361,Burberry,5,0,79,1
BP17362,Burberry,32,2,183,0
BP17363,Burberry,20,1,152,3
BP17364,Burberry,12,0,79,1
BP17365,Burberry,41,0,165,0
BP17366,Burberry,17,1,171,3
BP17367,Burberry,24,4,149,9
BP17368,Burberry,17,0,89,2
BP17369,Burberry,25,1,156,4
BP17370,Burberry,23,3,153,1
BP17371,Burberry,18,0,94,1
BP17372,Burberry,20,1,147,1
BP17373,Burberry,26,3,154,0
BP17374,Burberry,57,6,217,14
BP17375,Burberry,15,0,48,1
BP17376,Burberry,13,0,100,1
BP17377,Burberry,26,1,155,3
BP17378,Burberry,15,1,84,0
BP17379,Burberry,29,3,240,3
BP17380,Burberry,16,0,92,0
BP17381,Burberry,12,0,69,0
BP17382,Burberry,29,3,169,0
BP17383,Burberry,14,0,55,0
BP17384,Burberry,25,0,154,4
BP17385,Burberry,57,3,211,2
BP17386,Burberry,61,2,255,2
BP17387,Burberry,55,4,283,4
BP17388,Burberry,36,1,153,1
BP17389,Burberry,32,0,149,3
BP17390,Burberry,29,1,135,6
BP17391,Burberry,24,1,114,1
BP17392,Burberry,41,1,197,5
BP17393,Burberry,31,1,110,0
BP17394,Burberry,13,0,78,2
BP17395,Burberry,15,0,90,2
BP17396,Burberry,31,4,148,1
BP17397,Burberry,18,1,97,2
BP17398,Burberry,14,3,55,0
BP17399,Burberry,22,0,109,1
BP17400,Burberry,15,0,97,2
BP17401,Burberry,47,3,245,5
BP17402,Burberry,17,2,126,0
BP17403,Burberry,18,1,107,1
BP17404,Burberry,22,1,117,1
BP17405,Burberry,16,5,104,1
BP17406,Burberry,20,1,103,2
BP17407,Burberry,55,4,293,5
BP17408,Burberry,18,0,91,0
BP17409,Burberry,65,3,299,6
BP17410,Burberry,20,2,95,4
BP17411,Burberry,16,1,80,1
BP17412,Burberry,10,0,98,1
BP17413,Burberry,41,2,235,2
BP17414,Burberry,24,1,199,2
BP17415,Burberry,9,0,65,0
BP17416,Burberry,23,3,157,1
BP17417,Burberry,16,0,111,2
BP17418,Burberry,16,1,83,0
BP17419,Burberry,15,3,81,1
BP17420,Burberry,12,1,128,2
BP17421,Burberry,16,2,124,1
BP17422,Burberry,13,1,66,0
BP17423,Burberry,15,3,158,2
BP17424,Burberry,15,1,103,0
BP17425,Burberry,17,0,111,0
BP17426,Burberry,22,2,162,5
BP17427,Burberry,23,3,144,1
BP17428,Burberry,11,1,96,0
BP17429,Burberry,5,1,52,0
BP17430,Burberry,10,1,71,1
BP17431,Burberry,38,2,199,2
BP17432,Burberry,20,1,125,2
BP17433,Burberry,30,1,172,3
BP17434,Burberry,16,1,75,0
BP17435,Burberry,13,2,117,1
BP17436,Burberry,38,1,176,5
BP17437,Burberry,34,2,200,4
BP17438,Burberry,35,2,208,1
BP17439,Burberry,37,0,204,1
BP17440,Burberry,37,0,165,0
BP17441,Burberry,47,2,234,2
BP17442,Burberry,16,3,124,1
BP17443,Burberry,14,3,107,1
BP17444,Burberry,58,7,349,4
BP17445,Burberry,25,3,167,3
BP17446,Burberry,25,1,122,2
BP17447,Burberry,27,5,130,1
BP17448,Burberry,31,2,252,2
BP17449,Burberry,103,1,356,3
BP17450,Burberry,47,1,215,6
BP17451,Burberry,17,0,87,1
BP17452,Burberry,16,0,147,1
BP17453,Burberry,24,4,142,0
BP17454,Burberry,16,1,128,1
BP17455,Burberry,26,2,164,0
BP17456,Burberry,9,1,99,0
BP17457,Burberry,18,2,133,3
BP17458,Burberry,69,39,849,12
BP17459,Burberry,65,14,1105,4
BP17460,Burberry,27,7,227,0
BP17461,Burberry,65,10,545,7
BP17462,Burberry,17,2,129,1
BP17463,Burberry,64,1,287,7
BP17464,Burberry,47,4,178,1
BP17465,Burberry,73,1,450,4
BP17466,Burberry,17,5,159,1
BP17467,Burberry,19,2,128,1
BP17468,Burberry,13,1,75,1
BP17469,Burberry,14,2,72,0
BP17470,Burberry,18,6,117,0
BP17471,Burberry,323,8,552,6
BP17472,Burberry,112,4,398,9
BP17473,Burberry,21,2,154,0
BP17474,Burberry,1261,27,1737,27
BP17475,Burberry,580,48,1140,305
BP17476,Burberry,1136,40,1510,20
BP17477,Burberry,1548,26,1985,23
BP17478,Burberry,2036,54,2803,47
BP17479,Burberry,104,18,1711,8
BP17480,Burberry,38,6,341,6
BP17481,Burberry,78,3,546,3
BP17482,Burberry,33,4,419,9
BP17483,Burberry,131,3,378,0
BP17484,Burberry,142,3,396,2
BP17485,Burberry,90,1,245,3
BP17486,Burberry,170,13,1173,36
BP17487,Burberry,54,3,368,5
BP17488,Burberry,55,2,368,5
BP17489,Burberry,38,1,190,1
BP17490,Burberry,31,0,156,1
BP17491,Burberry,57,2,257,6
BP17492,Burberry,11,0,73,1
BP17493,Burberry,8,0,76,0
BP17494,Burberry,12,1,74,1
BP17495,Burberry,16,1,114,1
BP17496,Burberry,34,1,142,2
BP17497,Burberry,22,2,147,2
BP17498,Burberry,28,2,167,7
BP17499,Burberry,48,4,223,3
BP17500,Burberry,13,0,84,0
BP17501,Burberry,15,1,125,0
BP17502,Burberry,10,2,79,0
BP17503,Burberry,13,1,59,0
BP17504,Burberry,38,1,170,2
BP17505,Burberry,16,0,109,1
BP17506,Burberry,7,1,80,1
BP17507,Burberry,18,0,106,2
BP17508,Burberry,17,1,164,2
BP17509,Burberry,24,2,127,1
BP17510,Burberry,36,1,198,0
BP17511,Burberry,9,1,62,0
BP17512,Burberry,34,0,207,1
BP17513,Burberry,445,60,2962,140
BP17514,Burberry,228,41,1232,53
BP17515,Burberry,83,4,239,7
BP17516,Burberry,30,3,173,2
BP17517,Burberry,45,3,196,1
BP17518,Burberry,18,1,144,1
BP17519,Burberry,17,1,144,1
BP17520,Burberry,15,1,69,0
BP17521,Burberry,16,1,76,1
BP17522,Burberry,7,2,27,0
BP17523,Burberry,515,50,2828,191
BP17524,Burberry,25,4,144,1
BP17525,Burberry,23,0,323,1
BP17526,Burberry,102,4,340,9
BP17527,Burberry,19,2,128,2
BP17528,Burberry,54,0,298,5
BP17529,Burberry,60,3,352,2
BP17530,Burberry,15,0,125,2
BP17531,Burberry,103,11,862,8
BP17532,Burberry,27,3,441,2
BP17533,Burberry,81,7,392,4
BP17534,Burberry,38,2,238,4
BP17535,Burberry,28,1,129,2
BP17536,Burberry,2103,345,19280,1523
BP17537,Burberry,95,7,599,12
BP17538,Burberry,124,17,1058,25
BP17539,Burberry,38,2,258,2
BP17540,Burberry,604,109,6224,191
BP17541,Burberry,112,0,343,13
BP17542,Burberry,48,2,198,3
BP17543,Burberry,101,2,323,5
BP17544,Burberry,106,2,307,9
BP17545,Burberry,39,0,219,2
BP17546,Burberry,27,1,178,2
BP17547,Burberry,17,1,140,0
BP17548,Burberry,24,0,122,5
BP17549,Burberry,14,1,106,0
BP17550,Burberry,214,12,653,45
BP17551,Burberry,31,1,118,3
BP17552,Burberry,20,0,106,1
BP17553,Burberry,33,2,137,4
BP17554,Burberry,1273,43,6736,243
BP17555,Burberry,589,106,5342,124
BP17556,Burberry,82,0,452,4
BP17557,Burberry,9,0,66,0
BP17558,Burberry,12,2,81,0
BP17559,Burberry,61,0,223,6
BP17560,Burberry,18,1,138,1
BP17561,Burberry,23,0,151,1
BP17562,Burberry,35,1,176,2
BP17563,Burberry,15,0,124,1
BP17564,Burberry,32,1,215,5
BP17565,Burberry,57,5,259,13
BP17566,Burberry,52,2,238,11
BP17567,Burberry,28,0,75,1
BP17568,Burberry,11,0,66,1
BP17569,Burberry,15,0,72,0
BP17570,Burberry,29,2,89,3
BP17571,Burberry,9,0,49,0
BP17572,Burberry,73,17,364,4
BP17573,Burberry,13,2,92,0
BP17574,Burberry,21,0,143,1
BP17575,Burberry,17,1,82,2
BP17576,Burberry,67,4,353,5
BP17577,Burberry,23,1,145,2
BP17578,Burberry,42,2,207,4
BP17579,Burberry,16,0,72,0
BP17580,Burberry,710,17,758,19
BP17581,Burberry,22,1,89,0
BP17582,Burberry,28,0,127,0
BP17583,Burberry,15,0,89,1
BP17584,Burberry,18,1,73,0
BP17585,Burberry,22,1,86,4
BP17586,Burberry,13,1,83,2
BP17587,Burberry,29,2,118,6
BP17588,Burberry,806,38,2418,184
BP17589,Burberry,20,1,82,2
BP17590,Burberry,59,6,362,9
BP17591,Burberry,60,5,311,5
BP17592,Burberry,18,2,92,2
BP17593,Burberry,83,16,370,21
BP17594,Burberry,44,5,257,1
BP17595,Burberry,24,0,106,0
BP17596,Burberry,20,2,93,0
BP17597,Burberry,42,7,380,6
BP17598,Burberry,16,1,94,2
BP17599,Burberry,25,2,99,1
BP17600,Burberry,154,9,629,51
BP17601,Burberry,55,6,235,6
BP17602,Burberry,13,0,69,1
BP17603,Burberry,32,2,189,4
BP17604,Burberry,19,1,160,2
BP17605,Burberry,15,0,166,4
BP17606,Burberry,38,2,191,6
BP17607,Burberry,47,5,190,3
BP17608,Burberry,11,1,94,0
BP17609,Burberry,9,0,97,1
BP17610,Burberry,16,0,122,0
BP17611,Burberry,24,1,82,0
BP17612,Burberry,20,1,117,1
BP17613,Burberry,15,1,116,0
BP17614,Burberry,2010,420,2269,75
BP17615,Burberry,2062,435,2244,69
BP17616,Burberry,33,2,202,3
BP17617,Burberry,18,0,86,1
BP17618,Burberry,26,2,109,0
BP17619,Burberry,18,2,99,0
BP17620,Burberry,28,2,122,1
BP17621,Burberry,20,1,142,4
BP17622,Burberry,23,1,107,0
BP17623,Burberry,6,1,73,0
BP17624,Burberry,20,2,106,2
BP17625,Burberry,31,0,138,4
BP17626,Burberry,12,3,64,1
BP17627,Burberry,22,0,153,0
BP17628,Burberry,22,2,92,1
BP17629,Burberry,102,7,584,9
BP17630,Burberry,8,2,67,0
BP17631,Burberry,120,18,1025,20
BP17632,Burberry,24,0,181,4
BP17633,Burberry,42,1,225,1
BP17634,Burberry,54,2,214,0
BP17635,Burberry,49,0,156,7
BP17636,Burberry,33,13,164,31
BP17637,Burberry,18,2,59,1
BP17638,Burberry,31,1,113,4
BP17639,Burberry,16,2,63,1
BP17640,Burberry,15,0,64,0
BP17641,Burberry,24,1,118,1
BP17642,Burberry,18,0,79,0
BP17643,Burberry,19,1,93,0
BP17644,Burberry,15,0,50,1
BP17645,Burberry,17,0,81,1
BP17646,Burberry,26,2,118,6
BP17647,Burberry,15,0,79,3
BP17648,Burberry,17,1,73,1
BP17649,Burberry,25,1,171,2
BP17650,Burberry,77,5,313,9
BP17651,Burberry,11,0,39,0
BP17652,Burberry,44,3,169,2
BP17653,Burberry,24,1,166,2
BP17654,Burberry,1744,292,2072,39
BP17655,Burberry,14,0,93,0
BP17656,Burberry,9,1,48,0
BP17657,Burberry,25,5,138,5
BP17658,Burberry,16,2,84,0
BP17659,Burberry,29,0,136,1
BP17660,Burberry,8,1,55,0
BP17661,Burberry,21,0,110,3
BP17662,Burberry,15,0,81,0
BP17663,Burberry,22,1,102,1
BP17664,Burberry,1052,156,1251,34
BP17665,Burberry,1349,147,1499,35
BP17666,Burberry,1472,155,1627,41
BP17667,Burberry,1291,171,1508,39
BP17668,Burberry,13,0,66,0
BP17669,Burberry,24,5,155,6
BP17670,Burberry,21,3,83,1
BP17671,Burberry,12,0,76,1
BP17672,Burberry,18,1,105,3
BP17673,Burberry,45,4,216,4
BP17674,Burberry,40,2,156,2
BP17675,Burberry,24,1,100,0
BP17676,Burberry,25,6,120,6
BP17677,Burberry,17,1,85,1
BP17678,Burberry,19,0,109,0
BP17679,Burberry,17,1,117,0
BP17680,Burberry,15,4,107,0
BP17681,Burberry,8,1,90,0
BP17682,Burberry,20,0,96,1
BP17683,Burberry,57,5,374,3
BP17684,Burberry,8,2,33,0
BP17685,Burberry,19,0,96,0
BP17686,Burberry,1365,211,1493,42
BP17687,Burberry,18,3,134,1
BP17688,Burberry,17,0,78,1
BP17689,Burberry,31,3,117,0
BP17690,Burberry,67,3,285,6
BP17691,Burberry,19,3,179,0
BP17692,Burberry,30,0,194,3
BP17693,Burberry,17,0,97,1
BP17694,Burberry,28,3,158,0
BP17695,Burberry,10,2,73,0
BP17696,Burberry,32,3,207,1
BP17697,Burberry,63,6,710,13
BP17698,Burberry,30,2,183,4
BP17699,Burberry,194,5,551,24
BP17700,Burberry,25,3,141,0
BP17701,Burberry,21,1,170,3
BP17702,Burberry,16,0,129,1
BP17703,Burberry,58,9,284,8
BP17704,Burberry,21,1,142,2
BP17705,Burberry,16,1,108,2
BP17706,Burberry,19,0,159,2
BP17707,Burberry,42,1,246,0
BP17708,Burberry,17,2,136,0
BP17709,Burberry,25,1,140,1
BP17710,Burberry,25,1,183,2
BP17711,Burberry,20,0,104,3
BP17712,Burberry,22,4,167,3
BP17713,Burberry,1064,548,1800,119
BP17714,Burberry,29,1,147,6
BP17715,Burberry,1902,546,2145,61
BP17716,Burberry,75,7,366,6
BP17717,Burberry,67,7,340,2
BP17718,Burberry,52,5,288,6
BP17719,Burberry,21,1,95,0
BP17720,Burberry,14,0,103,0
BP17721,Burberry,18,0,96,5
BP17722,Burberry,23,2,115,0
BP17723,Burberry,13,3,98,2
BP17724,Burberry,11,1,95,1
BP17725,Burberry,37,2,193,2
BP17726,Burberry,25,0,83,1
BP17727,Burberry,21,1,118,1
BP17728,Burberry,15,0,76,0
BP17729,Burberry,28,2,102,1
BP17730,Burberry,17,3,72,0
BP17731,Burberry,11,1,68,0
BP17732,Burberry,16,2,88,0
BP17733,Burberry,101,2,268,8
BP17734,Burberry,28,1,178,2
BP17735,Burberry,14,1,90,2
BP17736,Burberry,27,1,127,3
BP17737,Burberry,11,2,79,0
BP17738,Burberry,11,6,81,4
BP17739,Burberry,14,2,51,1
BP17740,Burberry,11,1,105,0
BP17741,Burberry,45,3,324,0
BP17742,Burberry,19,7,97,2
BP17743,Burberry,40,0,198,2
BP17744,Burberry,39,0,133,0
BP17745,Burberry,40,3,164,2
BP17746,Burberry,813,85,1010,19
BP17747,Burberry,27,2,129,3
BP17748,Burberry,1034,113,1337,46
BP17749,Burberry,949,62,1076,19
BP17750,Burberry,1147,94,1232,31
BP17751,Burberry,1182,99,1376,27
BP17752,Burberry,1069,137,1205,41
BP17753,Burberry,1710,285,1831,66
BP17754,Burberry,1136,223,1367,41
BP17755,Burberry,146,12,301,2
BP17756,Burberry,1477,239,1647,36
BP17757,Burberry,1192,210,1259,33
BP17758,Burberry,81,2,225,2
BP17759,Burberry,165,10,334,1
BP17760,Burberry,139,6,232,4
BP17761,Burberry,15,0,102,1
BP17762,Burberry,31,2,132,2
BP17763,Burberry,32,1,139,2
BP17764,Burberry,168,18,1691,105
BP17765,Burberry,20,2,95,1
BP17766,Burberry,13,2,118,1
BP17767,Burberry,11,0,90,0
BP17768,Burberry,14,2,95,2
BP17769,Burberry,8,1,67,1
BP17770,Burberry,38,2,242,1
BP17771,Burberry,18,0,134,2
BP17772,Burberry,9,1,51,1
BP17773,Burberry,53,2,167,7
BP17774,Burberry,103,8,785,46
BP17775,Burberry,75,35,1065,174
BP17776,Burberry,33,1,132,0
BP17777,Burberry,23,0,95,0
BP17778,Burberry,34,4,108,0
BP17779,Burberry,11,1,60,1
BP17780,Burberry,13,2,71,1
BP17781,Burberry,22,1,117,4
BP17782,Burberry,19,2,172,3
BP17783,Burberry,1134,149,1172,25
BP17784,Burberry,14,0,75,3
BP17785,Burberry,16,0,90,1
BP17786,Burberry,79,2,356,8
BP17787,Burberry,11,1,60,0
BP17788,Burberry,18,0,72,0
BP17789,Burberry,1098,233,1134,32
BP17790,Burberry,23,0,105,1
BP17791,Burberry,14,0,77,1
BP17792,Burberry,1904,418,1851,67
BP17793,Burberry,1575,342,1689,55
BP17794,Burberry,33,0,185,2
BP17795,Burberry,62,3,311,9
BP17796,Burberry,19,0,87,3
BP17797,Burberry,41,5,200,3
BP17798,Burberry,326,42,2946,38
BP17799,Burberry,9,0,64,0
BP17800,Burberry,43,1,180,3
BP17801,Burberry,55,5,391,3
BP17802,Burberry,101,3,415,9
BP17803,Burberry,17,0,98,0
BP17804,Burberry,36,2,206,0
BP17805,Burberry,17,0,116,0
BP17806,Burberry,20,0,126,0
BP17807,Burberry,106,5,473,3
BP17808,Burberry,26,3,135,0
BP17809,Burberry,79,6,343,3
BP17810,Burberry,17,0,121,0
BP17811,Burberry,23,4,103,13
BP17812,Burberry,17,3,75,1
BP17813,Burberry,1650,439,1704,67
BP17814,Burberry,55,10,250,6
BP17815,Burberry,49,0,185,1
BP17816,Burberry,6,3,61,1
BP17817,Burberry,8,0,65,1
BP17818,Burberry,18,2,149,1
BP17819,Burberry,23,2,139,1
BP17820,Burberry,1417,288,1517,76
BP17821,Burberry,34,2,180,1
BP17822,Burberry,16,0,88,1
BP17823,Burberry,12,1,85,0
BP17824,Burberry,11,0,101,1
BP17825,Burberry,9,0,65,1
BP17826,Burberry,13,1,116,0
BP17827,Burberry,10,1,74,0
BP17828,Burberry,1299,452,1298,48
BP17829,Burberry,13,1,69,0
BP17830,Burberry,38,3,233,3
BP17831,Burberry,349,3,689,11
BP17832,Burberry,273,2,486,7
BP17833,Burberry,287,2,544,8
BP17834,Burberry,32,1,160,4
BP17835,Burberry,1533,555,1560,85
BP17836,Burberry,18,2,116,1
BP17837,Burberry,19,1,142,4
BP17838,Burberry,38,0,168,1
BP17839,Burberry,22,0,137,0
BP17840,Burberry,14,2,64,0
BP17841,Burberry,9,0,88,0
BP17842,Burberry,21,2,94,2
BP17843,Burberry,18,0,109,0
BP17844,Burberry,25,1,133,0
BP17845,Burberry,31,0,170,1
BP17846,Burberry,17,1,140,2
BP17847,Burberry,21,0,121,2
BP17848,Burberry,28,0,139,1
BP17849,Burberry,26,2,135,0
BP17850,Burberry,13,3,55,1
BP17851,Burberry,16,4,90,2
BP17852,Burberry,15,0,111,0
BP17853,Burberry,59,0,226,3
BP17854,Burberry,38,0,198,1
BP17855,Burberry,45,1,197,1
BP17856,Burberry,19,0,57,0
BP17857,Burberry,41,3,198,2
BP17858,Burberry,23,2,98,0
BP17859,Burberry,11,0,60,0
BP17860,Burberry,12,2,96,1
BP17861,Burberry,13,1,82,0
BP17862,Burberry,4,0,59,0
BP17863,Burberry,9,0,38,1
BP17864,Burberry,18,1,65,0
BP17865,Burberry,20,1,44,0
BP17866,Burberry,23,3,182,3
BP17867,Burberry,22,0,121,0
BP17868,Burberry,22,1,124,0
BP17869,Burberry,29,4,117,1
BP17870,Burberry,12,1,84,1
BP17871,Burberry,25,2,135,1
BP17872,Burberry,15,0,86,0
BP17873,Burberry,20,3,91,5
BP17874,Burberry,25,0,82,0
BP17875,Burberry,11,0,71,0
BP17876,Burberry,28,2,156,2
BP17877,Burberry,18,1,100,0
BP17878,Burberry,13,5,106,2
BP17879,Burberry,26,2,117,2
BP17880,Burberry,43,3,207,2
BP17881,Burberry,14,1,60,0
BP17882,Burberry,14,0,73,1
BP17883,Burberry,17,2,81,2
BP17884,Burberry,36,2,157,1
BP17885,Burberry,8,3,58,0
BP17886,Burberry,19,1,89,2
BP17887,Burberry,55,10,459,4
BP17888,Burberry,17,2,61,0
BP17889,Burberry,19,1,94,1
BP17890,Burberry,56,6,298,3
BP17891,Burberry,970,102,940,30
BP17892,Burberry,28,5,178,2
BP17893,Burberry,32,4,140,3
BP17894,Burberry,12,2,86,1
BP17895,Burberry,5,2,72,0
BP17896,Burberry,58,6,195,5
BP17897,Burberry,67,4,339,13
BP17898,Burberry,27,2,101,1
BP17899,Burberry,1176,73,1366,46
BP17900,Burberry,48,3,326,2
BP17901,Burberry,24,1,94,0
BP17902,Burberry,21,2,86,1
BP17903,Burberry,20,1,124,0
BP17904,Burberry,26,2,70,0
BP17905,Burberry,22,1,80,0
BP17906,Burberry,19,2,110,2
BP17907,Burberry,26,2,63,0
BP17908,Burberry,27,1,104,1
BP17909,Burberry,121,5,725,8
BP17910,Burberry,30,1,104,1
BP17911,Burberry,21,1,75,2
BP17912,Burberry,27,0,119,0
BP17913,Burberry,24,0,102,1
BP17914,Burberry,16,1,34,1
BP17915,Burberry,19,1,64,3
BP17916,Burberry,18,4,55,2
BP17917,Burberry,191,3,578,24
BP17918,Burberry,116,0,340,5
BP17919,Burberry,45,5,177,1
BP17920,Burberry,21,0,105,1
BP17921,Burberry,14,3,35,2
BP17922,Burberry,47,2,210,3
BP17923,Burberry,1296,186,1263,34
BP17924,Burberry,40,5,149,2
BP17925,Burberry,25,2,110,0
BP17926,Burberry,60,0,160,8
BP17927,Burberry,52,0,184,3
BP17928,Burberry,56,1,211,2
BP17929,Burberry,58,6,205,2
BP17930,Burberry,45,0,188,3
BP17931,Burberry,27,0,107,1
BP17932,Burberry,26,0,80,0
BP17933,Burberry,52,2,163,1
BP17934,Burberry,105,2,199,7
BP17935,Burberry,66,1,260,2
BP17936,Burberry,106,4,228,8
BP17937,Burberry,60,1,210,1
BP17938,Burberry,223,10,488,18
BP17939,Burberry,98,4,385,8
BP17940,Burberry,1043,257,5861,477
BP17941,Burberry,31,0,112,1
BP17942,Burberry,20,4,64,0
BP17943,Burberry,20,0,91,0
BP17944,Burberry,54,3,217,1
BP17945,Burberry,22,2,81,2
BP17946,Burberry,55,2,283,6
BP17947,Burberry,19,3,136,2
BP17948,Burberry,23,0,98,2
BP17949,Burberry,27,2,111,2
BP17950,Burberry,22,1,77,1
BP17951,Burberry,31,1,77,0
BP17952,Burberry,22,2,98,1
BP17953,Burberry,26,1,98,1
BP17954,Burberry,43,1,206,1
BP17955,Burberry,43,0,133,3
BP17956,Burberry,28,0,138,0
BP17957,Burberry,32,1,90,0
BP17958,Burberry,36,1,118,0
BP17959,Burberry,31,1,127,2
BP17960,Burberry,34,0,105,3
BP17961,Burberry,30,0,85,2
BP17962,Burberry,21,1,66,0
BP17963,Burberry,50,2,199,6
BP17964,Burberry,40,2,122,0
BP17965,Burberry,20,3,101,0
BP17966,Burberry,11,2,75,1
BP17967,Burberry,48,1,231,1
BP17968,Burberry,14,1,52,0
BP17969,Burberry,36,2,152,0
BP17970,Burberry,13,0,54,0
BP17971,Burberry,18,2,93,0
BP17972,Burberry,8,1,48,0
BP17973,Burberry,18,0,117,1
BP17974,Burberry,21,1,115,3
BP17975,Burberry,81,3,346,6
BP17976,Burberry,11,0,75,1
BP17977,Burberry,23,2,159,4
BP17978,Burberry,11,0,72,1
BP17979,Burberry,33,0,0,0
BP17980,Burberry,15,2,53,1
BP17981,Burberry,18,0,82,1
BP17982,Burberry,21,0,65,3
BP17983,Burberry,19,0,89,1
BP17984,Burberry,25,1,132,2
BP17985,Burberry,17,1,71,0
BP17986,Burberry,23,2,114,2
BP17987,Burberry,14,0,57,0
BP17988,Burberry,32,5,214,4
BP17989,Burberry,16,1,61,2
BP17990,Burberry,22,0,85,1
BP17991,Burberry,30,2,99,8
BP17992,Burberry,45,2,227,2
BP17993,Burberry,21,0,60,1
BP17994,Burberry,12,0,66,1
BP17995,Burberry,13,0,68,2
BP17996,Burberry,14,0,66,0
BP17997,Burberry,13,1,84,0
BP17998,Burberry,10,1,60,0
BP17999,Burberry,20,1,141,2
BP18000,Burberry,64,0,309,4
BP18001,Burberry,40,3,142,3
BP18002,Burberry,37,2,124,2
BP18003,Burberry,18,2,62,1
BP18004,Burberry,92,2,358,10
BP18005,Burberry,6,1,43,1
BP18006,Burberry,17,0,84,0
BP18007,Burberry,9,0,55,0
BP18008,Burberry,41,7,196,11
BP18009,Burberry,9,0,51,0
BP18010,Burberry,28,2,119,0
BP18011,Burberry,30,0,101,1
BP18012,Burberry,43,7,435,10
BP18013,Burberry,1399,370,1395,57
BP18014,Burberry,26,0,108,0
BP18015,Burberry,19,0,97,2
BP18016,Burberry,31,1,121,1
BP18017,Burberry,25,1,167,1
BP18018,Burberry,29,0,137,1
BP18019,Burberry,63,5,333,2
BP18020,Burberry,22,2,102,2
BP18021,Burberry,22,0,113,2
BP18022,Burberry,13,1,89,0
BP18023,Burberry,17,1,95,1
BP18024,Burberry,22,0,92,0
BP18025,Burberry,598,27,832,26
BP18026,Burberry,16,1,51,0
BP18027,Burberry,50,1,152,4
BP18028,Burberry,144,10,552,14
BP18029,Burberry,17,1,89,0
BP18030,Burberry,22,0,97,0
BP18031,Burberry,25,1,127,0
BP18032,Burberry,25,0,85,2
BP18033,Burberry,24,0,78,1
BP18034,Burberry,17,1,73,0
BP18035,Burberry,9,1,53,1
BP18036,Burberry,23,1,69,1
BP18037,Burberry,34,1,158,2
BP18038,Burberry,15,0,96,0
BP18039,Burberry,1618,433,1895,88
BP18040,Burberry,19,2,106,0
BP18041,Burberry,19,1,94,0
BP18042,Burberry,32,2,159,0
BP18043,Burberry,33,1,144,1
BP18044,Burberry,29,2,144,1
BP18045,Burberry,27,3,109,0
BP18046,Burberry,106,1,430,5
BP18047,Burberry,17,1,101,0
BP18048,Burberry,26,1,146,2
BP18049,Burberry,8,1,52,1
BP18050,Burberry,7,0,51,1
BP18051,Burberry,497,70,555,23
BP18052,Burberry,38,0,144,0
BP18053,Burberry,27,0,125,4
BP18054,Burberry,36,1,177,5
BP18055,Burberry,15,0,78,1
BP18056,Burberry,24,2,173,1
BP18057,Burberry,38,0,151,0
BP18058,Burberry,27,2,123,1
BP18059,Burberry,36,0,173,0
BP18060,Burberry,19,0,97,2
BP18061,Burberry,136,1,378,4
BP18062,Burberry,64,1,275,3
BP18063,Burberry,72,4,391,4
BP18064,Burberry,15,3,104,0
BP18065,Burberry,29,0,122,2
BP18066,Burberry,47,4,164,3
BP18067,Burberry,35,2,178,1
BP18068,Burberry,38,1,140,1
BP18069,Burberry,10,3,59,0
BP18070,Burberry,25,0,73,0
BP18071,Burberry,37,2,133,2
BP18072,Burberry,16,0,60,0
BP18073,Burberry,26,0,98,2
BP18074,Burberry,14,1,69,1
BP18075,Burberry,33,3,190,1
BP18076,Burberry,26,1,112,4
BP18077,Burberry,7,1,71,0
BP18078,Burberry,20,0,79,2
BP18079,Burberry,23,0,101,0
BP18080,Burberry,25,0,0,0
BP18081,Burberry,26,2,74,1
BP18082,Burberry,31,3,130,0
BP18083,Burberry,27,0,148,1
BP18084,Burberry,25,1,127,3
BP18085,Burberry,41,3,164,4
BP18086,Burberry,21,2,97,1
BP18087,Burberry,20,1,104,2
BP18088,Burberry,29,2,191,4
BP18089,Burberry,32,0,135,1
BP18090,Burberry,17,0,125,2
BP18091,Burberry,15,1,34,0
BP18092,Burberry,14,0,41,0
BP18093,Burberry,16,0,83,2
BP18094,Burberry,13,2,71,1
BP18095,Burberry,27,2,105,3
BP18096,Burberry,42,1,160,1
BP18097,Burberry,27,0,111,0
BP18098,Burberry,21,0,90,1
BP18099,Burberry,26,2,77,2
BP18100,Burberry,12,2,67,3
BP18101,Burberry,34,1,138,6
BP18102,Burberry,22,3,131,2
BP18103,Burberry,23,1,123,0
BP18104,Burberry,7,0,36,0
BP18105,Burberry,10,1,57,0
BP18106,Burberry,17,1,112,1
BP18107,Burberry,30,1,131,0
BP18108,Burberry,1280,89,1267,42
BP18109,Burberry,17,0,89,2
BP18110,Burberry,13,1,80,2
BP18111,Burberry,13,2,85,0
BP18112,Burberry,9,0,62,1
BP18113,Burberry,6,1,59,0
BP18114,Burberry,18,0,87,0
BP18115,Burberry,8,0,42,0
BP18116,Burberry,12,0,60,1
BP18117,Burberry,11,0,92,3
BP18118,Burberry,11,0,49,1
BP18119,Burberry,34,0,150,0
BP18120,Burberry,8,0,94,1
BP18121,Burberry,30,1,131,1
BP18122,Burberry,19,0,80,0
BP18123,Burberry,19,1,120,2
BP18124,Burberry,20,0,94,0
BP18125,Burberry,35,0,220,0
BP18126,Burberry,61,14,392,11
BP18127,Burberry,14,0,67,0
BP18128,Burberry,15,0,61,1
BP18129,Burberry,19,0,85,1
BP18130,Burberry,18,1,59,2
BP18131,Burberry,26,1,110,2
BP18132,Burberry,21,5,156,2
BP18133,Burberry,4,0,28,0
BP18134,Burberry,15,0,84,2
BP18135,Burberry,42,0,153,0
BP18136,Burberry,12,0,74,1
BP18137,Burberry,19,1,94,0
BP18138,Burberry,18,1,75,3
BP18139,Burberry,209,310,2788,332
BP18140,Burberry,21,1,77,1
BP18141,Burberry,52,2,155,3
BP18142,Burberry,16,0,96,2
BP18143,Burberry,56,0,328,3
BP18144,Burberry,23,1,70,1
BP18145,Burberry,9,3,126,5
BP18146,Burberry,11,0,68,0
BP18147,Burberry,11,0,64,1
BP18148,Burberry,28,1,124,0
BP18149,Burberry,16,3,75,0
BP18150,Burberry,13,0,63,2
BP18151,Burberry,25,1,133,3
BP18152,Burberry,15,0,72,1
BP18153,Burberry,13,2,75,1
BP18154,Burberry,60,6,186,2
BP18155,Burberry,11,0,67,2
BP18156,Burberry,25,4,166,0
BP18157,Burberry,35,4,115,2
BP18158,Burberry,35,3,204,0
BP18159,Burberry,5,1,61,0
BP18160,Burberry,21,1,119,0
BP18161,Burberry,25,2,89,1
BP18162,Burberry,51,0,161,2
BP18163,Burberry,31,1,120,1
BP18164,Burberry,39,1,121,1
BP18165,Burberry,20,3,65,2
BP18166,Burberry,27,0,112,1
BP18167,Burberry,20,1,78,0
BP18168,Burberry,37,1,138,3
BP18169,Burberry,15,0,84,0
BP18170,Burberry,101,13,290,21
BP18171,Burberry,26,1,163,2
BP18172,Burberry,19,0,100,0
BP18173,Burberry,83,4,533,9
BP18174,Burberry,12,2,76,1
BP18175,Burberry,33,0,148,1
BP18176,Burberry,25,0,139,0
BP18177,Burberry,43,1,170,2
BP18178,Burberry,19,1,88,0
BP18179,Burberry,31,2,127,3
BP18180,Burberry,26,2,115,2
BP18181,Burberry,44,2,209,2
BP18182,Burberry,61,2,231,2
BP18183,Burberry,24,0,88,0
BP18184,Burberry,34,1,129,4
BP18185,Burberry,1092,117,7168,436
BP18186,Burberry,37,2,145,7
BP18187,Burberry,29,0,80,8
BP18188,Burberry,17,2,75,0
BP18189,Burberry,2782,56,2844,77
BP18190,Burberry,26,2,80,2
BP18191,Burberry,45,3,348,7
BP18192,Burberry,43,1,130,4
BP18193,Burberry,38,3,202,6
BP18194,Burberry,26,0,111,0
BP18195,Burberry,62,9,246,7
BP18196,Burberry,2006,68,1911,92
BP18197,Burberry,20,5,157,1
BP18198,Burberry,328,37,3087,46
BP18199,Burberry,201,31,944,38
BP18200,Burberry,250,22,1132,41
BP18201,Burberry,4424,102,4774,246
BP18202,Burberry,249,16,552,13
BP18203,Burberry,61,7,204,2
BP18204,Burberry,50,1,185,2
BP18205,Burberry,444,18,2107,72
BP18206,Burberry,53,5,199,1
BP18207,Burberry,65,14,270,15
BP18208,Burberry,96,15,303,15
BP18209,Burberry,300,45,1998,45
BP18210,Burberry,55,0,160,3
BP18211,Burberry,49,0,102,3
BP18212,Burberry,218,24,1085,52
BP18213,Burberry,0,0,6,0
BP18214,Burberry,37,3,193,2
BP18215,Burberry,1510,264,1667,83
BP18216,Burberry,17,2,76,2
BP18217,Burberry,661,20,938,50
BP18218,Burberry,43,1,179,3
BP18219,Burberry,24,1,111,2
BP18220,Burberry,52,1,286,7
BP18221,Burberry,50,1,210,1
BP18222,Burberry,53,0,190,4
BP18223,Burberry,18,4,117,2
BP18224,Burberry,41,1,216,1
BP18225,Burberry,17,0,111,0
BP18226,Burberry,45,3,419,24
BP18227,Burberry,4005,117,4103,238
BP18228,Burberry,4606,113,4798,253
BP18229,Burberry,3310,80,3556,148
BP18230,Burberry,49,3,177,4
BP18231,Burberry,20,2,110,1
BP18232,Burberry,17,1,119,1
BP18233,Burberry,1134,104,8638,131
BP18234,Burberry,62,3,285,3
BP18235,Burberry,44,1,161,0
BP18236,Burberry,28,1,127,1
BP18237,Burberry,83,1,203,2
BP18238,Burberry,157,0,204,7
BP18239,Burberry,44,1,139,0
BP18240,Burberry,99,1,265,8
BP18241,Burberry,16,2,94,1
BP18242,Burberry,61,0,271,2
BP18243,Burberry,30,1,123,2
BP18244,Burberry,20,0,105,2
BP18245,Burberry,44,1,203,2
BP18246,Burberry,32,0,216,0
BP18247,Burberry,54,2,246,2
BP18248,Burberry,15,0,102,1
BP18249,Burberry,56,1,266,4
BP18250,Burberry,40,0,154,3
BP18251,Burberry,59,0,181,1
BP18252,Burberry,17,0,62,0
BP18253,Burberry,73,2,214,14
BP18254,Burberry,443,19,1842,127
BP18255,Burberry,18,3,116,1
BP18256,Burberry,376,50,2719,122
BP18257,Burberry,13,1,76,0
BP18258,Burberry,11,0,76,1
BP18259,Burberry,26,3,130,0
BP18260,Burberry,24,2,105,1
BP18261,Burberry,18,2,112,0
BP18262,Burberry,29,2,121,1
BP18263,Burberry,19,0,100,1
BP18264,Burberry,10,2,69,0
BP18265,Burberry,42,2,246,3
BP18266,Burberry,14,1,87,0
BP18267,Burberry,28,0,157,2
BP18268,Burberry,53,4,153,2
BP18269,Burberry,33,0,111,1
BP18270,Burberry,47,0,134,0
BP18271,Burberry,48,2,203,1
BP18272,Burberry,195,73,1268,94
BP18273,Burberry,17,0,57,0
BP18274,Burberry,55,8,379,11
BP18275,Burberry,49,5,250,10
BP18276,Burberry,48,3,199,9
BP18277,Burberry,26,2,93,0
BP18278,Burberry,50,4,257,4
BP18279,Burberry,24,3,88,0
BP18280,Burberry,27,2,104,0
BP18281,Burberry,20,0,96,0
BP18282,Burberry,34,0,130,1
BP18283,Burberry,18,0,94,1
BP18284,Burberry,18,0,92,0
BP18285,Burberry,33,2,117,0
BP18286,Burberry,28,0,92,0
BP18287,Burberry,27,1,130,1
BP18288,Burberry,28,1,126,2
BP18289,Burberry,320,37,2431,72
BP18290,Burberry,41,1,191,3
BP18291,Burberry,108,3,364,9
BP18292,Burberry,69,17,322,6
BP18293,Burberry,18,0,57,0
BP18294,Burberry,25,0,132,0
BP18295,Burberry,12,0,102,3
BP18296,Burberry,56,0,182,1
BP18297,Burberry,14,0,82,0
BP18298,Burberry,32,5,168,2
BP18299,Burberry,76,0,202,8
BP18300,Burberry,16,1,107,0
BP18301,Burberry,256,92,2158,90
BP18302,Burberry,17,6,119,7
BP18303,Burberry,36,2,146,3
BP18304,Burberry,33,4,209,3
BP18305,Burberry,16,0,94,1
BP18306,Burberry,29,0,135,1
BP18307,Burberry,30,5,125,5
BP18308,Burberry,56,2,259,5
BP18309,Burberry,26,2,178,4
BP18310,Burberry,17,0,75,1
BP18311,Burberry,23,3,107,0
BP18312,Burberry,71,2,266,3
BP18313,Burberry,42,2,170,2
BP18314,Burberry,112,100,984,13
BP18315,Burberry,43,150,152,1
BP18316,Burberry,21,3,103,0
BP18317,Burberry,17,1,106,1
BP18318,Burberry,204,28,1750,75
BP18319,Burberry,32,3,186,1
BP18320,Burberry,21,3,72,1
BP18321,Burberry,29,0,72,0
BP18322,Burberry,42,0,105,0
BP18323,Burberry,48,0,169,0
BP18324,Burberry,61,1,169,1
BP18325,Burberry,39,2,181,7
BP18326,Burberry,23,2,110,0
BP18327,Burberry,46,242,202,0
BP18328,Burberry,47,0,151,1
BP18329,Burberry,19,0,112,2
BP18330,Burberry,30,79,178,1
BP18331,Burberry,36,62,182,3
BP18332,Burberry,36,0,161,1
BP18333,Burberry,67,309,361,5
BP18334,Burberry,90,5,274,4
BP18335,Burberry,181,60,1508,305
BP18336,Burberry,70,82,656,152
BP18337,Burberry,41,2,140,2
BP18338,Burberry,26,6,102,2
BP18339,Burberry,16,7,94,3
BP18340,Burberry,44,2,137,5
BP18341,Burberry,39,3,162,0
BP18342,Burberry,30,3,107,2
BP18343,Burberry,27,1,84,2
BP18344,Burberry,40,2,158,0
BP18345,Burberry,32,1,87,0
BP18346,Burberry,33,1,79,1
BP18347,Burberry,27,0,70,0
BP18348,Burberry,826,39,778,28
BP18349,Burberry,37,2,157,12
BP18350,Burberry,40,2,147,2
BP18351,Burberry,25,1,160,3
BP18352,Burberry,28,0,124,0
BP18353,Burberry,20,1,116,3
BP18354,Burberry,27,1,118,0
BP18355,Burberry,118,4,404,22
BP18356,Burberry,23,1,110,2
BP18357,Burberry,22,0,111,0
BP18358,Burberry,19,0,75,2
BP18359,Burberry,55,1,178,3
BP18360,Burberry,26,0,123,1
BP18361,Burberry,54,2,232,3
BP18362,Burberry,24,1,129,0
BP18363,Burberry,40,5,147,1
BP18364,Burberry,1144,20,919,27
BP18365,Burberry,38,1,135,1
BP18366,Burberry,27,2,94,2
BP18367,Burberry,33,0,116,2
BP18368,Burberry,17,0,77,1
BP18369,Burberry,26,1,87,1
BP18370,Burberry,40,0,139,1
BP18371,Burberry,28,2,134,2
BP18372,Burberry,33,1,110,0
BP18373,Burberry,31,2,180,1
BP18374,Burberry,24,0,129,1
BP18375,Burberry,50,3,162,10
BP18376,Burberry,19,1,73,2
BP18377,Burberry,30,1,132,2
BP18378,Burberry,30,2,141,5
BP18379,Burberry,20,1,87,0
BP18380,Burberry,61,2,205,9
BP18381,Burberry,27,0,115,1
BP18382,Burberry,23,3,120,3
BP18383,Burberry,58,2,235,4
BP18384,Burberry,15,0,86,0
BP18385,Burberry,18,1,85,1
BP18386,Burberry,30,0,108,0
BP18387,Burberry,18,0,103,2
BP18388,Burberry,38,0,129,1
BP18389,Burberry,24,1,121,1
BP18390,Burberry,38,3,162,6
BP18391,Burberry,41,2,125,1
BP18392,Burberry,28,1,109,0
BP18393,Burberry,28,2,103,0
BP18394,Burberry,950,42,929,39
BP18395,Burberry,57,0,237,2
BP18396,Burberry,32,1,146,1
BP18397,Burberry,7,2,39,0
BP18398,Burberry,144,4,424,4
BP18399,Burberry,44,0,178,2
BP18400,Burberry,44,0,91,2
BP18401,Burberry,23,1,114,0
BP18402,Burberry,35,3,147,4
BP18403,Burberry,42,2,149,3
BP18404,Burberry,13,1,75,1
BP18405,Burberry,16,0,110,0
BP18406,Burberry,62,1,289,1
BP18407,Burberry,18,2,80,1
BP18408,Burberry,22,1,115,5
BP18409,Burberry,53,4,257,6
BP18410,Burberry,44,2,222,4
BP18411,Burberry,79,8,313,23
BP18412,Burberry,34,4,218,9
BP18413,Burberry,48,1,193,0
BP18414,Burberry,51,3,162,2
BP18415,Burberry,42,3,211,3
BP18416,Burberry,49,3,317,5
BP18417,Burberry,52,3,282,6
BP18418,Burberry,10,0,63,0
BP18419,Burberry,38,2,173,2
BP18420,Burberry,34,1,156,2
BP18421,Burberry,51,2,216,2
BP18422,Burberry,6,1,54,0
BP18423,Burberry,35,0,154,1
BP18424,Burberry,24,1,81,0
BP18425,Burberry,53,1,176,5
BP18426,Burberry,21,1,129,4
BP18427,Burberry,20,0,82,0
BP18428,Burberry,23,0,123,2
BP18429,Burberry,33,0,180,2
BP18430,Burberry,37,0,122,0
BP18431,Burberry,17,1,130,0
BP18432,Burberry,37,3,184,4
BP18433,Burberry,26,1,118,1
BP18434,Burberry,32,0,138,1
BP18435,Burberry,45,2,192,2
BP18436,Burberry,32,3,147,1
BP18437,Burberry,31,0,138,1
BP18438,Burberry,31,0,118,5
BP18439,Burberry,25,0,98,0
BP18440,Burberry,40,4,190,1
BP18441,Burberry,39,2,180,1
BP18442,Burberry,27,0,114,3
BP18443,Burberry,11,1,39,0
BP18444,Burberry,65,1,186,2
BP18445,Burberry,35,0,127,1
BP18446,Burberry,65,0,95,0
BP18447,Burberry,28,0,109,0
BP18448,Burberry,22,0,130,0
BP18449,Burberry,21,1,107,2
BP18450,Burberry,102,6,414,16
BP18451,Burberry,15,1,99,1
BP18452,Burberry,32,1,94,0
BP18453,Burberry,21,1,124,1
BP18454,Burberry,14,0,63,1
BP18455,Burberry,51,2,334,12
BP18456,Burberry,33,1,160,3
BP18457,Burberry,27,0,94,2
BP18458,Burberry,57,1,177,2
BP18459,Burberry,32,4,153,0
BP18460,Burberry,61,1,147,3
BP18461,Burberry,55,3,175,3
BP18462,Burberry,43,0,144,2
BP18463,Burberry,44,1,149,6
BP18464,Burberry,49,1,172,0
BP18465,Burberry,32,0,163,1
BP18466,Burberry,27,1,120,3
BP18467,Burberry,28,0,137,1
BP18468,Burberry,65,5,233,5
BP18469,Burberry,30,0,162,3
BP18470,Burberry,67,2,285,9
BP18471,Burberry,41,1,166,1
BP18472,Burberry,40,1,144,3
BP18473,Burberry,13,1,54,0
BP18474,Burberry,16,0,74,2
BP18475,Burberry,71,3,494,5
BP18476,Burberry,18,0,92,0
BP18477,Burberry,16,2,81,0
BP18478,Burberry,23,0,122,2
BP18479,Burberry,57,2,148,2
BP18480,Burberry,27,2,138,2
BP18481,Burberry,23,0,93,0
BP18482,Burberry,7,0,27,0
BP18483,Burberry,49,2,225,5
BP18484,Burberry,31,0,104,0
BP18485,Burberry,33,0,116,7
BP18486,Burberry,27,2,102,1
BP18487,Burberry,41,3,134,16
BP18488,Burberry,57,2,120,5
BP18489,Burberry,25,1,126,0
BP18490,Burberry,13,0,83,0
BP18491,Burberry,25,0,100,1
BP18492,Burberry,110,1,276,16
BP18493,Burberry,32,1,102,3
BP18494,Burberry,56,0,81,0
BP18495,Burberry,52,2,226,2
BP18496,Burberry,11,0,68,0
BP18497,Burberry,7,0,57,0
BP18498,Burberry,9,0,70,0
BP18499,Burberry,32,3,137,2
BP18500,Burberry,17,1,82,0
BP18501,Burberry,32,1,157,2
BP18502,Burberry,18,0,81,3
BP18503,Burberry,50,4,199,5
BP18504,Burberry,416,11,1693,65
BP18505,Burberry,22,2,89,0
BP18506,Burberry,18,1,62,0
BP18507,Burberry,36,2,134,3
BP18508,Burberry,42,3,209,2
BP18509,Burberry,41,2,139,1
BP18510,Burberry,34,0,75,0
BP18511,Burberry,33,0,74,2
BP18512,Burberry,37,0,91,1
BP18513,Burberry,50,1,208,1
BP18514,Burberry,52,1,195,1
BP18515,Burberry,55,0,200,1
BP18516,Burberry,31,4,147,4
BP18517,Burberry,34,3,137,1
BP18518,Burberry,27,0,118,0
BP18519,Burberry,29,0,138,1
BP18520,Burberry,39,1,159,1
BP18521,Burberry,36,3,186,0
BP18522,Burberry,31,1,137,1
BP18523,Burberry,29,1,130,2
BP18524,Burberry,21,3,97,0
BP18525,Burberry,43,2,125,1
BP18526,Burberry,33,0,133,3
BP18527,Burberry,9,0,43,0
BP18528,Burberry,14,1,109,1
BP18529,Burberry,40,0,108,0
BP18530,Burberry,35,3,193,0
BP18531,Burberry,23,0,145,0
BP18532,Burberry,40,3,173,1
BP18533,Burberry,35,1,135,1
BP18534,Burberry,50,3,243,0
BP18535,Burberry,69,1,123,2
BP18536,Burberry,54,1,148,0
BP18537,Burberry,50,0,157,0
BP18538,Burberry,23,0,116,0
BP18539,Burberry,16,1,86,0
BP18540,Burberry,33,0,154,0
BP18541,Burberry,16,1,111,1
BP18542,Burberry,71,1,141,0
BP18543,Burberry,35,0,127,2
BP18544,Burberry,33,0,172,1
BP18545,Burberry,46,1,167,1
BP18546,Burberry,82,5,251,4
BP18547,Burberry,66,1,132,1
BP18548,Burberry,66,2,170,3
BP18549,Burberry,25,1,79,1
BP18550,Burberry,32,1,106,2
BP18551,Burberry,8,0,45,0
BP18552,Burberry,23,1,81,1
BP18553,Burberry,34,2,137,0
BP18554,Burberry,137,9,920,10
BP18555,Burberry,20,2,82,1
BP18556,Burberry,17,0,70,1
BP18557,Burberry,20,2,84,0
BP18558,Burberry,36,0,133,1
BP18559,Burberry,29,1,97,3
BP18560,Burberry,28,1,106,0
BP18561,Burberry,26,1,95,2
BP18562,Burberry,56,2,189,3
BP18563,Burberry,25,0,106,1
BP18564,Burberry,22,3,92,1
BP18565,Burberry,18,0,84,0
BP18566,Burberry,2340,31,5227,139
BP18567,Burberry,37,0,145,1
BP18568,Burberry,31,3,106,1
BP18569,Burberry,19,1,88,0
BP18570,Burberry,11,0,58,0
BP18571,Burberry,19,0,117,0
BP18572,Burberry,26,2,102,0
BP18573,Burberry,30,1,151,1
BP18574,Burberry,36,2,129,2
BP18575,Burberry,12,0,82,0
BP18576,Burberry,29,0,101,0
BP18577,Burberry,26,0,128,2
BP18578,Burberry,38,1,143,2
BP18579,Burberry,39,5,208,2
BP18580,Burberry,85,2,231,1
BP18581,Burberry,30,1,86,2
BP18582,Burberry,22,1,113,4
BP18583,Burberry,34,4,180,0
BP18584,Burberry,39,1,147,7
BP18585,Burberry,29,2,113,4
BP18586,Burberry,8,0,36,0
BP18587,Burberry,2027,23,4749,28
BP18588,Burberry,26,0,113,1
BP18589,Burberry,47,0,217,1
BP18590,Burberry,30,1,129,2
BP18591,Burberry,52,0,247,2
BP18592,Burberry,30,0,65,0
BP18593,Burberry,18,0,53,0
BP18594,Burberry,21,2,81,1
BP18595,Burberry,15,1,73,0
BP18596,Burberry,22,1,121,0
BP18597,Burberry,18,0,72,0
BP18598,Burberry,37,1,112,2
BP18599,Burberry,62,1,187,0
BP18600,Burberry,24,7,135,3
BP18601,Burberry,25,2,117,1
BP18602,Burberry,28,0,126,1
BP18603,Burberry,51,3,170,2
BP18604,Burberry,35,0,154,2
BP18605,Burberry,64,2,256,7
BP18606,Burberry,62,0,198,5
BP18607,Burberry,112,7,364,12
BP18608,Burberry,77,2,339,7
BP18609,Burberry,43,2,264,7
BP18610,Burberry,64,2,273,10
BP18611,Burberry,30,2,123,2
BP18612,Burberry,10,1,50,0
BP18613,Burberry,42,0,151,0
BP18614,Burberry,54,1,153,1
BP18615,Burberry,58,1,175,1
BP18616,Burberry,28,0,99,0
BP18617,Burberry,21,0,102,2
BP18618,Burberry,45,0,193,1
BP18619,Burberry,51,0,176,3
BP18620,Burberry,35,2,141,4
BP18621,Burberry,56,0,164,3
BP18622,Burberry,25,0,87,1
BP18623,Burberry,26,0,145,3
BP18624,Burberry,20,2,59,2
BP18625,Burberry,38,1,101,4
BP18626,Burberry,28,0,45,1
BP18627,Burberry,48,4,85,1
BP18628,Burberry,36,1,102,2
BP18629,Burberry,40,0,141,4
BP18630,Burberry,46,4,142,8
BP18631,Burberry,25,1,102,3
BP18632,Burberry,72,5,294,10
BP18633,Burberry,301,89,1796,55
BP18634,Burberry,54,2,208,6
BP18635,Burberry,272,16,1175,31
BP18636,Burberry,166,3,471,21
BP18637,Burberry,491,16,1921,103
BP18638,Burberry,415,3,1007,46
BP18639,Burberry,192,2,342,18
BP18640,Burberry,56,3,175,10
BP18641,Burberry,31,1,110,5
BP18642,Burberry,135,1,420,14
BP18643,Burberry,27,0,122,3
BP18644,Burberry,72,5,138,5
BP18645,Burberry,127,1,335,19
BP18646,Burberry,109,3,364,2
BP18647,Burberry,102,2,342,12
BP18648,Burberry,135,2,204,4
BP18649,Burberry,131,6,302,10
BP18650,Burberry,67,0,157,3
BP18651,Burberry,143,2,389,8
BP18652,Burberry,54,5,142,4
BP18653,Burberry,11,0,48,2
BP18654,Burberry,47,1,118,0
BP18655,Burberry,30,0,131,1
BP18656,Burberry,75,3,198,1
BP18657,Burberry,103,3,326,1
BP18658,Burberry,98,1,206,1
BP18659,Burberry,21,1,119,1
BP18660,Burberry,165,7,694,14
BP18661,Burberry,18,1,104,1
BP18662,Burberry,34,1,170,3
BP18663,Burberry,48,2,165,1
BP18664,Burberry,31,2,150,1
BP18665,Burberry,25,1,91,0
BP18666,Burberry,51,0,165,1
BP18667,Burberry,42,4,199,1
BP18668,Burberry,49,1,161,4
BP18669,Burberry,62,0,247,3
BP18670,Burberry,30,0,125,0
BP18671,Burberry,96,1,176,2
BP18672,Burberry,9,0,41,0
BP18673,Burberry,27,1,97,2
BP18674,Burberry,20,1,107,0
BP18675,Burberry,26,1,84,2
BP18676,Burberry,17,0,69,0
BP18677,Burberry,109,3,186,4
BP18678,Burberry,67,4,446,3
BP18679,Burberry,29,2,146,4
BP18680,Burberry,28,1,89,2
BP18681,Burberry,64,2,333,3
BP18682,Burberry,57,4,179,3
BP18683,Burberry,70,4,287,4
BP18684,Burberry,1057,27,751,38
BP18685,Burberry,29,0,118,1
BP18686,Burberry,55,0,147,4
BP18687,Burberry,40,1,118,0
BP18688,Burberry,39,5,154,2
BP18689,Burberry,28,1,74,0
BP18690,Burberry,32,2,125,3
BP18691,Burberry,22,1,78,0
BP18692,Burberry,78,3,210,11
BP18693,Burberry,48,2,118,1
BP18694,Burberry,38,2,128,1
BP18695,Burberry,16,1,100,0
BP18696,Burberry,29,0,142,1
BP18697,Burberry,21,1,122,0
BP18698,Burberry,7,1,86,0
BP18699,Burberry,14,1,90,1
BP18700,Burberry,12,1,88,0
BP18701,Burberry,20,0,88,0
BP18702,Burberry,15,1,96,1
BP18703,Burberry,17,3,106,2
BP18704,Burberry,12,1,55,0
BP18705,Burberry,13,0,57,1
BP18706,Burberry,16,0,47,2
BP18707,Burberry,57,2,33,0
BP18708,Burberry,59,19,566,11
BP18709,Burberry,22,6,171,5
BP18710,Burberry,16,0,86,2
BP18711,Burberry,251,6,1061,35
BP18712,Burberry,15,1,85,0
BP18713,Burberry,64,4,219,9
BP18714,Burberry,76,0,137,2
BP18715,Burberry,25,0,114,0
BP18716,Burberry,8,0,78,1
BP18717,Burberry,37,1,173,10
BP18718,Burberry,21,0,111,0
BP18719,Burberry,23,4,118,3
BP18720,Burberry,25,0,108,0
BP18721,Burberry,48,2,126,0
BP18722,Burberry,93,2,272,3
BP18723,Burberry,51,1,131,2
BP18724,Burberry,73,1,184,2
BP18725,Burberry,63,2,154,4
BP18726,Burberry,35,0,67,0
BP18727,Burberry,64,5,206,1
BP18728,Burberry,1653,40,1157,53
BP18729,Burberry,64,1,205,7
BP18730,Burberry,72,3,275,4
BP18731,Burberry,23,0,110,0
BP18732,Burberry,35,0,134,2
BP18733,Burberry,35,0,154,0
BP18734,Burberry,38,2,74,0
BP18735,Burberry,2411,70,1592,121
BP18736,Burberry,15,3,81,0
BP18737,Burberry,41,0,123,2
BP18738,Burberry,13,2,77,0
BP18739,Burberry,28,1,75,0
BP18740,Burberry,33,2,122,1
BP18741,Burberry,42,0,142,2
BP18742,Burberry,26,1,117,2
BP18743,Burberry,25,1,114,1
BP18744,Burberry,21,0,127,1
BP18745,Burberry,35,2,154,2
BP18746,Burberry,26,2,122,4
BP18747,Burberry,20,1,70,1
BP18748,Burberry,34,0,121,0
BP18749,Burberry,17,0,89,0
BP18750,Burberry,44,0,139,3
BP18751,Burberry,32,1,177,1
BP18752,Burberry,50,3,184,3
BP18753,Burberry,34,1,186,1
BP18754,Burberry,41,1,130,4
BP18755,Burberry,96,2,365,3
BP18756,Burberry,26,0,96,3
BP18757,Burberry,35,2,99,6
BP18758,Burberry,30,0,115,1
BP18759,Burberry,34,1,131,1
BP18760,Burberry,38,2,162,3
BP18761,Burberry,34,1,105,1
BP18762,Burberry,44,0,171,3
BP18763,Burberry,73,3,188,1
BP18764,Burberry,64,1,203,4
BP18765,Burberry,33,1,89,0
BP18766,Burberry,23,2,107,0
BP18767,Burberry,18,1,98,0
BP18768,Burberry,38,3,168,4
BP18769,Burberry,24,0,79,1
BP18770,Burberry,36,0,126,1
BP18771,Burberry,65,0,176,0
BP18772,Burberry,46,0,161,0
BP18773,Burberry,32,1,139,1
BP18774,Burberry,64,1,232,2
BP18775,Burberry,26,0,111,1
BP18776,Burberry,27,1,93,2
BP18777,Burberry,16,1,75,4
BP18778,Burberry,24,0,73,1
BP18779,Burberry,28,0,109,2
BP18780,Burberry,24,0,106,1
BP18781,Burberry,37,0,122,1
BP18782,Burberry,66,2,230,3
BP18783,Burberry,19,1,98,0
BP18784,Burberry,24,1,99,1
BP18785,Burberry,38,3,132,1
BP18786,Burberry,36,3,108,1
BP18787,Burberry,39,1,134,4
BP18788,Burberry,12,1,56,0
BP18789,Burberry,32,2,120,1
BP18790,Burberry,30,1,108,2
BP18791,Burberry,18,1,81,0
BP18792,Burberry,42,2,139,2
BP18793,Burberry,17,4,60,0
BP18794,Burberry,37,2,118,0
BP18795,Burberry,29,5,114,1
BP18796,Burberry,7,1,61,0
BP18797,Burberry,32,2,137,1
BP18798,Burberry,23,1,157,1
BP18799,Burberry,21,0,90,0
BP18800,Burberry,19,1,82,0
BP18801,Burberry,30,2,113,5
BP18802,Burberry,122,3,361,9
BP18803,Burberry,43,1,133,0
BP18804,Burberry,77,3,273,1
BP18805,Burberry,31,0,171,1
BP18806,Burberry,23,0,110,2
BP18807,Burberry,23,0,100,1
BP18808,Burberry,68,1,169,4
BP18809,Burberry,14,0,48,0
BP18810,Burberry,18,1,81,0
BP18811,Burberry,19,1,72,0
BP18812,Burberry,30,0,98,0
BP18813,Burberry,21,0,79,2
BP18814,Burberry,15,0,54,0
BP18815,Burberry,31,3,98,0
BP18816,Burberry,19,1,85,0
BP18817,Burberry,31,0,139,2
BP18818,Burberry,39,3,154,2
BP18819,Burberry,73,2,189,1
BP18820,Burberry,22,0,128,1
BP18821,Burberry,30,1,114,3
BP18822,Burberry,15,1,65,0
BP18823,Burberry,25,0,110,0
BP18824,Burberry,24,0,87,1
BP18825,Burberry,66,3,208,14
BP18826,Burberry,306,13,305,8
BP18827,Burberry,23,0,105,0
BP18828,Burberry,36,0,148,2
BP18829,Burberry,19,0,105,2
BP18830,Burberry,21,0,74,0
BP18831,Burberry,23,0,93,1
BP18832,Burberry,18,0,82,0
BP18833,Burberry,41,1,160,2
BP18834,Burberry,18,0,56,4
BP18835,Burberry,28,0,140,1
BP18836,Burberry,25,2,110,0
BP18837,Burberry,40,1,152,4
BP18838,Burberry,13,0,44,0
BP18839,Burberry,76,3,334,4
BP18840,Burberry,88,4,348,9
BP18841,Burberry,138,5,429,36
BP18842,Burberry,113,5,383,6
BP18843,Burberry,58,2,197,1
BP18844,Burberry,28,1,103,2
BP18845,Burberry,114,1,233,5
BP18846,Burberry,28,0,132,2
BP18847,Burberry,31,1,102,0
BP18848,Burberry,8,0,0,0
BP18849,Burberry,31,2,113,1
BP18850,Burberry,25,1,66,2
BP18851,Burberry,33,1,97,2
BP18852,Burberry,51,0,134,1
BP18853,Burberry,64,2,208,4
BP18854,Burberry,28,0,96,0
BP18855,Burberry,18,0,0,0
BP18856,Burberry,45,0,193,6
BP18857,Burberry,153,5,829,22
BP18858,Burberry,39,2,172,2
BP18859,Burberry,35,4,167,2
BP18860,Burberry,58,0,153,2
BP18861,Burberry,42,1,165,4
BP18862,Burberry,70,12,248,5
BP18863,Burberry,33,0,88,0
BP18864,Burberry,58,2,157,3
BP18865,Burberry,55,1,174,1
BP18866,Burberry,609,40,1842,59
BP18867,Burberry,28,1,108,0
BP18868,Burberry,1262,43,907,35
BP18869,Burberry,30,0,82,2
BP18870,Burberry,25,0,86,1
BP18871,Burberry,1356,43,1066,301
BP18872,Burberry,94,4,299,20
BP18873,Burberry,83,3,200,10
BP18874,Burberry,75,0,249,4
BP18875,Burberry,59,7,249,7
BP18876,Burberry,43,1,139,5
BP18877,Burberry,52,0,157,3
BP18878,Burberry,49,0,139,2
BP18879,Burberry,247,11,685,12
BP18880,Burberry,611,19,646,34
BP18881,Burberry,64,2,256,7
BP18882,Burberry,25,1,58,3
BP18883,Burberry,59,0,146,6
BP18884,Burberry,86,4,181,6
BP18885,Burberry,71,1,171,2
BP18886,Burberry,39,1,98,2
BP18887,Burberry,57,2,222,1
BP18888,Burberry,23,0,74,0
BP18889,Burberry,328,201,1933,121
BP18890,Burberry,50,2,119,3
BP18891,Burberry,42,2,194,7
BP18892,Burberry,52,1,146,8
BP18893,Burberry,106,6,340,13
BP18894,Burberry,1605,48,1215,66
BP18895,Burberry,51,0,119,0
BP18896,Burberry,132,5,258,8
BP18897,Burberry,43,2,117,3
BP18898,Burberry,55,3,165,2
BP18899,Burberry,42,1,137,4
BP18900,Burberry,1215,49,969,43
BP18901,Burberry,93,4,263,9
BP18902,Burberry,206,1,297,5
BP18903,Burberry,52,0,159,1
BP18904,Burberry,83,2,287,5
BP18905,Burberry,32,0,87,9
BP18906,Burberry,31,2,99,1
BP18907,Burberry,78,6,331,6
BP18908,Burberry,29,0,78,0
BP18909,Burberry,45,0,116,1
BP18910,Burberry,40,2,121,1
BP18911,Burberry,122,5,483,4
BP18912,Burberry,35,2,160,4
BP18913,Burberry,69,18,307,32
BP18914,Burberry,77,6,289,23
BP18915,Burberry,62,1,183,3
BP18916,Burberry,115,3,308,7
BP18917,Burberry,125,3,469,17
BP18918,Burberry,32,0,119,0
BP18919,Burberry,46,3,192,3
BP18920,Burberry,42,3,159,4
BP18921,Burberry,30,0,139,4
BP18922,Burberry,16,5,100,2
BP18923,Burberry,45,1,153,1
BP18924,Burberry,24,3,150,3
BP18925,Burberry,71,2,273,4
BP18926,Burberry,45,2,127,0
BP18927,Burberry,54,0,145,7
BP18928,Burberry,30,0,71,0
BP18929,Burberry,33,2,100,0
BP18930,Burberry,63,3,155,2
BP18931,Burberry,55,2,213,4
BP18932,Burberry,48,1,109,1
BP18933,Burberry,35,1,189,1
BP18934,Burberry,31,2,189,0
BP18935,Burberry,17,0,82,2
BP18936,Burberry,30,0,121,1
BP18937,Burberry,23,0,67,4
BP18938,Burberry,117,7,598,28
BP18939,Burberry,106,3,366,3
BP18940,Burberry,78,3,258,1
BP18941,Burberry,76,5,269,10
BP18942,Burberry,40,2,185,4
BP18943,Burberry,35,1,102,1
BP18944,Burberry,36,0,159,5
BP18945,Burberry,46,2,188,7
BP18946,Burberry,6,0,38,0
BP18947,Burberry,25,1,110,1
BP18948,Burberry,84,1,337,3
BP18949,Burberry,24,0,73,1
BP18950,Burberry,53,4,218,5
BP18951,Burberry,52,1,171,2
BP18952,Burberry,90,0,292,5
BP18953,Burberry,49,0,184,3
BP18954,Burberry,97,3,420,15
BP18955,Burberry,35,2,155,3
BP18956,Burberry,40,1,125,1
BP18957,Burberry,47,0,154,3
BP18958,Burberry,46,2,217,2
BP18959,Burberry,31,1,181,0
BP18960,Burberry,26,4,175,0
BP18961,Burberry,22,0,68,2
BP18962,Burberry,65,1,255,2
BP18963,Burberry,36,0,89,0
BP18964,Burberry,35,1,168,0
