public_post_id,brand,entropy_ce_score
BP00001,Chanel,17.22573
BP00002,Chanel,36.27874
BP00003,Chanel,37.67951
BP00004,Chanel,36.43341
BP00005,Chanel,36.09378
BP00006,Chanel,39.62801
BP00007,Chanel,33.09265
BP00008,Chanel,34.69883
BP00009,Chanel,31.9168
BP00010,Chanel,34.358
BP00011,Chanel,31.92942
BP00012,Chanel,33.22117
BP00013,Chanel,30.3893
BP00014,Chanel,34.69801
BP00015,Chanel,32.69416
BP00016,Chanel,33.07478
BP00017,Chanel,31.43063
BP00018,Chanel,31.6227
BP00019,Chanel,37.90591
BP00020,Chanel,32.98857
BP00021,Chanel,31.01812
BP00022,Chanel,32.7467
BP00023,Chanel,33.0176
BP00024,Chanel,33.09828
BP00025,Chanel,30.41686
BP00026,Chanel,18.94245
BP00027,Chanel,18.88731
BP00028,Chanel,33.96191
BP00029,Chanel,30.13289
BP00030,Chanel,32.7587
BP00031,Chanel,31.12419
BP00032,Chanel,17.87235
BP00033,Chanel,34.13365
BP00034,Chanel,32.83791
BP00035,Chanel,31.41854
BP00036,Chanel,34.99542
BP00037,Chanel,34.48115
BP00038,Chanel,37.55114
BP00039,Chanel,33.43734
BP00040,Chanel,35.02043
BP00041,Chanel,36.59856
BP00042,Chanel,34.8396
BP00043,Chanel,34.90969
BP00044,Chanel,36.53756
BP00045,Chanel,33.15444
BP00046,Chanel,32.69286
BP00047,Chanel,32.78452
BP00048,Chanel,34.1991
BP00049,Chanel,33.37842
BP00050,Chanel,33.14255
BP00051,Chanel,34.07866
BP00052,Chanel,31.81008
BP00053,Chanel,33.81749
BP00054,Chanel,33.1468
BP00055,Chanel,34.7574
BP00056,Chanel,32.52055
BP00057,Chanel,34.98664
BP00058,Chanel,35.61727
BP00059,Chanel,33.30757
BP00060,Chanel,35.76969
BP00061,Chanel,18.87276
BP00062,Chanel,33.93208
BP00063,Chanel,34.42841
BP00064,Chanel,32.58566
BP00065,Chanel,36.30833
BP00066,Chanel,35.52381
BP00067,Chanel,39.59942
BP00068,Chanel,32.63786
BP00069,Chanel,19.20022
BP00070,Chanel,32.01572
BP00071,Chanel,18.7248
BP00072,Chanel,31.96179
BP00073,Chanel,35.03263
BP00074,Chanel,33.02416
BP00075,Chanel,32.70446
BP00076,Chanel,19.74358
BP00077,Chanel,35.04905
BP00078,Chanel,33.79947
BP00079,Chanel,31.6217
BP00080,Chanel,33.89807
BP00081,Chanel,33.29819
BP00082,Chanel,35.05664
BP00083,Chanel,31.55552
BP00084,Chanel,36.21132
BP00085,Chanel,36.58924
BP00086,Chanel,18.60828
BP00087,Chanel,19.25229
BP00088,Chanel,19.56023
BP00089,Chanel,32.90184
BP00090,Chanel,32.81292
BP00091,Chanel,19.59071
BP00092,Chanel,32.15791
BP00093,Chanel,42.99481
BP00094,Chanel,19.78602
BP00095,Chanel,35.68213
BP00096,Chanel,31.54272
BP00097,Chanel,33.2094
BP00098,Chanel,32.17556
BP00099,Chanel,31.00202
BP00100,Chanel,31.37798
BP00101,Chanel,19.51524
BP00102,Chanel,46.3912
BP00103,Chanel,18.49508
BP00104,Chanel,32.07648
BP00105,Chanel,32.45034
BP00106,Chanel,18.66647
BP00107,Chanel,32.2485
BP00108,Chanel,32.65568
BP00109,Chanel,31.93295
BP00110,Chanel,33.99934
BP00111,Chanel,51.73368
BP00112,Chanel,32.97937
BP00113,Chanel,32.42726
BP00114,Chanel,31.10006
BP00115,Chanel,32.19186
BP00116,Chanel,33.20074
BP00117,Chanel,31.8538
BP00118,Chanel,33.13413
BP00119,Chanel,32.88862
BP00120,Chanel,31.33185
BP00121,Chanel,34.08496
BP00122,Chanel,31.00021
BP00123,Chanel,19.82482
BP00124,Chanel,34.11577
BP00125,Chanel,34.49337
BP00126,Chanel,33.61259
BP00127,Chanel,35.05484
BP00128,Chanel,32.72086
BP00129,Chanel,35.04038
BP00130,Chanel,38.76232
BP00131,Chanel,31.40195
BP00132,Chanel,33.48393
BP00133,Chanel,32.97686
BP00134,Chanel,35.30801
BP00135,Chanel,35.54355
BP00136,Chanel,33.60744
BP00137,Chanel,33.71118
BP00138,Chanel,32.49296
BP00139,Chanel,34.06269
BP00140,Chanel,36.96958
BP00141,Chanel,35.37365
BP00142,Chanel,34.83477
BP00143,Chanel,39.09391
BP00144,Chanel,38.43991
BP00145,Chanel,35.41718
BP00146,Chanel,31.36921
BP00147,Chanel,31.38345
BP00148,Chanel,34.12206
BP00149,Chanel,33.23335
BP00150,Chanel,32.93861
BP00151,Chanel,36.57941
BP00152,Chanel,35.20355
BP00153,Chanel,32.61392
BP00154,Chanel,18.65779
BP00155,Chanel,38.454
BP00156,Chanel,34.22084
BP00157,Chanel,36.61643
BP00158,Chanel,38.43078
BP00159,Chanel,35.66782
BP00160,Chanel,37.24837
BP00161,Chanel,32.1492
BP00162,Chanel,34.90198
BP00163,Chanel,40.65266
BP00164,Chanel,35.53245
BP00165,Chanel,31.27225
BP00166,Chanel,55.31465
BP00167,Chanel,34.46241
BP00168,Chanel,36.68237
BP00169,Chanel,34.66625
BP00170,Chanel,31.91855
BP00171,Chanel,43.02222
BP00172,Chanel,35.41209
BP00173,Chanel,37.30593
BP00174,Chanel,33.38255
BP00175,Chanel,36.34784
BP00176,Chanel,42.03389
BP00177,Chanel,42.31466
BP00178,Chanel,34.95679
BP00179,Chanel,32.85064
BP00180,Chanel,36.37017
BP00181,Chanel,31.53772
BP00182,Chanel,34.62528
BP00183,Chanel,39.6758
BP00184,Chanel,45.96101
BP00185,Chanel,34.35361
BP00186,Chanel,32.5614
BP00187,Chanel,32.50404
BP00188,Chanel,32.22171
BP00189,Chanel,19.27036
BP00190,Chanel,32.99937
BP00191,Chanel,31.09707
BP00192,Chanel,31.69325
BP00193,Chanel,35.3686
BP00194,Chanel,18.31032
BP00195,Chanel,36.60798
BP00196,Chanel,37.57339
BP00197,Chanel,35.33298
BP00198,Chanel,37.50173
BP00199,Chanel,37.88548
BP00200,Chanel,37.16591
BP00201,Chanel,35.94863
BP00202,Chanel,33.37809
BP00203,Chanel,33.24004
BP00204,Chanel,18.66153
BP00205,Chanel,36.51525
BP00206,Chanel,20.01959
BP00207,Chanel,29.60872
BP00208,Chanel,29.76804
BP00209,Chanel,32.70523
BP00210,Chanel,17.96599
BP00211,Chanel,32.11258
BP00212,Chanel,31.71009
BP00213,Chanel,31.03325
BP00214,Chanel,31.85673
BP00215,Chanel,35.59307
BP00216,Chanel,35.34044
BP00217,Chanel,33.52071
BP00218,Chanel,34.75892
BP00219,Chanel,35.2816
BP00220,Chanel,33.80525
BP00221,Chanel,35.41424
BP00222,Chanel,44.25649
BP00223,Chanel,36.88761
BP00224,Chanel,37.46065
BP00225,Chanel,29.94194
BP00226,Chanel,33.39596
BP00227,Chanel,33.59294
BP00228,Chanel,20.50016
BP00229,Chanel,35.91312
BP00230,Chanel,45.662
BP00231,Chanel,35.80084
BP00232,Chanel,34.415
BP00233,Chanel,37.11048
BP00234,Chanel,38.7691
BP00235,Chanel,44.80883
BP00236,Chanel,36.44456
BP00237,Chanel,33.65062
BP00238,Chanel,59.29027
BP00239,Chanel,31.65767
BP00240,Chanel,35.4363
BP00241,Chanel,31.30582
BP00242,Chanel,30.64872
BP00243,Chanel,42.9989
BP00244,Chanel,30.03393
BP00245,Chanel,35.98564
BP00246,Chanel,38.51139
BP00247,Chanel,34.36252
BP00248,Chanel,41.15714
BP00249,Chanel,37.56521
BP00250,Chanel,43.4269
BP00251,Chanel,33.67422
BP00252,Chanel,18.85996
BP00253,Chanel,35.13078
BP00254,Chanel,36.08619
BP00255,Chanel,43.6
BP00256,Chanel,39.08242
BP00257,Chanel,40.26085
BP00258,Chanel,38.48461
BP00259,Chanel,45.35795
BP00260,Chanel,36.77587
BP00261,Chanel,35.49134
BP00262,Chanel,33.23624
BP00263,Chanel,35.09863
BP00264,Chanel,33.75725
BP00265,Chanel,33.71667
BP00266,Chanel,33.7169
BP00267,Chanel,35.13794
BP00268,Chanel,38.26327
BP00269,Chanel,48.02724
BP00270,Chanel,37.82176
BP00271,Chanel,38.06342
BP00272,Chanel,38.71076
BP00273,Chanel,34.40148
BP00274,Chanel,33.93826
BP00275,Chanel,51.47488
BP00276,Chanel,45.13549
BP00277,Chanel,48.08867
BP00278,Chanel,37.28232
BP00279,Chanel,51.82484
BP00280,Chanel,35.89035
BP00281,Chanel,36.8851
BP00282,Chanel,36.03248
BP00283,Chanel,40.88389
BP00284,Chanel,52.60516
BP00285,Chanel,30.94593
BP00286,Chanel,29.79376
BP00287,Chanel,34.83848
BP00288,Chanel,30.98581
BP00289,Chanel,33.22643
BP00290,Chanel,35.03644
BP00291,Chanel,31.72067
BP00292,Chanel,34.1326
BP00293,Chanel,33.38968
BP00294,Chanel,33.37773
BP00295,Chanel,31.98414
BP00296,Chanel,29.32199
BP00297,Chanel,32.4678
BP00298,Chanel,31.11495
BP00299,Chanel,32.20684
BP00300,Chanel,29.499
BP00301,Chanel,33.15578
BP00302,Chanel,32.83633
BP00303,Chanel,31.35457
BP00304,Chanel,33.55983
BP00305,Chanel,30.65363
BP00306,Chanel,30.94517
BP00307,Chanel,31.08758
BP00308,Chanel,32.72797
BP00309,Chanel,33.75669
BP00310,Chanel,30.00332
BP00311,Chanel,33.55416
BP00312,Chanel,38.25418
BP00313,Chanel,32.76927
BP00314,Chanel,39.25169
BP00315,Chanel,33.55362
BP00316,Chanel,30.48536
BP00317,Chanel,35.64772
BP00318,Chanel,31.29664
BP00319,Chanel,38.19162
BP00320,Chanel,30.35467
BP00321,Chanel,32.59527
BP00322,Chanel,30.94041
BP00323,Chanel,31.78838
BP00324,Chanel,34.00977
BP00325,Chanel,32.86895
BP00326,Chanel,30.13187
BP00327,Chanel,30.4631
BP00328,Chanel,32.57683
BP00329,Chanel,32.3905
BP00330,Chanel,30.89552
BP00331,Chanel,31.22325
BP00332,Chanel,33.52251
BP00333,Chanel,30.06316
BP00334,Chanel,35.67581
BP00335,Chanel,48.7799
BP00336,Chanel,33.13214
BP00337,Chanel,38.23383
BP00338,Chanel,39.91386
BP00339,Chanel,37.63927
BP00340,Chanel,37.53082
BP00341,Chanel,37.25296
BP00342,Chanel,34.47242
BP00343,Chanel,35.08231
BP00344,Chanel,29.40524
BP00345,Chanel,36.78079
BP00346,Chanel,33.43846
BP00347,Chanel,34.36257
BP00348,Chanel,35.63411
BP00349,Chanel,31.45144
BP00350,Chanel,32.53353
BP00351,Chanel,32.01067
BP00352,Chanel,18.6723
BP00353,Chanel,18.31215
BP00354,Chanel,29.53841
BP00355,Chanel,34.46554
BP00356,Chanel,33.94908
BP00357,Chanel,32.74209
BP00358,Chanel,31.36645
BP00359,Chanel,30.28447
BP00360,Chanel,30.74759
BP00361,Chanel,32.15847
BP00362,Chanel,33.41638
BP00363,Chanel,35.48477
BP00364,Chanel,31.13209
BP00365,Chanel,30.08607
BP00366,Chanel,32.92824
BP00367,Chanel,29.1568
BP00368,Chanel,29.33547
BP00369,Chanel,8.08131
BP00370,Chanel,28.0458
BP00371,Chanel,36.91076
BP00372,Chanel,35.74139
BP00373,Chanel,22.47918
BP00374,Chanel,17.39079
BP00375,Chanel,35.71402
BP00376,Chanel,34.81414
BP00377,Chanel,33.72832
BP00378,Chanel,36.60639
BP00379,Chanel,33.5593
BP00380,Chanel,32.55044
BP00381,Chanel,37.69423
BP00382,Chanel,36.39606
BP00383,Chanel,36.1003
BP00384,Chanel,36.83908
BP00385,Chanel,34.54846
BP00386,Chanel,37.81632
BP00387,Chanel,36.63254
BP00388,Chanel,20.28725
BP00389,Chanel,30.95704
BP00390,Chanel,30.40996
BP00391,Chanel,16.41165
BP00392,Chanel,34.16345
BP00393,Chanel,33.80113
BP00394,Chanel,34.60383
BP00395,Chanel,36.20254
BP00396,Chanel,36.44007
BP00397,Chanel,31.99886
BP00398,Chanel,35.16541
BP00399,Chanel,19.44012
BP00400,Chanel,31.95469
BP00401,Chanel,33.16815
BP00402,Chanel,17.97554
BP00403,Chanel,31.06414
BP00404,Chanel,32.77011
BP00405,Chanel,31.82865
BP00406,Chanel,30.72994
BP00407,Chanel,31.03178
BP00408,Chanel,34.96821
BP00409,Chanel,36.5952
BP00410,Chanel,56.25916
BP00411,Chanel,34.66944
BP00412,Chanel,34.53598
BP00413,Chanel,31.66343
BP00414,Chanel,33.64078
BP00415,Chanel,33.31104
BP00416,Chanel,34.9434
BP00417,Chanel,35.61634
BP00418,Chanel,37.64713
BP00419,Chanel,31.69826
BP00420,Chanel,32.0246
BP00421,Chanel,40.60187
BP00422,Chanel,32.65128
BP00423,Chanel,40.27341
BP00424,Chanel,35.58587
BP00425,Chanel,35.30269
BP00426,Chanel,47.18259
BP00427,Chanel,45.69081
BP00428,Chanel,52.34481
BP00429,Chanel,53.17008
BP00430,Chanel,31.24634
BP00431,Chanel,35.25755
BP00432,Chanel,31.87177
BP00433,Chanel,31.809
BP00434,Chanel,37.1545
BP00435,Chanel,35.68185
BP00436,Chanel,31.08012
BP00437,Chanel,31.00356
BP00438,Chanel,33.89589
BP00439,Chanel,36.12195
BP00440,Chanel,33.27712
BP00441,Chanel,33.74746
BP00442,Chanel,32.48619
BP00443,Chanel,36.30791
BP00444,Chanel,32.08857
BP00445,Chanel,33.71426
BP00446,Chanel,31.85507
BP00447,Chanel,33.46549
BP00448,Chanel,31.1491
BP00449,Chanel,36.26667
BP00450,Chanel,32.33683
BP00451,Chanel,32.38551
BP00452,Chanel,33.42018
BP00453,Chanel,30.10256
BP00454,Chanel,38.10226
BP00455,Chanel,31.98336
BP00456,Chanel,30.6868
BP00457,Chanel,33.88197
BP00458,Chanel,33.00365
BP00459,Chanel,31.80821
BP00460,Chanel,32.74128
BP00461,Chanel,31.54654
BP00462,Chanel,35.19028
BP00463,Chanel,30.25941
BP00464,Chanel,59.08865
BP00465,Chanel,30.62879
BP00466,Chanel,31.93605
BP00467,Chanel,32.25223
BP00468,Chanel,31.58908
BP00469,Chanel,30.99381
BP00470,Chanel,30.01388
BP00471,Chanel,31.27778
BP00472,Chanel,36.29931
BP00473,Chanel,32.49228
BP00474,Chanel,35.71289
BP00475,Chanel,34.28332
BP00476,Chanel,33.63538
BP00477,Chanel,30.95464
BP00478,Chanel,34.56768
BP00479,Chanel,17.08552
BP00480,Chanel,16.98567
BP00481,Chanel,28.67623
BP00482,Chanel,28.63574
BP00483,Chanel,31.91535
BP00484,Chanel,39.40804
BP00485,Chanel,32.81055
BP00486,Chanel,36.7846
BP00487,Chanel,32.34795
BP00488,Chanel,36.21717
BP00489,Chanel,35.34624
BP00490,Chanel,34.04598
BP00491,Chanel,35.20176
BP00492,Chanel,35.42578
BP00493,Chanel,37.18615
BP00494,Chanel,45.17552
BP00495,Chanel,58.0057
BP00496,Chanel,55.1196
BP00497,Chanel,38.74541
BP00498,Chanel,61.77281
BP00499,Chanel,33.14613
BP00500,Chanel,39.09722
BP00501,Chanel,31.51281
BP00502,Chanel,42.42755
BP00503,Chanel,37.00317
BP00504,Chanel,41.4679
BP00505,Chanel,35.75983
BP00506,Chanel,20.53072
BP00507,Chanel,31.53037
BP00508,Chanel,33.69507
BP00509,Chanel,33.23183
BP00510,Chanel,16.50178
BP00511,Chanel,30.87575
BP00512,Chanel,35.45565
BP00513,Chanel,32.25852
BP00514,Chanel,58.50257
BP00515,Chanel,34.61667
BP00516,Chanel,33.00828
BP00517,Chanel,34.38627
BP00518,Chanel,31.80132
BP00519,Chanel,37.08232
BP00520,Chanel,32.7408
BP00521,Chanel,32.72701
BP00522,Chanel,33.23687
BP00523,Chanel,34.8203
BP00524,Chanel,31.28597
BP00525,Chanel,29.27129
BP00526,Chanel,40.17486
BP00527,Chanel,37.49851
BP00528,Chanel,38.42105
BP00529,Chanel,36.72287
BP00530,Chanel,41.56316
BP00531,Chanel,46.45628
BP00532,Chanel,36.09558
BP00533,Chanel,31.98478
BP00534,Chanel,34.04624
BP00535,Chanel,42.0107
BP00536,Chanel,33.65528
BP00537,Chanel,40.05912
BP00538,Chanel,43.25805
BP00539,Chanel,39.27713
BP00540,Chanel,35.62547
BP00541,Chanel,32.79187
BP00542,Chanel,31.36762
BP00543,Chanel,37.51163
BP00544,Chanel,38.91607
BP00545,Chanel,37.19326
BP00546,Chanel,34.89137
BP00547,Chanel,32.57596
BP00548,Chanel,36.65743
BP00549,Chanel,34.5784
BP00550,Chanel,31.92996
BP00551,Chanel,32.5817
BP00552,Chanel,32.99964
BP00553,Chanel,35.40305
BP00554,Chanel,33.30987
BP00555,Chanel,32.77822
BP00556,Chanel,34.43001
BP00557,Chanel,33.8832
BP00558,Chanel,32.40979
BP00559,Chanel,36.1084
BP00560,Chanel,35.92627
BP00561,Chanel,33.41472
BP00562,Chanel,35.49345
BP00563,Chanel,33.20007
BP00564,Chanel,32.97412
BP00565,Chanel,33.4521
BP00566,Chanel,37.71917
BP00567,Chanel,22.3632
BP00568,Chanel,30.81599
BP00569,Chanel,32.32136
BP00570,Chanel,36.36421
BP00571,Chanel,32.08453
BP00572,Chanel,33.2555
BP00573,Chanel,30.78628
BP00574,Chanel,32.09129
BP00575,Chanel,32.01234
BP00576,Chanel,21.44283
BP00577,Chanel,34.34045
BP00578,Chanel,34.32075
BP00579,Chanel,30.61096
BP00580,Chanel,32.23226
BP00581,Chanel,31.54575
BP00582,Chanel,31.31221
BP00583,Chanel,32.46051
BP00584,Chanel,35.20542
BP00585,Chanel,34.38212
BP00586,Chanel,30.44883
BP00587,Chanel,34.0928
BP00588,Chanel,31.23347
BP00589,Chanel,32.78208
BP00590,Chanel,31.23374
BP00591,Chanel,32.85212
BP00592,Chanel,32.87492
BP00593,Chanel,32.40723
BP00594,Chanel,35.22843
BP00595,Chanel,37.97726
BP00596,Chanel,38.8061
BP00597,Chanel,36.02108
BP00598,Chanel,37.79546
BP00599,Chanel,46.73351
BP00600,Chanel,29.99873
BP00601,Chanel,30.70842
BP00602,Chanel,29.09534
BP00603,Chanel,32.09836
BP00604,Chanel,17.99544
BP00605,Chanel,31.16505
BP00606,Chanel,17.18639
BP00607,Chanel,36.61557
BP00608,Chanel,30.78045
BP00609,Chanel,35.61983
BP00610,Chanel,37.3616
BP00611,Chanel,34.43227
BP00612,Chanel,35.88627
BP00613,Chanel,34.13422
BP00614,Chanel,33.30791
BP00615,Chanel,34.42257
BP00616,Chanel,33.50158
BP00617,Chanel,43.13325
BP00618,Chanel,34.099
BP00619,Chanel,31.60762
BP00620,Chanel,32.99163
BP00621,Chanel,31.73076
BP00622,Chanel,31.58741
BP00623,Chanel,31.51314
BP00624,Chanel,36.03227
BP00625,Chanel,36.31575
BP00626,Chanel,40.72876
BP00627,Chanel,43.283
BP00628,Chanel,33.76367
BP00629,Chanel,33.77272
BP00630,Chanel,30.45461
BP00631,Chanel,29.52944
BP00632,Chanel,31.77556
BP00633,Chanel,31.82035
BP00634,Chanel,29.10475
BP00635,Chanel,31.22175
BP00636,Chanel,31.79477
BP00637,Chanel,34.40871
BP00638,Chanel,17.55179
BP00639,Chanel,16.52388
BP00640,Chanel,36.95514
BP00641,Chanel,36.77403
BP00642,Chanel,35.97575
BP00643,Chanel,34.67289
BP00644,Chanel,34.82918
BP00645,Chanel,30.0841
BP00646,Chanel,35.47318
BP00647,Chanel,35.1958
BP00648,Chanel,36.26176
BP00649,Chanel,31.82141
BP00650,Chanel,37.78043
BP00651,Chanel,37.01146
BP00652,Chanel,30.72036
BP00653,Chanel,36.32444
BP00654,Chanel,36.91956
BP00655,Chanel,35.32059
BP00656,Chanel,39.00175
BP00657,Chanel,36.98965
BP00658,Chanel,36.54882
BP00659,Chanel,38.11162
BP00660,Chanel,35.45547
BP00661,Chanel,35.10875
BP00662,Chanel,30.82538
BP00663,Chanel,35.29043
BP00664,Chanel,36.34593
BP00665,Chanel,36.05085
BP00666,Chanel,34.5453
BP00667,Chanel,33.05498
BP00668,Chanel,31.35654
BP00669,Chanel,31.06046
BP00670,Chanel,30.65704
BP00671,Chanel,30.62759
BP00672,Chanel,34.22859
BP00673,Chanel,33.52571
BP00674,Chanel,31.71672
BP00675,Chanel,32.16789
BP00676,Chanel,32.31416
BP00677,Chanel,33.2869
BP00678,Chanel,30.8925
BP00679,Chanel,33.08652
BP00680,Chanel,17.92337
BP00681,Chanel,30.62815
BP00682,Chanel,31.84925
BP00683,Chanel,30.22119
BP00684,Chanel,31.6371
BP00685,Chanel,32.77396
BP00686,Chanel,29.36617
BP00687,Chanel,32.79061
BP00688,Chanel,30.83324
BP00689,Chanel,34.01422
BP00690,Chanel,35.08895
BP00691,Chanel,32.45423
BP00692,Chanel,37.03971
BP00693,Chanel,32.40937
BP00694,Chanel,31.38279
BP00695,Chanel,30.24206
BP00696,Chanel,33.64199
BP00697,Chanel,38.52934
BP00698,Chanel,34.38701
BP00699,Chanel,38.34328
BP00700,Chanel,34.67542
BP00701,Chanel,17.92833
BP00702,Chanel,28.29006
BP00703,Chanel,29.48053
BP00704,Chanel,28.89859
BP00705,Chanel,30.60476
BP00706,Chanel,31.02209
BP00707,Chanel,34.62422
BP00708,Chanel,34.86929
BP00709,Chanel,39.67483
BP00710,Chanel,30.12041
BP00711,Chanel,31.60138
BP00712,Chanel,29.6307
BP00713,Chanel,18.52689
BP00714,Chanel,18.58998
BP00715,Chanel,17.952
BP00716,Chanel,30.17729
BP00717,Chanel,29.5074
BP00718,Chanel,18.64307
BP00719,Chanel,30.18748
BP00720,Chanel,31.17987
BP00721,Chanel,33.37244
BP00722,Chanel,35.8693
BP00723,Chanel,38.63938
BP00724,Chanel,37.52969
BP00725,Chanel,36.10123
BP00726,Chanel,34.77945
BP00727,Chanel,50.75231
BP00728,Chanel,38.64691
BP00729,Chanel,38.64833
BP00730,Chanel,34.47752
BP00731,Chanel,31.76623
BP00732,Chanel,31.36968
BP00733,Chanel,33.31917
BP00734,Chanel,33.2827
BP00735,Chanel,30.56829
BP00736,Chanel,34.4811
BP00737,Chanel,34.90172
BP00738,Chanel,38.5294
BP00739,Chanel,32.62814
BP00740,Chanel,30.45513
BP00741,Chanel,35.91324
BP00742,Chanel,33.74591
BP00743,Chanel,33.18438
BP00744,Chanel,34.66906
BP00745,Chanel,36.62714
BP00746,Chanel,34.7608
BP00747,Chanel,32.20947
BP00748,Chanel,35.18933
BP00749,Chanel,40.23779
BP00750,Chanel,63.46808
BP00751,Chanel,35.48001
BP00752,Chanel,31.98366
BP00753,Chanel,18.74717
BP00754,Chanel,31.94265
BP00755,Chanel,29.65467
BP00756,Chanel,31.93257
BP00757,Chanel,32.23827
BP00758,Chanel,31.7333
BP00759,Chanel,34.64584
BP00760,Chanel,37.3016
BP00761,Chanel,30.40014
BP00762,Chanel,30.05891
BP00763,Chanel,32.2239
BP00764,Chanel,29.49095
BP00765,Chanel,31.92395
BP00766,Chanel,31.93791
BP00767,Chanel,31.18729
BP00768,Chanel,32.03028
BP00769,Chanel,33.79753
BP00770,Chanel,33.76447
BP00771,Chanel,32.29303
BP00772,Chanel,30.57779
BP00773,Chanel,31.16963
BP00774,Chanel,31.22385
BP00775,Chanel,33.66498
BP00776,Chanel,36.69023
BP00777,Chanel,32.05838
BP00778,Chanel,34.62407
BP00779,Chanel,38.72482
BP00780,Chanel,59.20948
BP00781,Chanel,41.34572
BP00782,Chanel,46.13409
BP00783,Chanel,40.67838
BP00784,Chanel,54.75134
BP00785,Chanel,62.17448
BP00786,Chanel,48.08956
BP00787,Chanel,33.81434
BP00788,Chanel,34.3498
BP00789,Chanel,38.24375
BP00790,Chanel,66.60787
BP00791,Chanel,17.62391
BP00792,Chanel,18.26239
BP00793,Chanel,29.62189
BP00794,Chanel,17.77029
BP00795,Chanel,18.70106
BP00796,Chanel,31.5079
BP00797,Chanel,32.90335
BP00798,Chanel,34.10132
BP00799,Chanel,33.88953
BP00800,Chanel,35.12523
BP00801,Chanel,36.41052
BP00802,Chanel,33.37938
BP00803,Chanel,40.73478
BP00804,Chanel,18.14802
BP00805,Chanel,32.74653
BP00806,Chanel,30.45133
BP00807,Chanel,29.51573
BP00808,Chanel,17.89548
BP00809,Chanel,29.92918
BP00810,Chanel,35.06017
BP00811,Chanel,33.31144
BP00812,Chanel,31.64878
BP00813,Chanel,32.13893
BP00814,Chanel,32.68213
BP00815,Chanel,36.87166
BP00816,Chanel,33.35468
BP00817,Chanel,34.38033
BP00818,Chanel,31.6655
BP00819,Chanel,37.19405
BP00820,Chanel,37.77365
BP00821,Chanel,35.83935
BP00822,Chanel,34.38375
BP00823,Chanel,33.79603
BP00824,Chanel,33.12677
BP00825,Chanel,36.51491
BP00826,Chanel,32.05539
BP00827,Chanel,39.17957
BP00828,Chanel,30.73882
BP00829,Chanel,30.14603
BP00830,Chanel,40.29589
BP00831,Chanel,29.71173
BP00832,Chanel,30.13418
BP00833,Chanel,34.2047
BP00834,Chanel,34.21154
BP00835,Chanel,36.04037
BP00836,Chanel,35.93497
BP00837,Chanel,36.20572
BP00838,Chanel,29.9289
BP00839,Chanel,33.17051
BP00840,Chanel,34.36235
BP00841,Chanel,29.37088
BP00842,Chanel,34.35983
BP00843,Chanel,31.25736
BP00844,Chanel,29.44208
BP00845,Chanel,35.58553
BP00846,Chanel,34.20696
BP00847,Chanel,37.14511
BP00848,Chanel,31.384
BP00849,Chanel,35.75833
BP00850,Chanel,31.22686
BP00851,Chanel,35.24088
BP00852,Chanel,32.45918
BP00853,Chanel,41.12725
BP00854,Chanel,42.03952
BP00855,Chanel,37.32415
BP00856,Chanel,32.67458
BP00857,Chanel,33.42477
BP00858,Chanel,21.56895
BP00859,Chanel,33.45865
BP00860,Chanel,37.61349
BP00861,Chanel,20.74215
BP00862,Chanel,31.16779
BP00863,Chanel,17.83303
BP00864,Chanel,33.76236
BP00865,Chanel,29.32648
BP00866,Chanel,30.28335
BP00867,Chanel,18.70309
BP00868,Chanel,35.35858
BP00869,Chanel,32.9029
BP00870,Chanel,31.53152
BP00871,Chanel,31.78959
BP00872,Chanel,30.67825
BP00873,Chanel,31.29202
BP00874,Chanel,21.44364
BP00875,Chanel,32.79528
BP00876,Chanel,35.18724
BP00877,Chanel,33.10246
BP00878,Chanel,31.99966
BP00879,Chanel,36.40681
BP00880,Chanel,39.95411
BP00881,Chanel,35.38792
BP00882,Chanel,35.1949
BP00883,Chanel,35.95987
BP00884,Chanel,33.17174
BP00885,Chanel,35.16771
BP00886,Chanel,32.51596
BP00887,Chanel,33.31468
BP00888,Chanel,32.24552
BP00889,Chanel,33.68182
BP00890,Chanel,29.83188
BP00891,Chanel,36.9361
BP00892,Chanel,36.04312
BP00893,Chanel,31.32436
BP00894,Chanel,35.47574
BP00895,Chanel,38.3719
BP00896,Chanel,36.08261
BP00897,Chanel,37.11229
BP00898,Chanel,32.7089
BP00899,Chanel,35.65909
BP00900,Chanel,33.15743
BP00901,Chanel,39.3742
BP00902,Chanel,33.6492
BP00903,Chanel,32.89093
BP00904,Chanel,35.42602
BP00905,Chanel,35.33647
BP00906,Chanel,33.05305
BP00907,Chanel,36.0262
BP00908,Chanel,35.36176
BP00909,Chanel,34.11349
BP00910,Chanel,36.9485
BP00911,Chanel,34.69879
BP00912,Chanel,32.79627
BP00913,Chanel,44.70738
BP00914,Chanel,34.70983
BP00915,Chanel,60.03523
BP00916,Chanel,58.86546
BP00917,Chanel,30.27124
BP00918,Chanel,32.15514
BP00919,Chanel,29.62049
BP00920,Chanel,31.17598
BP00921,Chanel,31.7403
BP00922,Chanel,32.5073
BP00923,Chanel,31.85735
BP00924,Chanel,31.19253
BP00925,Chanel,31.03577
BP00926,Chanel,30.69639
BP00927,Chanel,30.41325
BP00928,Chanel,33.35056
BP00929,Chanel,33.94057
BP00930,Chanel,31.24062
BP00931,Chanel,41.14688
BP00932,Chanel,32.93716
BP00933,Chanel,30.25682
BP00934,Chanel,33.15731
BP00935,Chanel,41.24442
BP00936,Chanel,34.20779
BP00937,Chanel,34.32273
BP00938,Chanel,35.0507
BP00939,Chanel,33.61199
BP00940,Chanel,32.16087
BP00941,Chanel,34.64873
BP00942,Chanel,35.70256
BP00943,Chanel,31.74224
BP00944,Chanel,35.04767
BP00945,Chanel,42.359
BP00946,Chanel,47.24976
BP00947,Chanel,38.99349
BP00948,Chanel,41.6397
BP00949,Chanel,35.39685
BP00950,Chanel,34.09459
BP00951,Chanel,34.54416
BP00952,Chanel,30.8818
BP00953,Chanel,34.40922
BP00954,Chanel,32.18332
BP00955,Chanel,35.21738
BP00956,Chanel,29.95891
BP00957,Chanel,32.34905
BP00958,Chanel,34.15253
BP00959,Chanel,33.20466
BP00960,Chanel,30.43046
BP00961,Chanel,32.96543
BP00962,Chanel,32.21794
BP00963,Chanel,36.60964
BP00964,Chanel,33.85182
BP00965,Chanel,39.90019
BP00966,Chanel,35.75814
BP00967,Chanel,31.95143
BP00968,Chanel,28.97056
BP00969,Chanel,58.32188
BP00970,Chanel,32.24438
BP00971,Chanel,41.95831
BP00972,Chanel,29.31268
BP00973,Chanel,29.10886
BP00974,Chanel,18.19884
BP00975,Chanel,39.10389
BP00976,Chanel,38.25737
BP00977,Chanel,54.92183
BP00978,Chanel,8.08131
BP00979,Chanel,17.525
BP00980,Chanel,21.2329
BP00981,Chanel,33.2928
BP00982,Chanel,30.94942
BP00983,Chanel,35.02529
BP00984,Chanel,20.57951
BP00985,Chanel,19.47966
BP00986,Chanel,19.55621
BP00987,Chanel,33.53994
BP00988,Chanel,19.47274
BP00989,Chanel,55.52411
BP00990,Chanel,37.886
BP00991,Chanel,32.62919
BP00992,Chanel,27.9701
BP00993,Chanel,17.60674
BP00994,Chanel,28.92669
BP00995,Chanel,39.84427
BP00996,Chanel,36.86588
BP00997,Chanel,33.67067
BP00998,Chanel,35.4755
BP00999,Chanel,34.797
BP01000,Chanel,35.81773
BP01001,Chanel,42.14897
BP01002,Chanel,35.6426
BP01003,Chanel,37.7394
BP01004,Chanel,31.12507
BP01005,Chanel,35.15398
BP01006,Chanel,31.12683
BP01007,Chanel,35.16876
BP01008,Chanel,34.19134
BP01009,Chanel,34.77854
BP01010,Chanel,32.93222
BP01011,Chanel,17.92966
BP01012,Chanel,34.47605
BP01013,Chanel,29.85335
BP01014,Chanel,30.98866
BP01015,Chanel,32.82719
BP01016,Chanel,16.59696
BP01017,Chanel,33.39859
BP01018,Chanel,29.05843
BP01019,Chanel,16.35556
BP01020,Chanel,30.17738
BP01021,Chanel,33.27821
BP01022,Chanel,32.34695
BP01023,Chanel,32.19477
BP01024,Chanel,36.84439
BP01025,Chanel,36.25429
BP01026,Chanel,31.69233
BP01027,Chanel,18.49466
BP01028,Chanel,34.88073
BP01029,Chanel,35.08916
BP01030,Chanel,31.93311
BP01031,Chanel,32.55925
BP01032,Chanel,34.02532
BP01033,Chanel,37.47199
BP01034,Chanel,35.9461
BP01035,Chanel,36.27948
BP01036,Chanel,36.76516
BP01037,Chanel,33.17436
BP01038,Chanel,36.14
BP01039,Chanel,34.75555
BP01040,Chanel,35.45357
BP01041,Chanel,35.31156
BP01042,Chanel,33.78002
BP01043,Chanel,37.41612
BP01044,Chanel,37.06181
BP01045,Chanel,18.8564
BP01046,Chanel,35.11694
BP01047,Chanel,37.68514
BP01048,Chanel,34.25847
BP01049,Chanel,35.68162
BP01050,Chanel,33.50683
BP01051,Chanel,34.54776
BP01052,Chanel,33.07694
BP01053,Chanel,37.07467
BP01054,Chanel,33.49098
BP01055,Chanel,33.08607
BP01056,Chanel,34.87415
BP01057,Chanel,35.44961
BP01058,Chanel,32.39474
BP01059,Chanel,37.05102
BP01060,Chanel,33.57727
BP01061,Chanel,31.20921
BP01062,Chanel,36.0861
BP01063,Chanel,32.02716
BP01064,Chanel,32.31036
BP01065,Chanel,31.62788
BP01066,Chanel,33.46023
BP01067,Chanel,30.91206
BP01068,Chanel,34.42963
BP01069,Chanel,30.35567
BP01070,Chanel,32.83241
BP01071,Chanel,35.12234
BP01072,Chanel,33.81496
BP01073,Chanel,32.25899
BP01074,Chanel,31.70211
BP01075,Chanel,34.87479
BP01076,Chanel,31.85079
BP01077,Chanel,34.90971
BP01078,Chanel,34.33568
BP01079,Chanel,28.95179
BP01080,Chanel,29.02695
BP01081,Chanel,16.2273
BP01082,Chanel,28.57874
BP01083,Chanel,34.33691
BP01084,Chanel,27.94046
BP01085,Chanel,7.79878
BP01086,Chanel,29.66323
BP01087,Chanel,33.24872
BP01088,Chanel,16.92372
BP01089,Chanel,16.37884
BP01090,Chanel,32.18409
BP01091,Chanel,29.06009
BP01092,Chanel,30.03664
BP01093,Chanel,28.14969
BP01094,Chanel,20.46449
BP01095,Chanel,19.49146
BP01096,Chanel,17.61597
BP01097,Chanel,21.61117
BP01098,Chanel,30.5736
BP01099,Chanel,34.99646
BP01100,Chanel,28.67214
BP01101,Chanel,30.18589
BP01102,Chanel,50.70431
BP01103,Chanel,31.07095
BP01104,Chanel,30.66213
BP01105,Chanel,8.03169
BP01106,Chanel,32.03512
BP01107,Chanel,31.18092
BP01108,Chanel,31.06162
BP01109,Chanel,30.84491
BP01110,Chanel,31.95022
BP01111,Chanel,37.08247
BP01112,Chanel,17.30752
BP01113,Chanel,31.74075
BP01114,Chanel,30.19881
BP01115,Chanel,31.79286
BP01116,Chanel,34.95211
BP01117,Chanel,34.72964
BP01118,Chanel,32.96313
BP01119,Chanel,32.47122
BP01120,Chanel,35.11716
BP01121,Chanel,36.64015
BP01122,Chanel,35.78067
BP01123,Chanel,33.02233
BP01124,Chanel,33.98429
BP01125,Chanel,35.213
BP01126,Chanel,37.24379
BP01127,Chanel,32.25545
BP01128,Chanel,33.37148
BP01129,Chanel,34.96699
BP01130,Chanel,32.41257
BP01131,Chanel,31.50853
BP01132,Chanel,32.36253
BP01133,Chanel,31.14988
BP01134,Chanel,34.65485
BP01135,Chanel,33.42671
BP01136,Chanel,32.27173
BP01137,Chanel,18.05783
BP01138,Chanel,33.3296
BP01139,Chanel,34.68779
BP01140,Chanel,32.77186
BP01141,Chanel,32.67237
BP01142,Chanel,32.2655
BP01143,Chanel,36.21908
BP01144,Chanel,31.16335
BP01145,Chanel,31.87792
BP01146,Chanel,34.4857
BP01147,Chanel,30.77173
BP01148,Chanel,31.59556
BP01149,Chanel,35.70171
BP01150,Chanel,34.44866
BP01151,Chanel,30.31764
BP01152,Chanel,31.37507
BP01153,Chanel,34.07378
BP01154,Chanel,33.7118
BP01155,Chanel,35.75983
BP01156,Chanel,35.52437
BP01157,Chanel,34.24134
BP01158,Chanel,38.37433
BP01159,Chanel,34.88833
BP01160,Chanel,30.53787
BP01161,Chanel,32.60702
BP01162,Chanel,32.40978
BP01163,Chanel,34.56034
BP01164,Chanel,32.25577
BP01165,Chanel,31.56006
BP01166,Chanel,36.24506
BP01167,Chanel,38.46405
BP01168,Chanel,33.08638
BP01169,Chanel,37.12907
BP01170,Chanel,30.97223
BP01171,Chanel,36.12161
BP01172,Chanel,31.38827
BP01173,Chanel,34.5724
BP01174,Chanel,31.65263
BP01175,Chanel,34.93921
BP01176,Chanel,29.0494
BP01177,Chanel,30.80949
BP01178,Chanel,35.86216
BP01179,Chanel,32.2413
BP01180,Chanel,31.22454
BP01181,Chanel,29.62229
BP01182,Chanel,31.81465
BP01183,Chanel,33.67207
BP01184,Chanel,32.76356
BP01185,Chanel,35.38503
BP01186,Chanel,34.1002
BP01187,Chanel,35.73968
BP01188,Chanel,34.39796
BP01189,Chanel,34.00199
BP01190,Chanel,16.5477
BP01191,Chanel,31.51205
BP01192,Chanel,17.35595
BP01193,Chanel,17.29138
BP01194,Chanel,22.03266
BP01195,Chanel,48.02708
BP01196,Chanel,29.116
BP01197,Chanel,30.51739
BP01198,Chanel,30.09457
BP01199,Chanel,29.66922
BP01200,Chanel,18.80424
BP01201,Chanel,20.7429
BP01202,Chanel,30.23394
BP01203,Chanel,32.11056
BP01204,Chanel,29.81076
BP01205,Chanel,30.76538
BP01206,Chanel,55.08906
BP01207,Chanel,29.91703
BP01208,Chanel,8.10963
BP01209,Chanel,31.71097
BP01210,Chanel,8.0613
BP01211,Chanel,7.65251
BP01212,Chanel,7.49314
BP01213,Chanel,19.25091
BP01214,Chanel,7.44491
BP01215,Chanel,19.15347
BP01216,Chanel,16.05888
BP01217,Chanel,20.23037
BP01218,Chanel,21.71511
BP01219,Chanel,31.79897
BP01220,Chanel,27.95117
BP01221,Chanel,28.89921
BP01222,Chanel,7.71288
BP01223,Chanel,16.38131
BP01224,Chanel,32.69722
BP01225,Chanel,38.00705
BP01226,Chanel,22.16327
BP01227,Chanel,32.22244
BP01228,Chanel,32.58622
BP01229,Chanel,33.28892
BP01230,Chanel,45.14726
BP01231,Chanel,35.60038
BP01232,Chanel,31.37995
BP01233,Chanel,33.86881
BP01234,Chanel,32.69378
BP01235,Chanel,29.38071
BP01236,Chanel,33.19079
BP01237,Chanel,31.79693
BP01238,Chanel,29.48669
BP01239,Chanel,28.29444
BP01240,Chanel,31.30227
BP01241,Chanel,8.03206
BP01242,Chanel,36.43177
BP01243,Chanel,31.62223
BP01244,Chanel,32.23362
BP01245,Chanel,33.8988
BP01246,Chanel,40.39328
BP01247,Chanel,30.48525
BP01248,Chanel,33.5187
BP01249,Chanel,34.16065
BP01250,Chanel,41.53484
BP01251,Chanel,18.46827
BP01252,Chanel,34.00846
BP01253,Chanel,35.5563
BP01254,Chanel,35.92112
BP01255,Chanel,33.79448
BP01256,Chanel,32.37072
BP01257,Chanel,35.80758
BP01258,Chanel,34.98311
BP01259,Chanel,38.1656
BP01260,Chanel,29.72539
BP01261,Chanel,31.3138
BP01262,Chanel,34.44872
BP01263,Chanel,32.1577
BP01264,Chanel,28.55808
BP01265,Chanel,35.57352
BP01266,Chanel,33.37631
BP01267,Chanel,33.82992
BP01268,Chanel,31.20189
BP01269,Chanel,20.68524
BP01270,Chanel,35.75534
BP01271,Chanel,30.25337
BP01272,Chanel,32.71328
BP01273,Chanel,32.84467
BP01274,Chanel,34.41366
BP01275,Chanel,32.68699
BP01276,Chanel,32.36829
BP01277,Chanel,32.92618
BP01278,Chanel,27.79976
BP01279,Chanel,27.88478
BP01280,Chanel,32.35586
BP01281,Chanel,50.68768
BP01282,Chanel,19.06805
BP01283,Chanel,33.45427
BP01284,Chanel,45.45169
BP01285,Chanel,30.23708
BP01286,Chanel,54.08418
BP01287,Chanel,51.27394
BP01288,Chanel,35.18439
BP01289,Chanel,31.99471
BP01290,Chanel,32.93911
BP01291,Chanel,29.83112
BP01292,Chanel,31.83236
BP01293,Chanel,33.67369
BP01294,Chanel,35.89908
BP01295,Chanel,30.05969
BP01296,Chanel,35.60921
BP01297,Chanel,32.06891
BP01298,Chanel,32.90397
BP01299,Chanel,33.87488
BP01300,Chanel,34.13056
BP01301,Chanel,36.71439
BP01302,Chanel,37.02766
BP01303,Chanel,34.43856
BP01304,Chanel,31.19842
BP01305,Chanel,31.79396
BP01306,Chanel,34.27716
BP01307,Chanel,31.88463
BP01308,Chanel,31.04207
BP01309,Chanel,33.60288
BP01310,Chanel,32.87801
BP01311,Chanel,30.48724
BP01312,Chanel,31.44968
BP01313,Chanel,37.11214
BP01314,Chanel,32.78891
BP01315,Chanel,30.0144
BP01316,Chanel,31.0647
BP01317,Chanel,35.35716
BP01318,Chanel,38.57062
BP01319,Chanel,35.54843
BP01320,Chanel,37.79354
BP01321,Chanel,35.43462
BP01322,Chanel,31.43154
BP01323,Chanel,31.4491
BP01324,Chanel,32.20438
BP01325,Chanel,32.5557
BP01326,Chanel,34.91529
BP01327,Chanel,33.0554
BP01328,Chanel,30.58624
BP01329,Chanel,31.75884
BP01330,Chanel,33.71095
BP01331,Chanel,47.33978
BP01332,Chanel,31.87859
BP01333,Chanel,30.1433
BP01334,Chanel,43.82641
BP01335,Chanel,33.13797
BP01336,Chanel,31.93515
BP01337,Chanel,40.35672
BP01338,Chanel,40.6219
BP01339,Chanel,49.98192
BP01340,Chanel,33.8609
BP01341,Chanel,34.69885
BP01342,Chanel,42.90641
BP01343,Chanel,43.50441
BP01344,Chanel,44.27382
BP01345,Chanel,37.27096
BP01346,Chanel,31.99576
BP01347,Chanel,38.29585
BP01348,Chanel,20.23763
BP01349,Chanel,32.17399
BP01350,Chanel,35.93572
BP01351,Chanel,37.16847
BP01352,Chanel,35.40636
BP01353,Chanel,33.90242
BP01354,Chanel,50.68962
BP01355,Chanel,33.92396
BP01356,Chanel,30.40472
BP01357,Chanel,32.66891
BP01358,Chanel,29.13418
BP01359,Chanel,17.78154
BP01360,Chanel,32.42616
BP01361,Chanel,31.2117
BP01362,Chanel,33.12231
BP01363,Chanel,30.44619
BP01364,Chanel,31.1216
BP01365,Chanel,35.69695
BP01366,Chanel,40.01214
BP01367,Chanel,35.77955
BP01368,Chanel,31.74711
BP01369,Chanel,29.78986
BP01370,Chanel,32.74859
BP01371,Chanel,32.91143
BP01372,Chanel,34.1274
BP01373,Chanel,33.063
BP01374,Chanel,33.66835
BP01375,Chanel,34.72741
BP01376,Chanel,32.79333
BP01377,Chanel,33.39378
BP01378,Chanel,31.82126
BP01379,Chanel,34.15946
BP01380,Chanel,32.26123
BP01381,Chanel,35.09002
BP01382,Chanel,35.76639
BP01383,Chanel,33.82771
BP01384,Chanel,34.71039
BP01385,Chanel,35.78573
BP01386,Chanel,30.11767
BP01387,Chanel,36.53806
BP01388,Chanel,33.09844
BP01389,Chanel,34.77536
BP01390,Chanel,33.11323
BP01391,Chanel,40.08694
BP01392,Chanel,30.93575
BP01393,Chanel,32.98439
BP01394,Chanel,34.5713
BP01395,Chanel,38.91488
BP01396,Chanel,32.86104
BP01397,Chanel,35.50847
BP01398,Chanel,37.68619
BP01399,Chanel,40.61692
BP01400,Chanel,32.1019
BP01401,Chanel,30.84283
BP01402,Chanel,31.55845
BP01403,Chanel,33.50138
BP01404,Chanel,32.70897
BP01405,Chanel,34.74191
BP01406,Chanel,32.84106
BP01407,Chanel,31.29112
BP01408,Chanel,33.14238
BP01409,Chanel,39.23335
BP01410,Chanel,35.54206
BP01411,Chanel,32.92831
BP01412,Chanel,34.49375
BP01413,Chanel,29.47435
BP01414,Chanel,38.0614
BP01415,Chanel,38.98644
BP01416,Chanel,34.70609
BP01417,Chanel,45.77175
BP01418,Chanel,32.81828
BP01419,Chanel,38.10921
BP01420,Chanel,35.16047
BP01421,Chanel,45.92754
BP01422,Chanel,31.26906
BP01423,Chanel,44.67217
BP01424,Chanel,34.45128
BP01425,Chanel,31.26609
BP01426,Chanel,53.00544
BP01427,Chanel,34.64482
BP01428,Chanel,34.72926
BP01429,Chanel,33.98174
BP01430,Chanel,59.04748
BP01431,Chanel,51.036
BP01432,Chanel,35.89976
BP01433,Chanel,49.10543
BP01434,Chanel,41.19874
BP01435,Chanel,42.81097
BP01436,Chanel,35.5813
BP01437,Chanel,34.06527
BP01438,Chanel,31.42193
BP01439,Chanel,38.73878
BP01440,Chanel,34.76429
BP01441,Chanel,17.58828
BP01442,Chanel,32.37874
BP01443,Chanel,35.22772
BP01444,Chanel,33.74922
BP01445,Chanel,30.89861
BP01446,Chanel,37.68144
BP01447,Chanel,35.3439
BP01448,Chanel,17.4379
BP01449,Chanel,37.26762
BP01450,Chanel,46.61881
BP01451,Chanel,31.44477
BP01452,Chanel,17.9298
BP01453,Chanel,18.36538
BP01454,Chanel,34.10785
BP01455,Chanel,32.93262
BP01456,Chanel,29.59803
BP01457,Chanel,27.69904
BP01458,Chanel,32.7689
BP01459,Chanel,28.1218
BP01460,Chanel,19.3877
BP01461,Chanel,29.13972
BP01462,Chanel,29.85512
BP01463,Chanel,32.71354
BP01464,Chanel,33.67638
BP01465,Chanel,17.56613
BP01466,Chanel,37.36367
BP01467,Chanel,29.33543
BP01468,Chanel,16.31897
BP01469,Chanel,16.34369
BP01470,Chanel,17.59169
BP01471,Chanel,29.49556
BP01472,Chanel,21.13941
BP01473,Chanel,36.00066
BP01474,Chanel,31.3618
BP01475,Chanel,30.37995
BP01476,Chanel,31.30622
BP01477,Chanel,30.44781
BP01478,Chanel,33.13542
BP01479,Chanel,35.17551
BP01480,Chanel,22.33323
BP01481,Chanel,32.67957
BP01482,Chanel,35.84677
BP01483,Chanel,18.03451
BP01484,Chanel,31.88066
BP01485,Chanel,18.22546
BP01486,Chanel,29.29717
BP01487,Chanel,30.27597
BP01488,Chanel,34.84562
BP01489,Chanel,41.72425
BP01490,Chanel,42.95103
BP01491,Chanel,38.12299
BP01492,Chanel,33.92197
BP01493,Chanel,31.54351
BP01494,Chanel,32.27617
BP01495,Chanel,33.17556
BP01496,Chanel,32.6846
BP01497,Chanel,34.61695
BP01498,Chanel,31.6
BP01499,Chanel,29.27786
BP01500,Chanel,31.87644
BP01501,Chanel,32.11839
BP01502,Chanel,17.98087
BP01503,Chanel,37.07997
BP01504,Chanel,30.53577
BP01505,Chanel,34.47511
BP01506,Chanel,36.08879
BP01507,Chanel,38.36519
BP01508,Chanel,33.98156
BP01509,Chanel,28.95624
BP01510,Chanel,32.23786
BP01511,Chanel,29.53852
BP01512,Chanel,30.87507
BP01513,Chanel,16.9572
BP01514,Chanel,29.99379
BP01515,Chanel,28.98124
BP01516,Chanel,37.70814
BP01517,Chanel,29.2741
BP01518,Chanel,33.92348
BP01519,Chanel,34.29819
BP01520,Chanel,31.43388
BP01521,Chanel,31.63141
BP01522,Chanel,33.41044
BP01523,Chanel,32.53944
BP01524,Chanel,34.00277
BP01525,Chanel,33.59739
BP01526,Chanel,33.64251
BP01527,Chanel,37.53397
BP01528,Chanel,31.75767
BP01529,Chanel,29.29294
BP01530,Chanel,32.45146
BP01531,Chanel,31.66923
BP01532,Chanel,37.68446
BP01533,Chanel,30.74175
BP01534,Chanel,32.51156
BP01535,Chanel,35.50299
BP01536,Chanel,28.84229
BP01537,Chanel,31.67774
BP01538,Chanel,35.0868
BP01539,Chanel,33.67528
BP01540,Chanel,33.52601
BP01541,Chanel,34.46588
BP01542,Chanel,34.52618
BP01543,Chanel,36.00876
BP01544,Chanel,33.96196
BP01545,Chanel,34.76825
BP01546,Chanel,31.67253
BP01547,Chanel,35.89766
BP01548,Chanel,52.8576
BP01549,Chanel,34.8281
BP01550,Chanel,32.19347
BP01551,Chanel,31.69519
BP01552,Chanel,31.29531
BP01553,Chanel,32.66237
BP01554,Chanel,32.31323
BP01555,Chanel,31.72232
BP01556,Chanel,52.51498
BP01557,Chanel,31.53589
BP01558,Chanel,22.46152
BP01559,Chanel,33.78257
BP01560,Chanel,30.51585
BP01561,Chanel,33.80721
BP01562,Chanel,49.59318
BP01563,Chanel,32.5971
BP01564,Chanel,31.07174
BP01565,Chanel,35.6819
BP01566,Chanel,32.80811
BP01567,Chanel,33.10795
BP01568,Chanel,40.1828
BP01569,Chanel,31.91115
BP01570,Chanel,34.26045
BP01571,Chanel,36.79944
BP01572,Chanel,34.89441
BP01573,Chanel,30.25429
BP01574,Chanel,32.91131
BP01575,Chanel,33.29765
BP01576,Chanel,30.05556
BP01577,Chanel,30.70797
BP01578,Chanel,7.86559
BP01579,Chanel,40.06245
BP01580,Chanel,30.2306
BP01581,Chanel,33.834
BP01582,Chanel,34.5651
BP01583,Chanel,36.32241
BP01584,Chanel,36.40778
BP01585,Chanel,35.85374
BP01586,Chanel,37.08203
BP01587,Chanel,38.56761
BP01588,Chanel,32.59993
BP01589,Chanel,41.22262
BP01590,Chanel,31.24823
BP01591,Chanel,36.95481
BP01592,Chanel,32.52906
BP01593,Chanel,30.84876
BP01594,Chanel,32.25391
BP01595,Chanel,41.23396
BP01596,Chanel,33.53621
BP01597,Chanel,31.60463
BP01598,Chanel,32.02075
BP01599,Chanel,31.79048
BP01600,Chanel,30.61411
BP01601,Chanel,29.44622
BP01602,Chanel,41.78946
BP01603,Chanel,31.33799
BP01604,Chanel,33.2301
BP01605,Chanel,34.41856
BP01606,Chanel,17.96051
BP01607,Chanel,32.92046
BP01608,Chanel,34.07409
BP01609,Chanel,38.56132
BP01610,Chanel,29.23154
BP01611,Chanel,16.5155
BP01612,Chanel,43.98593
BP01613,Chanel,45.71445
BP01614,Chanel,41.812
BP01615,Chanel,35.51963
BP01616,Chanel,36.15692
BP01617,Chanel,32.80689
BP01618,Chanel,30.62371
BP01619,Chanel,35.75652
BP01620,Chanel,32.7568
BP01621,Chanel,31.73674
BP01622,Chanel,31.45916
BP01623,Chanel,37.81363
BP01624,Chanel,32.4964
BP01625,Chanel,38.76472
BP01626,Chanel,36.22879
BP01627,Chanel,38.69222
BP01628,Chanel,32.37851
BP01629,Chanel,32.94563
BP01630,Chanel,33.58735
BP01631,Chanel,34.13187
BP01632,Chanel,28.56339
BP01633,Chanel,33.48882
BP01634,Chanel,33.34446
BP01635,Chanel,17.49941
BP01636,Chanel,33.60995
BP01637,Chanel,31.29324
BP01638,Chanel,31.00343
BP01639,Chanel,29.42946
BP01640,Chanel,33.26378
BP01641,Chanel,40.64012
BP01642,Chanel,31.40639
BP01643,Chanel,39.47646
BP01644,Chanel,36.97302
BP01645,Chanel,30.91535
BP01646,Chanel,36.10704
BP01647,Chanel,34.186
BP01648,Chanel,41.8888
BP01649,Chanel,32.66562
BP01650,Chanel,32.05973
BP01651,Chanel,18.94319
BP01652,Chanel,29.84896
BP01653,Chanel,35.51036
BP01654,Chanel,32.71634
BP01655,Chanel,16.9544
BP01656,Chanel,33.9526
BP01657,Chanel,29.02838
BP01658,Chanel,32.81699
BP01659,Chanel,30.86189
BP01660,Chanel,34.1296
BP01661,Chanel,30.26955
BP01662,Chanel,35.96415
BP01663,Chanel,32.46253
BP01664,Chanel,35.12398
BP01665,Chanel,34.30897
BP01666,Chanel,38.43466
BP01667,Chanel,32.48706
BP01668,Chanel,43.26279
BP01669,Chanel,33.37844
BP01670,Chanel,31.42808
BP01671,Chanel,36.12973
BP01672,Chanel,34.9346
BP01673,Chanel,35.84097
BP01674,Chanel,32.14502
BP01675,Chanel,37.91327
BP01676,Chanel,34.96277
BP01677,Chanel,39.35063
BP01678,Chanel,34.74516
BP01679,Chanel,42.50939
BP01680,Chanel,54.47726
BP01681,Chanel,34.53157
BP01682,Chanel,34.10468
BP01683,Chanel,35.33054
BP01684,Chanel,31.7288
BP01685,Chanel,47.15242
BP01686,Chanel,32.70884
BP01687,Chanel,33.23514
BP01688,Chanel,40.3506
BP01689,Chanel,40.81414
BP01690,Chanel,32.5793
BP01691,Chanel,39.77735
BP01692,Chanel,34.24862
BP01693,Chanel,40.9401
BP01694,Chanel,31.91698
BP01695,Chanel,18.5805
BP01696,Chanel,28.98633
BP01697,Chanel,18.42602
BP01698,Chanel,33.884
BP01699,Chanel,36.40386
BP01700,Chanel,32.18654
BP01701,Chanel,35.91518
BP01702,Chanel,40.21676
BP01703,Chanel,29.77566
BP01704,Chanel,17.88087
BP01705,Chanel,35.57637
BP01706,Chanel,32.73932
BP01707,Chanel,33.37218
BP01708,Chanel,28.78588
BP01709,Chanel,33.66758
BP01710,Chanel,31.16168
BP01711,Chanel,32.07175
BP01712,Chanel,32.54536
BP01713,Chanel,35.16364
BP01714,Chanel,35.45964
BP01715,Chanel,30.18059
BP01716,Chanel,29.73192
BP01717,Chanel,29.96002
BP01718,Chanel,29.9141
BP01719,Chanel,30.54848
BP01720,Chanel,32.50142
BP01721,Chanel,28.02689
BP01722,Chanel,34.3424
BP01723,Chanel,31.29622
BP01724,Chanel,32.34907
BP01725,Chanel,32.5189
BP01726,Chanel,34.64795
BP01727,Chanel,35.90498
BP01728,Chanel,33.07467
BP01729,Chanel,36.87102
BP01730,Chanel,33.32593
BP01731,Chanel,34.68365
BP01732,Chanel,34.08528
BP01733,Chanel,34.82624
BP01734,Chanel,36.78247
BP01735,Chanel,37.14486
BP01736,Chanel,44.78691
BP01737,Chanel,43.79645
BP01738,Chanel,35.99438
BP01739,Chanel,40.42053
BP01740,Chanel,28.9563
BP01741,Chanel,31.80392
BP01742,Chanel,31.56646
BP01743,Chanel,17.6154
BP01744,Chanel,33.33514
BP01745,Chanel,29.37194
BP01746,Chanel,18.83679
BP01747,Chanel,31.27337
BP01748,Chanel,31.71798
BP01749,Chanel,33.23774
BP01750,Chanel,30.10196
BP01751,Chanel,18.75179
BP01752,Chanel,34.71957
BP01753,Chanel,43.44262
BP01754,Chanel,33.81506
BP01755,Chanel,32.27043
BP01756,Chanel,35.19629
BP01757,Chanel,34.27384
BP01758,Chanel,38.56139
BP01759,Chanel,35.26716
BP01760,Chanel,41.60464
BP01761,Chanel,32.38818
BP01762,Chanel,34.43427
BP01763,Chanel,30.21944
BP01764,Chanel,37.1924
BP01765,Chanel,58.7183
BP01766,Chanel,34.48516
BP01767,Chanel,36.77551
BP01768,Chanel,36.82061
BP01769,Chanel,48.94587
BP01770,Chanel,34.89158
BP01771,Chanel,33.24636
BP01772,Chanel,42.00313
BP01773,Chanel,33.24318
BP01774,Chanel,59.32178
BP01775,Chanel,39.18583
BP01776,Chanel,54.04016
BP01777,Chanel,42.28503
BP01778,Chanel,41.00131
BP01779,Chanel,39.01861
BP01780,Chanel,35.12472
BP01781,Chanel,38.0511
BP01782,Chanel,35.07197
BP01783,Chanel,39.14342
BP01784,Chanel,34.50737
BP01785,Chanel,35.24813
BP01786,Chanel,35.28137
BP01787,Chanel,47.02503
BP01788,Chanel,36.03942
BP01789,Chanel,35.01405
BP01790,Chanel,42.71531
BP01791,Chanel,36.05919
BP01792,Chanel,45.10887
BP01793,Chanel,31.64019
BP01794,Chanel,34.3672
BP01795,Chanel,34.27299
BP01796,Chanel,38.1777
BP01797,Chanel,34.12111
BP01798,Chanel,35.58467
BP01799,Chanel,35.82782
BP01800,Chanel,34.39562
BP01801,Chanel,36.20129
BP01802,Chanel,34.24931
BP01803,Chanel,32.53881
BP01804,Chanel,37.34889
BP01805,Chanel,35.21647
BP01806,Chanel,35.12153
BP01807,Chanel,32.24151
BP01808,Chanel,36.46559
BP01809,Chanel,33.02444
BP01810,Chanel,33.50338
BP01811,Chanel,35.53391
BP01812,Chanel,57.69494
BP01813,Chanel,37.91146
BP01814,Chanel,35.72773
BP01815,Chanel,34.85202
BP01816,Chanel,32.23394
BP01817,Chanel,32.91098
BP01818,Chanel,32.96401
BP01819,Chanel,38.87707
BP01820,Chanel,31.27609
BP01821,Chanel,34.26918
BP01822,Chanel,33.71995
BP01823,Chanel,38.0563
BP01824,Chanel,33.32207
BP01825,Chanel,36.05069
BP01826,Chanel,36.1875
BP01827,Chanel,35.23776
BP01828,Chanel,33.78345
BP01829,Chanel,32.35951
BP01830,Chanel,30.41649
BP01831,Chanel,33.54926
BP01832,Chanel,34.25948
BP01833,Chanel,34.66313
BP01834,Chanel,37.12657
BP01835,Chanel,39.58651
BP01836,Chanel,36.33368
BP01837,Chanel,39.41024
BP01838,Chanel,35.12072
BP01839,Chanel,36.62577
BP01840,Chanel,35.2455
BP01841,Chanel,36.31876
BP01842,Chanel,29.63523
BP01843,Chanel,34.40013
BP01844,Chanel,33.05098
BP01845,Chanel,41.86064
BP01846,Chanel,37.03371
BP01847,Chanel,38.59878
BP01848,Chanel,42.20887
BP01849,Chanel,31.97481
BP01850,Chanel,34.00121
BP01851,Chanel,38.09886
BP01852,Chanel,33.56698
BP01853,Chanel,38.73199
BP01854,Chanel,36.41964
BP01855,Chanel,30.14976
BP01856,Chanel,37.76352
BP01857,Chanel,34.941
BP01858,Chanel,36.71248
BP01859,Chanel,36.7816
BP01860,Chanel,33.54507
BP01861,Chanel,34.14415
BP01862,Chanel,19.34568
BP01863,Chanel,18.98049
BP01864,Chanel,31.11144
BP01865,Chanel,35.50299
BP01866,Chanel,36.84652
BP01867,Chanel,37.42933
BP01868,Chanel,31.86573
BP01869,Chanel,34.03045
BP01870,Chanel,41.62668
BP01871,Chanel,33.78899
BP01872,Chanel,41.87363
BP01873,Chanel,30.46049
BP01874,Chanel,42.4741
BP01875,Chanel,30.15733
BP01876,Chanel,29.76891
BP01877,Chanel,17.61551
BP01878,Chanel,32.84377
BP01879,Chanel,34.43622
BP01880,Chanel,37.13303
BP01881,Chanel,35.74081
BP01882,Chanel,32.26966
BP01883,Chanel,35.39632
BP01884,Chanel,30.39834
BP01885,Chanel,32.96337
BP01886,Chanel,33.54872
BP01887,Chanel,34.84897
BP01888,Chanel,34.31556
BP01889,Chanel,34.10393
BP01890,Chanel,30.66382
BP01891,Chanel,32.77834
BP01892,Chanel,54.16857
BP01893,Chanel,33.96876
BP01894,Chanel,31.92966
BP01895,Chanel,48.34939
BP01896,Chanel,35.25129
BP01897,Chanel,32.95448
BP01898,Chanel,32.01041
BP01899,Chanel,33.0493
BP01900,Chanel,37.37152
BP01901,Chanel,34.33081
BP01902,Chanel,33.80505
BP01903,Chanel,32.74762
BP01904,Chanel,33.85639
BP01905,Chanel,33.51202
BP01906,Chanel,33.73306
BP01907,Chanel,33.18406
BP01908,Chanel,53.59301
BP01909,Chanel,33.13876
BP01910,Chanel,31.38198
BP01911,Chanel,34.53396
BP01912,Chanel,38.39999
BP01913,Chanel,32.2758
BP01914,Chanel,32.81386
BP01915,Chanel,33.58833
BP01916,Chanel,33.47882
BP01917,Chanel,33.36719
BP01918,Chanel,32.81264
BP01919,Chanel,34.04435
BP01920,Chanel,32.95067
BP01921,Chanel,17.45982
BP01922,Chanel,35.35193
BP01923,Chanel,33.16614
BP01924,Chanel,33.86324
BP01925,Chanel,41.10204
BP01926,Chanel,37.45042
BP01927,Chanel,31.52428
BP01928,Chanel,32.98327
BP01929,Chanel,33.47311
BP01930,Chanel,30.07271
BP01931,Chanel,41.11218
BP01932,Chanel,34.34631
BP01933,Chanel,32.93385
BP01934,Chanel,31.33614
BP01935,Chanel,39.68458
BP01936,Chanel,36.2324
BP01937,Chanel,31.54366
BP01938,Chanel,36.25218
BP01939,Chanel,34.63147
BP01940,Chanel,36.49659
BP01941,Chanel,36.7134
BP01942,Chanel,30.3277
BP01943,Chanel,34.86061
BP01944,Chanel,34.36824
BP01945,Chanel,17.49474
BP01946,Chanel,38.06017
BP01947,Chanel,35.08808
BP01948,Chanel,31.02489
BP01949,Chanel,29.64499
BP01950,Chanel,32.31707
BP01951,Chanel,32.27809
BP01952,Chanel,38.88545
BP01953,Chanel,35.66702
BP01954,Chanel,35.37591
BP01955,Chanel,33.70551
BP01956,Chanel,36.11903
BP01957,Chanel,35.32129
BP01958,Chanel,30.18106
BP01959,Chanel,33.2993
BP01960,Chanel,38.13504
BP01961,Chanel,33.63239
BP01962,Chanel,33.50046
BP01963,Chanel,36.18654
BP01964,Chanel,34.50954
BP01965,Chanel,39.03808
BP01966,Chanel,38.03284
BP01967,Chanel,34.49596
BP01968,Chanel,39.50236
BP01969,Chanel,33.06961
BP01970,Chanel,36.54777
BP01971,Chanel,32.43169
BP01972,Chanel,33.32651
BP01973,Chanel,38.93294
BP01974,Chanel,32.93493
BP01975,Chanel,35.12747
BP01976,Chanel,38.3915
BP01977,Chanel,35.20391
BP01978,Chanel,34.39633
BP01979,Chanel,33.77731
BP01980,Chanel,40.95356
BP01981,Chanel,34.64796
BP01982,Chanel,30.25353
BP01983,Chanel,53.68226
BP01984,Chanel,33.99074
BP01985,Chanel,33.90289
BP01986,Chanel,35.64193
BP01987,Chanel,39.46567
BP01988,Chanel,34.07971
BP01989,Chanel,65.05449
BP01990,Chanel,33.57146
BP01991,Chanel,37.72065
BP01992,Chanel,35.49984
BP01993,Chanel,37.36955
BP01994,Chanel,48.92493
BP01995,Chanel,36.64094
BP01996,Chanel,41.74464
BP01997,Chanel,38.86477
BP01998,Chanel,31.7569
BP01999,Chanel,34.45296
BP02000,Chanel,48.71319
BP02001,Chanel,36.40518
BP02002,Chanel,38.53411
BP02003,Chanel,37.59976
BP02004,Chanel,32.69501
BP02005,Chanel,31.32095
BP02006,Chanel,36.3105
BP02007,Chanel,18.2417
BP02008,Chanel,29.10997
BP02009,Chanel,28.90325
BP02010,Chanel,28.09599
BP02011,Chanel,33.50242
BP02012,Chanel,32.36382
BP02013,Chanel,31.90442
BP02014,Chanel,33.46075
BP02015,Chanel,32.33007
BP02016,Chanel,34.30483
BP02017,Chanel,31.84357
BP02018,Chanel,34.22575
BP02019,Chanel,31.20904
BP02020,Chanel,36.77007
BP02021,Chanel,30.40265
BP02022,Chanel,33.95586
BP02023,Chanel,31.93042
BP02024,Chanel,32.69897
BP02025,Chanel,30.80838
BP02026,Chanel,34.72087
BP02027,Chanel,34.34812
BP02028,Chanel,30.77097
BP02029,Chanel,30.57027
BP02030,Chanel,36.59664
BP02031,Chanel,31.77158
BP02032,Chanel,31.14303
BP02033,Chanel,34.55658
BP02034,Chanel,30.42925
BP02035,Chanel,33.32799
BP02036,Chanel,30.89129
BP02037,Chanel,31.64567
BP02038,Chanel,31.2572
BP02039,Chanel,37.30664
BP02040,Chanel,34.90496
BP02041,Chanel,32.74784
BP02042,Chanel,33.06047
BP02043,Chanel,32.83886
BP02044,Chanel,34.47486
BP02045,Chanel,35.84434
BP02046,Chanel,34.61971
BP02047,Chanel,34.33988
BP02048,Chanel,39.647
BP02049,Chanel,38.16101
BP02050,Chanel,35.94925
BP02051,Chanel,35.053
BP02052,Chanel,33.6913
BP02053,Chanel,36.97032
BP02054,Chanel,35.08061
BP02055,Chanel,40.68237
BP02056,Chanel,22.67938
BP02057,Chanel,31.24518
BP02058,Chanel,33.21361
BP02059,Chanel,33.86109
BP02060,Chanel,34.87872
BP02061,Chanel,31.95749
BP02062,Chanel,35.86164
BP02063,Chanel,31.1415
BP02064,Chanel,32.30681
BP02065,Chanel,36.05012
BP02066,Chanel,31.64506
BP02067,Chanel,33.90471
BP02068,Chanel,33.78373
BP02069,Chanel,32.24548
BP02070,Chanel,30.51662
BP02071,Chanel,30.01019
BP02072,Chanel,29.8816
BP02073,Chanel,30.6262
BP02074,Chanel,34.8812
BP02075,Chanel,34.89275
BP02076,Chanel,32.00114
BP02077,Chanel,35.51601
BP02078,Chanel,36.76134
BP02079,Chanel,28.4876
BP02080,Chanel,32.6487
BP02081,Chanel,34.94734
BP02082,Chanel,29.73174
BP02083,Chanel,33.10687
BP02084,Chanel,32.66529
BP02085,Chanel,37.80745
BP02086,Chanel,37.7689
BP02087,Chanel,32.16323
BP02088,Chanel,36.49792
BP02089,Chanel,31.23184
BP02090,Chanel,35.4524
BP02091,Chanel,32.94483
BP02092,Chanel,34.57619
BP02093,Chanel,39.13013
BP02094,Chanel,47.18514
BP02095,Chanel,36.13563
BP02096,Chanel,32.53013
BP02097,Chanel,33.3808
BP02098,Chanel,28.96365
BP02099,Chanel,35.38286
BP02100,Chanel,36.31997
BP02101,Chanel,31.87299
BP02102,Chanel,33.78957
BP02103,Chanel,34.23932
BP02104,Chanel,39.37816
BP02105,Chanel,29.53758
BP02106,Chanel,35.62953
BP02107,Chanel,18.05642
BP02108,Chanel,32.4107
BP02109,Chanel,33.62943
BP02110,Chanel,38.24758
BP02111,Chanel,33.18319
BP02112,Chanel,31.41947
BP02113,Chanel,34.76835
BP02114,Chanel,30.67442
BP02115,Chanel,51.98301
BP02116,Chanel,33.13497
BP02117,Chanel,30.29988
BP02118,Chanel,30.76051
BP02119,Chanel,34.52754
BP02120,Chanel,38.67247
BP02121,Chanel,35.56199
BP02122,Chanel,37.51861
BP02123,Chanel,35.0503
BP02124,Chanel,31.75877
BP02125,Chanel,17.38152
BP02126,Chanel,33.4046
BP02127,Chanel,32.92256
BP02128,Chanel,33.65359
BP02129,Chanel,30.14736
BP02130,Chanel,38.31233
BP02131,Chanel,33.17227
BP02132,Chanel,31.82608
BP02133,Chanel,32.94826
BP02134,Chanel,35.9224
BP02135,Chanel,34.15268
BP02136,Chanel,31.93953
BP02137,Chanel,30.11844
BP02138,Chanel,31.09556
BP02139,Chanel,32.3659
BP02140,Chanel,35.62266
BP02141,Chanel,29.58245
BP02142,Chanel,32.24724
BP02143,Chanel,29.05772
BP02144,Chanel,31.68023
BP02145,Chanel,33.08787
BP02146,Chanel,28.13609
BP02147,Chanel,34.58942
BP02148,Chanel,35.75778
BP02149,Chanel,29.5772
BP02150,Chanel,35.02537
BP02151,Chanel,33.13826
BP02152,Chanel,35.72402
BP02153,Chanel,34.74559
BP02154,Chanel,32.87486
BP02155,Chanel,29.70643
BP02156,Chanel,30.39511
BP02157,Chanel,28.14032
BP02158,Chanel,7.90295
BP02159,Chanel,28.17
BP02160,Chanel,28.25563
BP02161,Chanel,35.23045
BP02162,Chanel,31.11675
BP02163,Chanel,35.39929
BP02164,Chanel,30.15368
BP02165,Chanel,34.01399
BP02166,Chanel,32.48403
BP02167,Chanel,37.08533
BP02168,Chanel,34.19816
BP02169,Chanel,30.55221
BP02170,Chanel,28.74969
BP02171,Chanel,34.2589
BP02172,Chanel,33.64345
BP02173,Chanel,31.18428
BP02174,Chanel,17.50026
BP02175,Chanel,32.18508
BP02176,Chanel,18.45917
BP02177,Chanel,29.88105
BP02178,Chanel,27.03832
BP02179,Chanel,27.68413
BP02180,Chanel,27.07792
BP02181,Chanel,16.20059
BP02182,Chanel,18.67515
BP02183,Chanel,33.02614
BP02184,Chanel,38.63218
BP02185,Chanel,29.5821
BP02186,Chanel,36.51431
BP02187,Chanel,33.34404
BP02188,Chanel,29.78404
BP02189,Chanel,38.23113
BP02190,Chanel,29.1519
BP02191,Chanel,33.64517
BP02192,Chanel,29.01888
BP02193,Chanel,28.77172
BP02194,Chanel,7.89984
BP02195,Chanel,16.15996
BP02196,Chanel,35.56699
BP02197,Chanel,32.81681
BP02198,Chanel,18.57761
BP02199,Chanel,36.18766
BP02200,Chanel,31.13921
BP02201,Chanel,16.31439
BP02202,Chanel,16.4568
BP02203,Chanel,33.40588
BP02204,Chanel,32.27181
BP02205,Chanel,35.51387
BP02206,Chanel,28.97726
BP02207,Chanel,34.00977
BP02208,Chanel,29.37265
BP02209,Chanel,29.78816
BP02210,Chanel,30.12271
BP02211,Chanel,29.1451
BP02212,Chanel,31.92576
BP02213,Chanel,31.64832
BP02214,Chanel,32.0665
BP02215,Chanel,30.88694
BP02216,Chanel,29.16802
BP02217,Chanel,37.00376
BP02218,Chanel,40.472
BP02219,Chanel,33.619
BP02220,Chanel,32.35056
BP02221,Chanel,31.51449
BP02222,Chanel,30.74429
BP02223,Chanel,32.79956
BP02224,Chanel,34.89164
BP02225,Chanel,31.05589
BP02226,Chanel,34.83486
BP02227,Chanel,20.0405
BP02228,Chanel,30.41033
BP02229,Chanel,49.16177
BP02230,Chanel,21.01992
BP02231,Chanel,37.17183
BP02232,Chanel,34.24148
BP02233,Chanel,37.05396
BP02234,Chanel,38.00742
BP02235,Chanel,33.11416
BP02236,Chanel,31.01588
BP02237,Chanel,32.29425
BP02238,Chanel,38.8164
BP02239,Chanel,32.06038
BP02240,Chanel,39.86672
BP02241,Chanel,36.20591
BP02242,Chanel,34.13426
BP02243,Chanel,39.42164
BP02244,Chanel,51.97701
BP02245,Chanel,36.84039
BP02246,Chanel,33.31406
BP02247,Chanel,38.20205
BP02248,Chanel,36.28788
BP02249,Chanel,31.99269
BP02250,Chanel,36.83405
BP02251,Chanel,34.29667
BP02252,Chanel,40.85795
BP02253,Chanel,34.34977
BP02254,Chanel,21.85153
BP02255,Chanel,33.89167
BP02256,Chanel,32.15974
BP02257,Chanel,35.83161
BP02258,Chanel,31.71299
BP02259,Chanel,28.77388
BP02260,Chanel,7.68789
BP02261,Chanel,29.10458
BP02262,Chanel,16.30814
BP02263,Chanel,29.68796
BP02264,Chanel,35.33904
BP02265,Chanel,35.77457
BP02266,Chanel,17.64195
BP02267,Chanel,17.26708
BP02268,Chanel,27.82772
BP02269,Chanel,30.8815
BP02270,Chanel,16.74393
BP02271,Chanel,28.2793
BP02272,Chanel,32.27014
BP02273,Chanel,42.77069
BP02274,Chanel,35.37811
BP02275,Chanel,31.4957
BP02276,Chanel,32.12966
BP02277,Chanel,18.92512
BP02278,Chanel,33.33483
BP02279,Chanel,32.57891
BP02280,Chanel,29.50447
BP02281,Chanel,18.25395
BP02282,Chanel,34.75609
BP02283,Chanel,31.8105
BP02284,Chanel,32.49068
BP02285,Chanel,32.87033
BP02286,Chanel,22.45247
BP02287,Chanel,31.89724
BP02288,Chanel,37.28518
BP02289,Chanel,33.73495
BP02290,Chanel,34.34809
BP02291,Chanel,36.02421
BP02292,Chanel,33.29465
BP02293,Chanel,32.89985
BP02294,Chanel,36.25783
BP02295,Chanel,34.54828
BP02296,Chanel,32.48499
BP02297,Chanel,35.05624
BP02298,Chanel,38.11082
BP02299,Chanel,35.21241
BP02300,Chanel,32.11208
BP02301,Chanel,35.12923
BP02302,Chanel,31.49344
BP02303,Chanel,35.57052
BP02304,Chanel,36.74751
BP02305,Chanel,41.25574
BP02306,Chanel,36.17324
BP02307,Chanel,39.07003
BP02308,Chanel,36.52551
BP02309,Chanel,34.03273
BP02310,Chanel,37.36708
BP02311,Chanel,35.641
BP02312,Chanel,32.49489
BP02313,Chanel,38.90726
BP02314,Chanel,35.12049
BP02315,Chanel,36.77045
BP02316,Chanel,37.97638
BP02317,Chanel,38.7818
BP02318,Chanel,35.37682
BP02319,Chanel,35.01196
BP02320,Chanel,34.33523
BP02321,Chanel,36.53642
BP02322,Chanel,31.57788
BP02323,Chanel,64.85736
BP02324,Chanel,41.60077
BP02325,Chanel,37.47739
BP02326,Chanel,32.26773
BP02327,Chanel,35.26668
BP02328,Chanel,40.48023
BP02329,Chanel,36.38197
BP02330,Chanel,30.35169
BP02331,Chanel,33.04579
BP02332,Chanel,43.83252
BP02333,Chanel,16.70598
BP02334,Chanel,30.8493
BP02335,Chanel,36.54141
BP02336,Chanel,51.70373
BP02337,Chanel,35.07081
BP02338,Chanel,44.98943
BP02339,Chanel,39.65752
BP02340,Chanel,31.64371
BP02341,Chanel,35.75404
BP02342,Chanel,32.14626
BP02343,Chanel,33.72376
BP02344,Chanel,32.64859
BP02345,Chanel,34.87807
BP02346,Chanel,33.13884
BP02347,Chanel,32.13037
BP02348,Chanel,39.04296
BP02349,Chanel,38.50493
BP02350,Chanel,35.09841
BP02351,Chanel,38.74134
BP02352,Chanel,35.63147
BP02353,Chanel,34.34353
BP02354,Chanel,33.84455
BP02355,Chanel,36.055
BP02356,Chanel,34.32005
BP02357,Chanel,38.21583
BP02358,Chanel,37.84282
BP02359,Chanel,42.73488
BP02360,Chanel,35.1628
BP02361,Chanel,33.92422
BP02362,Chanel,32.24235
BP02363,Chanel,35.07338
BP02364,Chanel,35.50384
BP02365,Chanel,32.98005
BP02366,Chanel,42.9088
BP02367,Chanel,35.1201
BP02368,Chanel,35.62516
BP02369,Chanel,37.98854
BP02370,Chanel,33.41329
BP02371,Chanel,39.20088
BP02372,Chanel,36.799
BP02373,Chanel,32.69439
BP02374,Chanel,35.31843
BP02375,Chanel,39.1384
BP02376,Chanel,39.33706
BP02377,Chanel,34.63891
BP02378,Chanel,34.47018
BP02379,Chanel,33.96911
BP02380,Chanel,44.56426
BP02381,Chanel,35.78381
BP02382,Chanel,21.85048
BP02383,Chanel,33.39405
BP02384,Chanel,34.54516
BP02385,Chanel,39.20851
BP02386,Chanel,32.44422
BP02387,Chanel,32.71869
BP02388,Chanel,34.67178
BP02389,Chanel,33.27137
BP02390,Chanel,38.01497
BP02391,Chanel,31.10539
BP02392,Chanel,31.71906
BP02393,Chanel,30.07282
BP02394,Chanel,36.21152
BP02395,Chanel,31.72549
BP02396,Chanel,38.19607
BP02397,Chanel,35.20363
BP02398,Chanel,33.45084
BP02399,Chanel,35.96083
BP02400,Chanel,30.11362
BP02401,Chanel,32.16306
BP02402,Chanel,23.27509
BP02403,Chanel,32.04462
BP02404,Chanel,31.64187
BP02405,Chanel,31.89487
BP02406,Chanel,33.56006
BP02407,Chanel,34.55933
BP02408,Chanel,32.87399
BP02409,Chanel,30.11889
BP02410,Chanel,31.84832
BP02411,Chanel,36.60059
BP02412,Chanel,30.68863
BP02413,Chanel,35.06827
BP02414,Chanel,31.31437
BP02415,Chanel,34.44226
BP02416,Chanel,33.91576
BP02417,Chanel,36.68573
BP02418,Chanel,33.98336
BP02419,Chanel,18.4897
BP02420,Chanel,22.40107
BP02421,Chanel,42.42742
BP02422,Chanel,45.2804
BP02423,Chanel,33.41326
BP02424,Chanel,34.3854
BP02425,Chanel,34.07216
BP02426,Chanel,45.61772
BP02427,Chanel,35.68901
BP02428,Chanel,30.05119
BP02429,Chanel,32.0665
BP02430,Chanel,41.27334
BP02431,Chanel,34.39462
BP02432,Chanel,36.10233
BP02433,Chanel,38.5178
BP02434,Chanel,29.26802
BP02435,Chanel,32.80536
BP02436,Chanel,29.47162
BP02437,Chanel,28.7935
BP02438,Chanel,29.2502
BP02439,Chanel,29.41551
BP02440,Chanel,17.22875
BP02441,Chanel,33.26398
BP02442,Chanel,33.61156
BP02443,Chanel,17.12975
BP02444,Chanel,18.23976
BP02445,Chanel,33.12465
BP02446,Chanel,28.19613
BP02447,Chanel,35.87299
BP02448,Chanel,33.54394
BP02449,Chanel,30.01259
BP02450,Chanel,36.02475
BP02451,Chanel,34.5563
BP02452,Chanel,29.44261
BP02453,Chanel,19.55932
BP02454,Chanel,19.2519
BP02455,Chanel,37.4136
BP02456,Chanel,33.11061
BP02457,Chanel,31.02357
BP02458,Chanel,17.84176
BP02459,Chanel,31.49298
BP02460,Chanel,36.50905
BP02461,Chanel,34.57789
BP02462,Chanel,31.30924
BP02463,Chanel,40.43472
BP02464,Chanel,29.34625
BP02465,Chanel,29.38274
BP02466,Chanel,36.28022
BP02467,Chanel,33.92135
BP02468,Chanel,37.50694
BP02469,Chanel,39.40039
BP02470,Chanel,33.53619
BP02471,Chanel,35.25498
BP02472,Chanel,34.47314
BP02473,Chanel,29.9752
BP02474,Chanel,28.65961
BP02475,Chanel,32.47405
BP02476,Chanel,35.36862
BP02477,Chanel,37.03593
BP02478,Chanel,35.23967
BP02479,Chanel,34.54386
BP02480,Chanel,34.31208
BP02481,Chanel,38.70002
BP02482,Chanel,38.69176
BP02483,Chanel,52.71035
BP02484,Chanel,32.47049
BP02485,Chanel,32.59568
BP02486,Chanel,33.04885
BP02487,Chanel,35.84324
BP02488,Chanel,35.18384
BP02489,Chanel,40.62447
BP02490,Chanel,50.85255
BP02491,Chanel,32.28823
BP02492,Chanel,54.06791
BP02493,Chanel,38.86363
BP02494,Chanel,31.43288
BP02495,Chanel,38.17756
BP02496,Chanel,35.0854
BP02497,Chanel,37.51317
BP02498,Chanel,52.56477
BP02499,Chanel,37.24787
BP02500,Chanel,34.45896
BP02501,Chanel,33.75389
BP02502,Chanel,37.92805
BP02503,Chanel,37.70419
BP02504,Chanel,50.66659
BP02505,Chanel,36.34459
BP02506,Chanel,32.76144
BP02507,Chanel,39.21263
BP02508,Chanel,34.85079
BP02509,Chanel,33.40067
BP02510,Chanel,34.9707
BP02511,Chanel,29.49666
BP02512,Chanel,19.80648
BP02513,Chanel,35.39484
BP02514,Chanel,33.40629
BP02515,Chanel,44.59943
BP02516,Chanel,49.21003
BP02517,Chanel,43.33706
BP02518,Chanel,35.88349
BP02519,Chanel,33.40826
BP02520,Chanel,32.76963
BP02521,Chanel,43.15943
BP02522,Chanel,33.48995
BP02523,Chanel,33.60682
BP02524,Chanel,34.51727
BP02525,Chanel,36.9916
BP02526,Chanel,37.90181
BP02527,Chanel,42.89533
BP02528,Chanel,38.4551
BP02529,Chanel,37.04007
BP02530,Chanel,33.38716
BP02531,Chanel,41.32657
BP02532,Chanel,39.44042
BP02533,Chanel,59.62596
BP02534,Chanel,36.97611
BP02535,Chanel,32.54655
BP02536,Chanel,52.31974
BP02537,Chanel,37.88921
BP02538,Chanel,38.56879
BP02539,Chanel,29.53583
BP02540,Chanel,37.02598
BP02541,Chanel,34.73006
BP02542,Chanel,35.89198
BP02543,Chanel,33.75832
BP02544,Chanel,54.82686
BP02545,Chanel,38.81754
BP02546,Chanel,38.06134
BP02547,Chanel,53.51893
BP02548,Chanel,36.44979
BP02549,Chanel,39.28116
BP02550,Chanel,34.5498
BP02551,Chanel,31.6051
BP02552,Chanel,32.02134
BP02553,Chanel,37.63354
BP02554,Chanel,45.14485
BP02555,Chanel,50.06903
BP02556,Chanel,33.32098
BP02557,Chanel,20.09084
BP02558,Chanel,43.68045
BP02559,Chanel,41.69244
BP02560,Chanel,33.15374
BP02561,Chanel,33.87494
BP02562,Chanel,35.56093
BP02563,Chanel,34.08875
BP02564,Chanel,33.32924
BP02565,Chanel,38.85044
BP02566,Chanel,43.62702
BP02567,Chanel,33.07984
BP02568,Chanel,38.34108
BP02569,Chanel,39.69302
BP02570,Chanel,39.16692
BP02571,Chanel,33.65508
BP02572,Chanel,41.06008
BP02573,Chanel,34.26912
BP02574,Chanel,42.46527
BP02575,Chanel,31.48315
BP02576,Chanel,29.94372
BP02577,Chanel,29.57156
BP02578,Chanel,31.58146
BP02579,Chanel,38.09613
BP02580,Chanel,35.73522
BP02581,Chanel,29.11443
BP02582,Chanel,33.24104
BP02583,Chanel,31.56285
BP02584,Chanel,37.78478
BP02585,Chanel,34.25493
BP02586,Chanel,38.18254
BP02587,Chanel,43.51031
BP02588,Chanel,35.99338
BP02589,Chanel,36.24192
BP02590,Chanel,33.97023
BP02591,Chanel,36.25951
BP02592,Chanel,37.58818
BP02593,Chanel,33.9931
BP02594,Chanel,32.34106
BP02595,Chanel,44.50215
BP02596,Chanel,42.46904
BP02597,Chanel,50.8434
BP02598,Chanel,35.7243
BP02599,Chanel,36.62307
BP02600,Chanel,30.41815
BP02601,Chanel,32.4893
BP02602,Chanel,35.81779
BP02603,Chanel,36.60417
BP02604,Chanel,36.64275
BP02605,Chanel,48.62712
BP02606,Chanel,33.93734
BP02607,Chanel,33.03276
BP02608,Chanel,35.58912
BP02609,Chanel,36.00136
BP02610,Chanel,35.26249
BP02611,Chanel,38.13186
BP02612,Chanel,32.99032
BP02613,Chanel,39.48411
BP02614,Chanel,53.26668
BP02615,Chanel,38.15236
BP02616,Chanel,32.67025
BP02617,Chanel,35.70811
BP02618,Chanel,35.86991
BP02619,Chanel,33.49566
BP02620,Chanel,32.29115
BP02621,Chanel,32.13755
BP02622,Chanel,34.05844
BP02623,Chanel,30.65143
BP02624,Chanel,43.3563
BP02625,Chanel,33.85791
BP02626,Chanel,35.10684
BP02627,Chanel,35.5148
BP02628,Chanel,33.7884
BP02629,Chanel,29.33178
BP02630,Chanel,33.7314
BP02631,Chanel,41.50292
BP02632,Chanel,30.36227
BP02633,Chanel,22.26968
BP02634,Chanel,33.9541
BP02635,Chanel,37.56969
BP02636,Chanel,34.02266
BP02637,Chanel,31.07961
BP02638,Chanel,35.27522
BP02639,Chanel,35.33118
BP02640,Chanel,49.45594
BP02641,Chanel,34.99288
BP02642,Chanel,32.66296
BP02643,Chanel,37.92455
BP02644,Chanel,35.15993
BP02645,Chanel,34.2641
BP02646,Chanel,35.26669
BP02647,Chanel,45.861
BP02648,Chanel,35.70664
BP02649,Chanel,36.42777
BP02650,Chanel,34.73498
BP02651,Chanel,39.1427
BP02652,Chanel,36.16881
BP02653,Chanel,33.05052
BP02654,Chanel,32.99314
BP02655,Chanel,32.33922
BP02656,Chanel,43.55316
BP02657,Chanel,43.76883
BP02658,Chanel,46.72224
BP02659,Chanel,44.4051
BP02660,Chanel,48.81081
BP02661,Chanel,35.20472
BP02662,Chanel,33.05499
BP02663,Chanel,31.67819
BP02664,Chanel,36.16139
BP02665,Chanel,37.31098
BP02666,Chanel,37.6627
BP02667,Chanel,36.71898
BP02668,Chanel,41.16809
BP02669,Chanel,34.63199
BP02670,Chanel,37.17683
BP02671,Chanel,33.95169
BP02672,Chanel,54.06997
BP02673,Chanel,38.18219
BP02674,Chanel,38.21831
BP02675,Chanel,48.22053
BP02676,Chanel,34.0107
BP02677,Chanel,53.09817
BP02678,Chanel,37.06069
BP02679,Chanel,38.43092
BP02680,Chanel,36.93318
BP02681,Chanel,33.53089
BP02682,Chanel,32.33422
BP02683,Chanel,38.29113
BP02684,Chanel,34.33286
BP02685,Chanel,46.92448
BP02686,Chanel,43.97743
BP02687,Chanel,34.31932
BP02688,Chanel,33.89442
BP02689,Chanel,37.52156
BP02690,Chanel,38.2523
BP02691,Chanel,33.23862
BP02692,Chanel,36.70447
BP02693,Chanel,37.93619
BP02694,Chanel,39.15557
BP02695,Chanel,37.93007
BP02696,Chanel,38.47547
BP02697,Chanel,35.21973
BP02698,Chanel,35.87179
BP02699,Chanel,34.89674
BP02700,Chanel,39.17209
BP02701,Chanel,39.34932
BP02702,Chanel,58.08265
BP02703,Chanel,52.54328
BP02704,Chanel,40.7606
BP02705,Chanel,36.89939
BP02706,Chanel,36.56992
BP02707,Chanel,37.86936
BP02708,Chanel,40.6934
BP02709,Chanel,38.03297
BP02710,Chanel,34.19866
BP02711,Chanel,59.04824
BP02712,Chanel,40.41354
BP02713,Chanel,33.58263
BP02714,Chanel,48.90732
BP02715,Chanel,39.43935
BP02716,Chanel,41.58204
BP02717,Chanel,35.78809
BP02718,Chanel,42.86248
BP02719,Chanel,37.20902
BP02720,Chanel,34.73135
BP02721,Chanel,38.29915
BP02722,Dior,29.10384
BP02723,Dior,31.14213
BP02724,Dior,34.24201
BP02725,Dior,39.94868
BP02726,Dior,37.20747
BP02727,Dior,37.13815
BP02728,Dior,36.13467
BP02729,Dior,3.42275
BP02730,Dior,36.20804
BP02731,Dior,37.41004
BP02732,Dior,37.22049
BP02733,Dior,3.7752
BP02734,Dior,36.8967
BP02735,Dior,33.95802
BP02736,Dior,32.97198
BP02737,Dior,37.80258
BP02738,Dior,39.37001
BP02739,Dior,40.39193
BP02740,Dior,41.76836
BP02741,Dior,38.62196
BP02742,Dior,38.16197
BP02743,Dior,37.92829
BP02744,Dior,39.232
BP02745,Dior,38.37294
BP02746,Dior,43.63711
BP02747,Dior,33.1317
BP02748,Dior,35.87823
BP02749,Dior,39.0813
BP02750,Dior,35.20414
BP02751,Dior,34.2542
BP02752,Dior,37.42339
BP02753,Dior,3.65902
BP02754,Dior,37.08869
BP02755,Dior,39.14751
BP02756,Dior,36.51414
BP02757,Dior,37.91223
BP02758,Dior,37.82766
BP02759,Dior,37.52888
BP02760,Dior,40.81461
BP02761,Dior,47.6226
BP02762,Dior,38.82977
BP02763,Dior,38.18887
BP02764,Dior,42.5301
BP02765,Dior,37.70269
BP02766,Dior,37.16539
BP02767,Dior,35.89487
BP02768,Dior,39.18551
BP02769,Dior,41.82785
BP02770,Dior,41.09069
BP02771,Dior,44.22454
BP02772,Dior,41.72748
BP02773,Dior,41.09245
BP02774,Dior,42.70368
BP02775,Dior,40.71624
BP02776,Dior,39.03195
BP02777,Dior,3.81379
BP02778,Dior,3.67553
BP02779,Dior,37.63632
BP02780,Dior,37.61737
BP02781,Dior,42.35562
BP02782,Dior,40.04144
BP02783,Dior,41.42787
BP02784,Dior,18.43367
BP02785,Dior,4.21057
BP02786,Dior,40.54597
BP02787,Dior,51.39655
BP02788,Dior,48.41859
BP02789,Dior,43.1728
BP02790,Dior,44.21883
BP02791,Dior,42.47881
BP02792,Dior,3.65557
BP02793,Dior,47.70593
BP02794,Dior,43.69543
BP02795,Dior,40.74786
BP02796,Dior,38.51244
BP02797,Dior,42.30596
BP02798,Dior,22.62673
BP02799,Dior,37.76368
BP02800,Dior,19.70815
BP02801,Dior,31.62307
BP02802,Dior,37.58609
BP02803,Dior,39.02555
BP02804,Dior,3.64851
BP02805,Dior,36.37426
BP02806,Dior,36.97282
BP02807,Dior,40.47672
BP02808,Dior,36.62628
BP02809,Dior,33.08856
BP02810,Dior,37.70736
BP02811,Dior,37.68037
BP02812,Dior,35.60032
BP02813,Dior,32.40272
BP02814,Dior,21.21436
BP02815,Dior,35.73332
BP02816,Dior,32.51286
BP02817,Dior,34.17179
BP02818,Dior,3.62981
BP02819,Dior,34.27346
BP02820,Dior,33.39298
BP02821,Dior,20.90897
BP02822,Dior,33.71438
BP02823,Dior,33.27347
BP02824,Dior,36.48553
BP02825,Dior,34.41549
BP02826,Dior,32.30054
BP02827,Dior,37.65774
BP02828,Dior,21.19543
BP02829,Dior,36.48586
BP02830,Dior,33.63198
BP02831,Dior,12.83251
BP02832,Dior,24.9233
BP02833,Dior,33.84336
BP02834,Dior,3.5722
BP02835,Dior,34.12266
BP02836,Dior,37.12471
BP02837,Dior,32.0986
BP02838,Dior,33.62778
BP02839,Dior,35.43894
BP02840,Dior,34.18219
BP02841,Dior,3.58691
BP02842,Dior,31.09754
BP02843,Dior,18.40167
BP02844,Dior,33.24429
BP02845,Dior,18.81334
BP02846,Dior,30.20888
BP02847,Dior,33.25142
BP02848,Dior,33.68491
BP02849,Dior,31.12296
BP02850,Dior,33.33961
BP02851,Dior,34.18778
BP02852,Dior,25.02657
BP02853,Dior,33.78674
BP02854,Dior,28.48148
BP02855,Dior,35.34255
BP02856,Dior,18.48598
BP02857,Dior,31.42788
BP02858,Dior,35.36612
BP02859,Dior,42.38126
BP02860,Dior,29.89405
BP02861,Dior,31.77162
BP02862,Dior,19.09458
BP02863,Dior,37.70451
BP02864,Dior,33.21267
BP02865,Dior,34.07921
BP02866,Dior,33.51491
BP02867,Dior,3.58691
BP02868,Dior,34.08929
BP02869,Dior,32.6858
BP02870,Dior,31.7232
BP02871,Dior,3.70537
BP02872,Dior,32.30249
BP02873,Dior,31.23267
BP02874,Dior,16.23997
BP02875,Dior,30.31491
BP02876,Dior,33.03865
BP02877,Dior,36.75003
BP02878,Dior,31.89554
BP02879,Dior,13.8066
BP02880,Dior,34.31485
BP02881,Dior,30.42876
BP02882,Dior,45.92811
BP02883,Dior,49.25724
BP02884,Dior,28.85025
BP02885,Dior,30.17291
BP02886,Dior,3.49308
BP02887,Dior,60.86422
BP02888,Dior,33.20537
BP02889,Dior,34.26789
BP02890,Dior,31.2563
BP02891,Dior,18.93128
BP02892,Dior,39.88919
BP02893,Dior,29.36633
BP02894,Dior,17.59185
BP02895,Dior,13.63097
BP02896,Dior,37.6365
BP02897,Dior,31.9879
BP02898,Dior,30.80919
BP02899,Dior,27.57157
BP02900,Dior,30.27914
BP02901,Dior,28.61961
BP02902,Dior,17.18799
BP02903,Dior,31.53856
BP02904,Dior,35.19356
BP02905,Dior,17.50931
BP02906,Dior,17.51002
BP02907,Dior,34.89425
BP02908,Dior,30.70521
BP02909,Dior,31.7258
BP02910,Dior,32.96751
BP02911,Dior,43.22834
BP02912,Dior,31.54508
BP02913,Dior,34.19048
BP02914,Dior,30.56918
BP02915,Dior,32.24666
BP02916,Dior,39.47305
BP02917,Dior,48.76035
BP02918,Dior,35.00813
BP02919,Dior,35.20405
BP02920,Dior,40.76217
BP02921,Dior,32.8942
BP02922,Dior,29.61571
BP02923,Dior,41.24905
BP02924,Dior,31.89358
BP02925,Dior,29.29507
BP02926,Dior,34.4981
BP02927,Dior,39.84339
BP02928,Dior,38.53612
BP02929,Dior,12.63856
BP02930,Dior,31.75926
BP02931,Dior,34.61474
BP02932,Dior,35.06119
BP02933,Dior,33.96879
BP02934,Dior,30.46755
BP02935,Dior,18.08975
BP02936,Dior,29.24262
BP02937,Dior,17.88308
BP02938,Dior,27.82661
BP02939,Dior,16.70103
BP02940,Dior,17.893
BP02941,Dior,31.17292
BP02942,Dior,30.43018
BP02943,Dior,18.6282
BP02944,Dior,30.0507
BP02945,Dior,16.51915
BP02946,Dior,33.30862
BP02947,Dior,31.93114
BP02948,Dior,30.22749
BP02949,Dior,32.86336
BP02950,Dior,31.82517
BP02951,Dior,31.22269
BP02952,Dior,34.23301
BP02953,Dior,16.98474
BP02954,Dior,30.33732
BP02955,Dior,29.87208
BP02956,Dior,28.44687
BP02957,Dior,29.1958
BP02958,Dior,33.43095
BP02959,Dior,30.99663
BP02960,Dior,29.12446
BP02961,Dior,32.98325
BP02962,Dior,36.07126
BP02963,Dior,31.74556
BP02964,Dior,34.49777
BP02965,Dior,28.61775
BP02966,Dior,17.819
BP02967,Dior,29.36757
BP02968,Dior,29.52675
BP02969,Dior,32.97738
BP02970,Dior,31.87644
BP02971,Dior,32.98015
BP02972,Dior,33.65429
BP02973,Dior,32.48448
BP02974,Dior,39.08025
BP02975,Dior,31.78767
BP02976,Dior,28.51845
BP02977,Dior,32.84314
BP02978,Dior,29.89832
BP02979,Dior,30.28692
BP02980,Dior,21.90652
BP02981,Dior,46.01679
BP02982,Dior,40.24183
BP02983,Dior,37.02212
BP02984,Dior,3.55641
BP02985,Dior,37.43663
BP02986,Dior,38.37342
BP02987,Dior,32.49273
BP02988,Dior,32.79141
BP02989,Dior,34.67545
BP02990,Dior,54.91202
BP02991,Dior,33.3457
BP02992,Dior,3.41188
BP02993,Dior,3.32888
BP02994,Dior,3.40036
BP02995,Dior,30.9153
BP02996,Dior,31.12223
BP02997,Dior,32.59869
BP02998,Dior,33.00889
BP02999,Dior,33.56648
BP03000,Dior,35.7708
BP03001,Dior,32.18577
BP03002,Dior,32.2924
BP03003,Dior,29.92199
BP03004,Dior,30.81082
BP03005,Dior,34.40888
BP03006,Dior,4.21296
BP03007,Dior,32.98155
BP03008,Dior,28.59439
BP03009,Dior,35.01352
BP03010,Dior,35.79823
BP03011,Dior,30.65324
BP03012,Dior,29.72602
BP03013,Dior,18.76186
BP03014,Dior,30.56588
BP03015,Dior,3.3881
BP03016,Dior,29.95373
BP03017,Dior,30.49076
BP03018,Dior,28.559
BP03019,Dior,3.5618
BP03020,Dior,31.64231
BP03021,Dior,32.15731
BP03022,Dior,28.31091
BP03023,Dior,30.7085
BP03024,Dior,3.44282
BP03025,Dior,18.44187
BP03026,Dior,18.67772
BP03027,Dior,17.95915
BP03028,Dior,32.00118
BP03029,Dior,31.13021
BP03030,Dior,52.1354
BP03031,Dior,31.35431
BP03032,Dior,3.85792
BP03033,Dior,32.05325
BP03034,Dior,3.96769
BP03035,Dior,30.24408
BP03036,Dior,34.43621
BP03037,Dior,3.52077
BP03038,Dior,32.99758
BP03039,Dior,29.45206
BP03040,Dior,34.97903
BP03041,Dior,32.59742
BP03042,Dior,29.69312
BP03043,Dior,37.1403
BP03044,Dior,29.61943
BP03045,Dior,17.26669
BP03046,Dior,17.86822
BP03047,Dior,26.57696
BP03048,Dior,30.42952
BP03049,Dior,31.71188
BP03050,Dior,5.34831
BP03051,Dior,29.71795
BP03052,Dior,31.28688
BP03053,Dior,17.71661
BP03054,Dior,18.94469
BP03055,Dior,29.99259
BP03056,Dior,33.49932
BP03057,Dior,17.36863
BP03058,Dior,29.66678
BP03059,Dior,28.49081
BP03060,Dior,29.28891
BP03061,Dior,16.02641
BP03062,Dior,29.15423
BP03063,Dior,16.97401
BP03064,Dior,29.02982
BP03065,Dior,29.54839
BP03066,Dior,31.98275
BP03067,Dior,31.09623
BP03068,Dior,32.14867
BP03069,Dior,30.98858
BP03070,Dior,20.09619
BP03071,Dior,35.17179
BP03072,Dior,29.78265
BP03073,Dior,31.70278
BP03074,Dior,33.52455
BP03075,Dior,32.78579
BP03076,Dior,33.89803
BP03077,Dior,45.88113
BP03078,Dior,31.32019
BP03079,Dior,27.74045
BP03080,Dior,27.91126
BP03081,Dior,32.14809
BP03082,Dior,18.89036
BP03083,Dior,29.82012
BP03084,Dior,31.6076
BP03085,Dior,17.11066
BP03086,Dior,31.54871
BP03087,Dior,55.09825
BP03088,Dior,17.18279
BP03089,Dior,38.6287
BP03090,Dior,20.44111
BP03091,Dior,32.37166
BP03092,Dior,32.11959
BP03093,Dior,32.55387
BP03094,Dior,41.28951
BP03095,Dior,29.65769
BP03096,Dior,33.94637
BP03097,Dior,17.8737
BP03098,Dior,27.7736
BP03099,Dior,28.86147
BP03100,Dior,27.52958
BP03101,Dior,14.94658
BP03102,Dior,31.23391
BP03103,Dior,33.43035
BP03104,Dior,26.77686
BP03105,Dior,28.80639
BP03106,Dior,30.14644
BP03107,Dior,3.73432
BP03108,Dior,30.72854
BP03109,Dior,17.43569
BP03110,Dior,31.22749
BP03111,Dior,31.02905
BP03112,Dior,15.12838
BP03113,Dior,33.11083
BP03114,Dior,36.07612
BP03115,Dior,31.84922
BP03116,Dior,3.48553
BP03117,Dior,3.5722
BP03118,Dior,27.64354
BP03119,Dior,33.88377
BP03120,Dior,28.67098
BP03121,Dior,31.5797
BP03122,Dior,32.46587
BP03123,Dior,30.17309
BP03124,Dior,32.68788
BP03125,Dior,41.56021
BP03126,Dior,34.79231
BP03127,Dior,35.07067
BP03128,Dior,38.34041
BP03129,Dior,28.37393
BP03130,Dior,44.03801
BP03131,Dior,61.57903
BP03132,Dior,33.80157
BP03133,Dior,17.41169
BP03134,Dior,37.45922
BP03135,Dior,32.4316
BP03136,Dior,34.18434
BP03137,Dior,6.19789
BP03138,Dior,33.37423
BP03139,Dior,3.32888
BP03140,Dior,34.38153
BP03141,Dior,17.85206
BP03142,Dior,17.53987
BP03143,Dior,31.88706
BP03144,Dior,33.94747
BP03145,Dior,17.08766
BP03146,Dior,29.77225
BP03147,Dior,32.78086
BP03148,Dior,30.25421
BP03149,Dior,31.71552
BP03150,Dior,30.46432
BP03151,Dior,32.39385
BP03152,Dior,30.48505
BP03153,Dior,28.87855
BP03154,Dior,37.51432
BP03155,Dior,50.43967
BP03156,Dior,48.92477
BP03157,Dior,41.69772
BP03158,Dior,39.227
BP03159,Dior,32.58258
BP03160,Dior,31.71026
BP03161,Dior,17.37966
BP03162,Dior,30.1863
BP03163,Dior,39.3173
BP03164,Dior,3.68793
BP03165,Dior,34.40833
BP03166,Dior,35.33194
BP03167,Dior,32.509
BP03168,Dior,33.51869
BP03169,Dior,33.51156
BP03170,Dior,38.2718
BP03171,Dior,38.05357
BP03172,Dior,28.3104
BP03173,Dior,16.75267
BP03174,Dior,32.10412
BP03175,Dior,17.59531
BP03176,Dior,29.98538
BP03177,Dior,38.06152
BP03178,Dior,33.43709
BP03179,Dior,4.12339
BP03180,Dior,30.4506
BP03181,Dior,33.58194
BP03182,Dior,15.83959
BP03183,Dior,29.93415
BP03184,Dior,32.78246
BP03185,Dior,31.85314
BP03186,Dior,32.53829
BP03187,Dior,32.17388
BP03188,Dior,34.31311
BP03189,Dior,14.45834
BP03190,Dior,34.44801
BP03191,Dior,34.11881
BP03192,Dior,18.2996
BP03193,Dior,38.19817
BP03194,Dior,33.88164
BP03195,Dior,30.2316
BP03196,Dior,29.14603
BP03197,Dior,34.47411
BP03198,Dior,35.85305
BP03199,Dior,31.14036
BP03200,Dior,31.44223
BP03201,Dior,31.89718
BP03202,Dior,36.22128
BP03203,Dior,49.82498
BP03204,Dior,35.8548
BP03205,Dior,41.21791
BP03206,Dior,35.06998
BP03207,Dior,36.45292
BP03208,Dior,4.64156
BP03209,Dior,43.44538
BP03210,Dior,38.09354
BP03211,Dior,39.0751
BP03212,Dior,49.55655
BP03213,Dior,15.65694
BP03214,Dior,31.1423
BP03215,Dior,29.24612
BP03216,Dior,44.82598
BP03217,Dior,37.79747
BP03218,Dior,60.63742
BP03219,Dior,51.93113
BP03220,Dior,33.01289
BP03221,Dior,47.56909
BP03222,Dior,37.01033
BP03223,Dior,4.62333
BP03224,Dior,57.14723
BP03225,Dior,31.72413
BP03226,Dior,6.97692
BP03227,Dior,32.56799
BP03228,Dior,18.92179
BP03229,Dior,34.19306
BP03230,Dior,17.38964
BP03231,Dior,33.30094
BP03232,Dior,31.47153
BP03233,Dior,38.02195
BP03234,Dior,18.29007
BP03235,Dior,31.20938
BP03236,Dior,34.83119
BP03237,Dior,30.04199
BP03238,Dior,38.53787
BP03239,Dior,31.74463
BP03240,Dior,30.58089
BP03241,Dior,34.04557
BP03242,Dior,33.02094
BP03243,Dior,32.97548
BP03244,Dior,33.03217
BP03245,Dior,33.36231
BP03246,Dior,3.63748
BP03247,Dior,30.43816
BP03248,Dior,27.91912
BP03249,Dior,17.83284
BP03250,Dior,31.48078
BP03251,Dior,37.01216
BP03252,Dior,15.49413
BP03253,Dior,18.44611
BP03254,Dior,16.99603
BP03255,Dior,33.32045
BP03256,Dior,32.89947
BP03257,Dior,29.86195
BP03258,Dior,33.02775
BP03259,Dior,30.55538
BP03260,Dior,30.97015
BP03261,Dior,36.27467
BP03262,Dior,48.90485
BP03263,Dior,33.31347
BP03264,Dior,17.95813
BP03265,Dior,28.80131
BP03266,Dior,3.68489
BP03267,Dior,18.89887
BP03268,Dior,27.12795
BP03269,Dior,15.13651
BP03270,Dior,17.97573
BP03271,Dior,3.52077
BP03272,Dior,29.89039
BP03273,Dior,33.6956
BP03274,Dior,3.86531
BP03275,Dior,33.98196
BP03276,Dior,34.54699
BP03277,Dior,37.23406
BP03278,Dior,30.65092
BP03279,Dior,7.91702
BP03280,Dior,31.45522
BP03281,Dior,29.17103
BP03282,Dior,3.984
BP03283,Dior,29.06319
BP03284,Dior,3.71362
BP03285,Dior,30.04125
BP03286,Dior,35.94632
BP03287,Dior,30.29169
BP03288,Dior,32.409
BP03289,Dior,48.83204
BP03290,Dior,50.42156
BP03291,Dior,52.74108
BP03292,Dior,37.27416
BP03293,Dior,7.08972
BP03294,Dior,37.56708
BP03295,Dior,33.53804
BP03296,Dior,39.66992
BP03297,Dior,16.08454
BP03298,Dior,27.44673
BP03299,Dior,31.13136
BP03300,Dior,6.74814
BP03301,Dior,31.92516
BP03302,Dior,34.33441
BP03303,Dior,28.53392
BP03304,Dior,32.27632
BP03305,Dior,3.61364
BP03306,Dior,35.2942
BP03307,Dior,33.95625
BP03308,Dior,28.18802
BP03309,Dior,34.9023
BP03310,Dior,32.5724
BP03311,Dior,34.39349
BP03312,Dior,30.28293
BP03313,Dior,28.53455
BP03314,Dior,28.78615
BP03315,Dior,30.76174
BP03316,Dior,5.79398
BP03317,Dior,32.55157
BP03318,Dior,16.31328
BP03319,Dior,17.2532
BP03320,Dior,36.45067
BP03321,Dior,31.28707
BP03322,Dior,37.33437
BP03323,Dior,34.63899
BP03324,Dior,29.00659
BP03325,Dior,31.67139
BP03326,Dior,35.18772
BP03327,Dior,33.67686
BP03328,Dior,35.6773
BP03329,Dior,32.34731
BP03330,Dior,41.00767
BP03331,Dior,31.57395
BP03332,Dior,28.49415
BP03333,Dior,34.04068
BP03334,Dior,36.61455
BP03335,Dior,46.86449
BP03336,Dior,29.52918
BP03337,Dior,31.81309
BP03338,Dior,36.57262
BP03339,Dior,36.09102
BP03340,Dior,31.85696
BP03341,Dior,36.44436
BP03342,Dior,48.57551
BP03343,Dior,19.46379
BP03344,Dior,49.46503
BP03345,Dior,3.62188
BP03346,Dior,35.85419
BP03347,Dior,3.94823
BP03348,Dior,32.65579
BP03349,Dior,34.12253
BP03350,Dior,33.04284
BP03351,Dior,30.25725
BP03352,Dior,33.34553
BP03353,Dior,31.65946
BP03354,Dior,34.9692
BP03355,Dior,30.58424
BP03356,Dior,29.63895
BP03357,Dior,19.10656
BP03358,Dior,31.50547
BP03359,Dior,33.70781
BP03360,Dior,31.3915
BP03361,Dior,32.58091
BP03362,Dior,37.62064
BP03363,Dior,19.51332
BP03364,Dior,38.91304
BP03365,Dior,30.70182
BP03366,Dior,34.8037
BP03367,Dior,7.88494
BP03368,Dior,38.41875
BP03369,Dior,31.9116
BP03370,Dior,34.60774
BP03371,Dior,34.00532
BP03372,Dior,33.29881
BP03373,Dior,37.66253
BP03374,Dior,29.27838
BP03375,Dior,33.61872
BP03376,Dior,49.1406
BP03377,Dior,29.28882
BP03378,Dior,47.64655
BP03379,Dior,29.60452
BP03380,Dior,31.04161
BP03381,Dior,42.10908
BP03382,Dior,32.24583
BP03383,Dior,16.92193
BP03384,Dior,27.56242
BP03385,Dior,30.70321
BP03386,Dior,30.24477
BP03387,Dior,34.2511
BP03388,Dior,37.1724
BP03389,Dior,31.76922
BP03390,Dior,33.76465
BP03391,Dior,34.66387
BP03392,Dior,3.57721
BP03393,Dior,33.05046
BP03394,Dior,34.77534
BP03395,Dior,32.1052
BP03396,Dior,39.54026
BP03397,Dior,32.36524
BP03398,Dior,21.83533
BP03399,Dior,32.72109
BP03400,Dior,31.69118
BP03401,Dior,50.33378
BP03402,Dior,47.6382
BP03403,Dior,45.01082
BP03404,Dior,29.70785
BP03405,Dior,31.6818
BP03406,Dior,32.57081
BP03407,Dior,31.81992
BP03408,Dior,30.6194
BP03409,Dior,21.66069
BP03410,Dior,29.04571
BP03411,Dior,16.52457
BP03412,Dior,3.53333
BP03413,Dior,31.14773
BP03414,Dior,30.94333
BP03415,Dior,3.43304
BP03416,Dior,32.73337
BP03417,Dior,35.68603
BP03418,Dior,17.81985
BP03419,Dior,3.7242
BP03420,Dior,19.37281
BP03421,Dior,4.21296
BP03422,Dior,29.86603
BP03423,Dior,39.13082
BP03424,Dior,17.16899
BP03425,Dior,17.34973
BP03426,Dior,3.43304
BP03427,Dior,34.11564
BP03428,Dior,4.40691
BP03429,Dior,32.70827
BP03430,Dior,30.86493
BP03431,Dior,33.99935
BP03432,Dior,31.23741
BP03433,Dior,32.41389
BP03434,Dior,32.79475
BP03435,Dior,34.6219
BP03436,Dior,32.2175
BP03437,Dior,39.02302
BP03438,Dior,32.39234
BP03439,Dior,33.64701
BP03440,Dior,63.30603
BP03441,Dior,41.28962
BP03442,Dior,34.50967
BP03443,Dior,33.64148
BP03444,Dior,33.00123
BP03445,Dior,42.24903
BP03446,Dior,36.30399
BP03447,Dior,60.44087
BP03448,Dior,38.66695
BP03449,Dior,40.57147
BP03450,Dior,33.91712
BP03451,Dior,33.73562
BP03452,Dior,35.2363
BP03453,Dior,31.81991
BP03454,Dior,28.99335
BP03455,Dior,32.64082
BP03456,Dior,3.57721
BP03457,Dior,39.92974
BP03458,Dior,31.28399
BP03459,Dior,31.83462
BP03460,Dior,33.88421
BP03461,Dior,38.80523
BP03462,Dior,29.88343
BP03463,Dior,29.58771
BP03464,Dior,36.43993
BP03465,Dior,32.03662
BP03466,Dior,34.27109
BP03467,Dior,33.81252
BP03468,Dior,31.64306
BP03469,Dior,35.37197
BP03470,Dior,38.11832
BP03471,Dior,36.81324
BP03472,Dior,30.50397
BP03473,Dior,30.11137
BP03474,Dior,33.54371
BP03475,Dior,35.19873
BP03476,Dior,35.12594
BP03477,Dior,33.1549
BP03478,Dior,35.19405
BP03479,Dior,31.51606
BP03480,Dior,34.93071
BP03481,Dior,30.77782
BP03482,Dior,31.06645
BP03483,Dior,32.49242
BP03484,Dior,32.66678
BP03485,Dior,33.08934
BP03486,Dior,35.93233
BP03487,Dior,34.36597
BP03488,Dior,34.59708
BP03489,Dior,31.46558
BP03490,Dior,34.08794
BP03491,Dior,33.61513
BP03492,Dior,32.40027
BP03493,Dior,30.88946
BP03494,Dior,30.86762
BP03495,Dior,34.58041
BP03496,Dior,28.09674
BP03497,Dior,32.00148
BP03498,Dior,35.12257
BP03499,Dior,27.67256
BP03500,Dior,31.16901
BP03501,Dior,34.6098
BP03502,Dior,32.26066
BP03503,Dior,29.42258
BP03504,Dior,3.47769
BP03505,Dior,18.52987
BP03506,Dior,36.04879
BP03507,Dior,30.78819
BP03508,Dior,3.42275
BP03509,Dior,22.41658
BP03510,Dior,36.81274
BP03511,Dior,30.75315
BP03512,Dior,29.9661
BP03513,Dior,20.20666
BP03514,Dior,32.92652
BP03515,Dior,43.55252
BP03516,Dior,33.11435
BP03517,Dior,30.93969
BP03518,Dior,32.05126
BP03519,Dior,32.21882
BP03520,Dior,31.25387
BP03521,Dior,28.8836
BP03522,Dior,29.90238
BP03523,Dior,33.39132
BP03524,Dior,3.52714
BP03525,Dior,32.75463
BP03526,Dior,30.54944
BP03527,Dior,34.05345
BP03528,Dior,31.29778
BP03529,Dior,33.85076
BP03530,Dior,16.76993
BP03531,Dior,43.97059
BP03532,Dior,32.41569
BP03533,Dior,21.57534
BP03534,Dior,33.67084
BP03535,Dior,29.92254
BP03536,Dior,31.60824
BP03537,Dior,32.01543
BP03538,Dior,22.20896
BP03539,Dior,3.85031
BP03540,Dior,31.94201
BP03541,Dior,17.352
BP03542,Dior,31.97428
BP03543,Dior,36.08006
BP03544,Dior,28.62118
BP03545,Dior,33.56402
BP03546,Dior,35.77753
BP03547,Dior,33.40628
BP03548,Dior,31.21674
BP03549,Dior,3.61364
BP03550,Dior,28.84024
BP03551,Dior,32.25973
BP03552,Dior,30.4191
BP03553,Dior,3.5618
BP03554,Dior,32.68331
BP03555,Dior,30.22092
BP03556,Dior,3.50739
BP03557,Dior,33.52547
BP03558,Dior,19.45921
BP03559,Dior,28.93438
BP03560,Dior,29.83121
BP03561,Dior,33.39098
BP03562,Dior,33.24745
BP03563,Dior,34.96488
BP03564,Dior,35.85071
BP03565,Dior,44.40961
BP03566,Dior,34.54251
BP03567,Dior,30.85236
BP03568,Dior,43.52421
BP03569,Dior,32.85212
BP03570,Dior,31.82873
BP03571,Dior,34.91215
BP03572,Dior,34.75456
BP03573,Dior,47.52893
BP03574,Dior,33.76899
BP03575,Dior,36.71155
BP03576,Dior,37.42204
BP03577,Dior,32.44639
BP03578,Dior,27.99842
BP03579,Dior,34.67429
BP03580,Dior,3.46102
BP03581,Dior,3.49308
BP03582,Dior,20.22903
BP03583,Dior,31.60516
BP03584,Dior,37.11569
BP03585,Dior,33.26001
BP03586,Dior,31.20538
BP03587,Dior,34.40262
BP03588,Dior,19.01362
BP03589,Dior,33.17912
BP03590,Dior,35.74001
BP03591,Dior,31.54601
BP03592,Dior,27.71054
BP03593,Dior,33.70507
BP03594,Dior,31.70699
BP03595,Dior,32.00814
BP03596,Dior,30.90421
BP03597,Dior,33.38571
BP03598,Dior,32.14663
BP03599,Dior,21.98522
BP03600,Dior,34.52007
BP03601,Dior,35.18236
BP03602,Dior,33.75968
BP03603,Dior,30.29793
BP03604,Dior,31.52085
BP03605,Dior,3.58691
BP03606,Dior,3.50036
BP03607,Dior,33.77143
BP03608,Dior,3.55641
BP03609,Dior,3.52714
BP03610,Dior,29.59778
BP03611,Dior,32.65923
BP03612,Dior,34.24712
BP03613,Dior,31.67253
BP03614,Dior,31.29086
BP03615,Dior,39.61542
BP03616,Dior,41.97365
BP03617,Dior,31.64243
BP03618,Dior,31.86691
BP03619,Dior,32.37036
BP03620,Dior,36.41027
BP03621,Dior,34.5747
BP03622,Dior,41.59023
BP03623,Dior,35.47794
BP03624,Dior,50.01721
BP03625,Dior,48.50467
BP03626,Dior,48.62184
BP03627,Dior,39.46645
BP03628,Dior,32.42806
BP03629,Dior,34.12202
BP03630,Dior,32.03079
BP03631,Dior,34.29206
BP03632,Dior,32.31046
BP03633,Dior,33.19305
BP03634,Dior,29.10301
BP03635,Dior,27.78163
BP03636,Dior,35.15486
BP03637,Dior,32.98047
BP03638,Dior,33.90719
BP03639,Dior,31.95019
BP03640,Dior,31.74677
BP03641,Dior,29.3954
BP03642,Dior,17.96392
BP03643,Dior,30.92113
BP03644,Dior,32.25184
BP03645,Dior,32.006
BP03646,Dior,34.29396
BP03647,Dior,35.41167
BP03648,Dior,29.38396
BP03649,Dior,34.59788
BP03650,Dior,30.72993
BP03651,Dior,30.70026
BP03652,Dior,49.44
BP03653,Dior,56.20327
BP03654,Dior,33.55363
BP03655,Dior,16.2338
BP03656,Dior,4.55767
BP03657,Dior,45.99372
BP03658,Dior,30.75803
BP03659,Dior,32.85088
BP03660,Dior,29.81894
BP03661,Dior,29.00001
BP03662,Dior,4.03717
BP03663,Dior,16.83189
BP03664,Dior,31.83659
BP03665,Dior,17.77167
BP03666,Dior,28.92808
BP03667,Dior,29.64968
BP03668,Dior,30.53937
BP03669,Dior,30.33113
BP03670,Dior,31.68685
BP03671,Dior,29.34051
BP03672,Dior,31.44281
BP03673,Dior,34.30583
BP03674,Dior,28.80784
BP03675,Dior,31.18846
BP03676,Dior,29.1777
BP03677,Dior,60.94168
BP03678,Dior,30.76873
BP03679,Dior,32.35686
BP03680,Dior,3.26667
BP03681,Dior,29.54054
BP03682,Dior,32.84525
BP03683,Dior,33.14061
BP03684,Dior,29.89253
BP03685,Dior,15.91598
BP03686,Dior,29.71469
BP03687,Dior,15.34327
BP03688,Dior,17.47936
BP03689,Dior,32.42597
BP03690,Dior,18.43835
BP03691,Dior,33.01431
BP03692,Dior,3.54518
BP03693,Dior,29.14885
BP03694,Dior,32.58595
BP03695,Dior,17.92761
BP03696,Dior,32.98986
BP03697,Dior,31.92441
BP03698,Dior,3.47769
BP03699,Dior,33.8857
BP03700,Dior,31.19629
BP03701,Dior,3.46952
BP03702,Dior,29.63026
BP03703,Dior,29.87863
BP03704,Dior,35.44863
BP03705,Dior,36.81963
BP03706,Dior,70.67211
BP03707,Dior,49.2001
BP03708,Dior,58.40529
BP03709,Dior,29.68481
BP03710,Dior,3.52714
BP03711,Dior,33.2114
BP03712,Dior,30.4853
BP03713,Dior,30.61394
BP03714,Dior,35.62107
BP03715,Dior,29.79014
BP03716,Dior,4.37725
BP03717,Dior,32.31145
BP03718,Dior,31.32311
BP03719,Dior,28.01127
BP03720,Dior,30.87727
BP03721,Dior,31.72535
BP03722,Dior,3.68793
BP03723,Dior,31.26656
BP03724,Dior,43.55723
BP03725,Dior,3.69682
BP03726,Dior,31.43566
BP03727,Dior,16.03679
BP03728,Dior,28.41024
BP03729,Dior,30.43073
BP03730,Dior,30.15212
BP03731,Dior,30.08721
BP03732,Dior,31.85571
BP03733,Dior,34.56681
BP03734,Dior,40.03183
BP03735,Dior,29.94654
BP03736,Dior,36.13358
BP03737,Dior,31.14693
BP03738,Dior,32.90247
BP03739,Dior,20.18795
BP03740,Dior,29.6457
BP03741,Dior,27.9473
BP03742,Dior,33.70056
BP03743,Dior,31.96865
BP03744,Dior,34.04168
BP03745,Dior,17.21956
BP03746,Dior,3.47769
BP03747,Dior,30.47066
BP03748,Dior,3.71362
BP03749,Dior,33.78011
BP03750,Dior,34.31426
BP03751,Dior,32.71127
BP03752,Dior,33.5088
BP03753,Dior,27.76085
BP03754,Dior,34.69716
BP03755,Dior,34.59237
BP03756,Dior,38.70566
BP03757,Dior,30.7188
BP03758,Dior,33.85211
BP03759,Dior,32.68752
BP03760,Dior,30.27348
BP03761,Dior,29.65268
BP03762,Dior,30.30549
BP03763,Dior,32.70715
BP03764,Dior,32.97854
BP03765,Dior,17.12559
BP03766,Dior,28.93719
BP03767,Dior,30.87262
BP03768,Dior,3.48553
BP03769,Dior,31.85785
BP03770,Dior,34.11851
BP03771,Dior,34.354
BP03772,Dior,31.64658
BP03773,Dior,30.027
BP03774,Dior,33.44718
BP03775,Dior,3.66577
BP03776,Dior,19.62996
BP03777,Dior,31.50528
BP03778,Dior,37.79274
BP03779,Dior,31.34384
BP03780,Dior,30.78247
BP03781,Dior,31.11795
BP03782,Dior,3.40036
BP03783,Dior,31.35042
BP03784,Dior,17.69332
BP03785,Dior,30.54236
BP03786,Dior,30.99037
BP03787,Dior,17.81221
BP03788,Dior,30.55167
BP03789,Dior,30.34384
BP03790,Dior,18.6871
BP03791,Dior,18.5339
BP03792,Dior,31.29337
BP03793,Dior,3.77728
BP03794,Dior,30.49533
BP03795,Dior,3.3881
BP03796,Dior,18.83594
BP03797,Dior,37.70154
BP03798,Dior,31.04241
BP03799,Dior,3.44282
BP03800,Dior,32.68946
BP03801,Dior,34.80376
BP03802,Dior,30.16187
BP03803,Dior,33.7879
BP03804,Dior,51.33984
BP03805,Dior,53.9075
BP03806,Dior,59.35187
BP03807,Dior,17.72117
BP03808,Dior,35.62749
BP03809,Dior,29.76829
BP03810,Dior,43.82311
BP03811,Dior,17.18667
BP03812,Dior,30.49735
BP03813,Dior,37.40611
BP03814,Dior,41.73507
BP03815,Dior,18.49302
BP03816,Dior,50.32974
BP03817,Dior,45.80536
BP03818,Dior,28.4094
BP03819,Dior,34.77526
BP03820,Dior,32.30478
BP03821,Dior,30.52565
BP03822,Dior,31.17749
BP03823,Dior,30.26772
BP03824,Dior,3.46102
BP03825,Dior,33.92107
BP03826,Dior,33.18854
BP03827,Dior,32.60064
BP03828,Dior,28.12678
BP03829,Dior,30.29614
BP03830,Dior,31.92939
BP03831,Dior,19.64628
BP03832,Dior,29.90696
BP03833,Dior,31.52968
BP03834,Dior,27.64246
BP03835,Dior,28.76972
BP03836,Dior,29.75238
BP03837,Dior,32.46894
BP03838,Dior,30.04713
BP03839,Dior,34.16742
BP03840,Dior,34.44269
BP03841,Dior,30.00044
BP03842,Dior,3.44282
BP03843,Dior,48.35151
BP03844,Dior,30.30482
BP03845,Dior,32.20231
BP03846,Dior,19.33391
BP03847,Dior,32.64356
BP03848,Dior,35.76029
BP03849,Dior,39.40682
BP03850,Dior,34.76632
BP03851,Dior,19.04515
BP03852,Dior,31.85659
BP03853,Dior,46.01123
BP03854,Dior,31.71231
BP03855,Dior,37.65996
BP03856,Dior,29.2074
BP03857,Dior,28.66765
BP03858,Dior,31.2654
BP03859,Dior,37.73548
BP03860,Dior,27.86666
BP03861,Dior,33.41208
BP03862,Dior,30.55833
BP03863,Dior,47.18594
BP03864,Dior,47.90944
BP03865,Dior,48.2839
BP03866,Dior,16.12104
BP03867,Dior,3.75788
BP03868,Dior,33.43615
BP03869,Dior,35.39555
BP03870,Dior,34.23884
BP03871,Dior,33.64389
BP03872,Dior,29.91295
BP03873,Dior,33.8021
BP03874,Dior,30.82548
BP03875,Dior,33.88392
BP03876,Dior,21.24221
BP03877,Dior,19.07119
BP03878,Dior,32.04751
BP03879,Dior,29.16519
BP03880,Dior,57.63592
BP03881,Dior,32.54055
BP03882,Dior,31.32194
BP03883,Dior,30.78642
BP03884,Dior,32.98546
BP03885,Dior,35.15239
BP03886,Dior,41.49444
BP03887,Dior,49.70944
BP03888,Dior,35.59597
BP03889,Dior,36.42287
BP03890,Dior,33.36285
BP03891,Dior,31.20434
BP03892,Dior,30.58069
BP03893,Dior,28.18611
BP03894,Dior,53.46123
BP03895,Dior,32.96273
BP03896,Dior,35.19965
BP03897,Dior,37.65275
BP03898,Dior,3.42275
BP03899,Dior,4.81885
BP03900,Dior,40.20671
BP03901,Dior,29.16973
BP03902,Dior,31.12989
BP03903,Dior,51.13782
BP03904,Dior,53.29663
BP03905,Dior,56.42385
BP03906,Dior,30.01761
BP03907,Dior,32.92197
BP03908,Dior,31.43421
BP03909,Dior,29.22196
BP03910,Dior,28.48817
BP03911,Dior,34.51153
BP03912,Dior,31.46401
BP03913,Dior,34.47518
BP03914,Dior,32.62625
BP03915,Dior,7.82307
BP03916,Dior,28.97232
BP03917,Dior,34.68226
BP03918,Dior,29.11161
BP03919,Dior,45.9809
BP03920,Dior,29.34349
BP03921,Dior,31.73302
BP03922,Dior,29.33118
BP03923,Dior,30.1396
BP03924,Dior,16.5273
BP03925,Dior,8.01033
BP03926,Dior,34.79878
BP03927,Dior,30.02944
BP03928,Dior,32.48241
BP03929,Dior,30.50705
BP03930,Dior,31.24858
BP03931,Dior,19.98498
BP03932,Dior,32.07404
BP03933,Dior,32.85061
BP03934,Dior,38.02949
BP03935,Dior,33.75582
BP03936,Dior,35.1052
BP03937,Dior,35.73209
BP03938,Dior,66.7919
BP03939,Dior,55.58303
BP03940,Dior,55.20158
BP03941,Dior,37.33776
BP03942,Dior,32.20116
BP03943,Dior,44.16946
BP03944,Dior,65.95895
BP03945,Dior,17.74286
BP03946,Dior,30.1845
BP03947,Dior,31.75451
BP03948,Dior,30.74273
BP03949,Dior,46.85782
BP03950,Dior,44.93561
BP03951,Dior,39.15514
BP03952,Dior,33.748
BP03953,Dior,35.93523
BP03954,Dior,33.13524
BP03955,Dior,30.61575
BP03956,Dior,3.93067
BP03957,Dior,17.00587
BP03958,Dior,17.18917
BP03959,Dior,31.78526
BP03960,Dior,28.65698
BP03961,Dior,32.87513
BP03962,Dior,32.82451
BP03963,Dior,29.22779
BP03964,Dior,31.58157
BP03965,Dior,29.18967
BP03966,Dior,31.88153
BP03967,Dior,19.32225
BP03968,Dior,35.74359
BP03969,Dior,36.22755
BP03970,Dior,37.59526
BP03971,Dior,28.89898
BP03972,Dior,36.23316
BP03973,Dior,36.96233
BP03974,Dior,32.91623
BP03975,Dior,33.0866
BP03976,Dior,33.71521
BP03977,Dior,33.09529
BP03978,Dior,29.93021
BP03979,Dior,30.16517
BP03980,Dior,30.90699
BP03981,Dior,29.31354
BP03982,Dior,29.3745
BP03983,Dior,30.20649
BP03984,Dior,34.09854
BP03985,Dior,29.9892
BP03986,Dior,31.12608
BP03987,Dior,33.36557
BP03988,Dior,29.67405
BP03989,Dior,31.00245
BP03990,Dior,33.19173
BP03991,Dior,36.21477
BP03992,Dior,33.51296
BP03993,Dior,37.32096
BP03994,Dior,35.16568
BP03995,Dior,32.23393
BP03996,Dior,32.79352
BP03997,Dior,31.7861
BP03998,Dior,41.28697
BP03999,Dior,33.52199
BP04000,Dior,37.21053
BP04001,Dior,36.17767
BP04002,Dior,18.73381
BP04003,Dior,29.94009
BP04004,Dior,32.00187
BP04005,Dior,33.64476
BP04006,Dior,46.6683
BP04007,Dior,52.21516
BP04008,Dior,43.69822
BP04009,Dior,43.96005
BP04010,Dior,35.57744
BP04011,Dior,40.43981
BP04012,Dior,29.30096
BP04013,Dior,17.96556
BP04014,Dior,30.45559
BP04015,Dior,28.62822
BP04016,Dior,16.15436
BP04017,Dior,29.54865
BP04018,Dior,7.52394
BP04019,Dior,20.37278
BP04020,Dior,33.0042
BP04021,Dior,32.78238
BP04022,Dior,28.73911
BP04023,Dior,30.98756
BP04024,Dior,34.1125
BP04025,Dior,33.086
BP04026,Dior,34.74165
BP04027,Dior,32.33729
BP04028,Dior,33.85387
BP04029,Dior,32.88268
BP04030,Dior,34.52715
BP04031,Dior,34.0286
BP04032,Dior,36.45089
BP04033,Dior,42.82798
BP04034,Dior,32.87237
BP04035,Dior,28.06783
BP04036,Dior,28.72415
BP04037,Dior,17.20128
BP04038,Dior,20.57006
BP04039,Dior,29.67085
BP04040,Dior,18.45189
BP04041,Dior,31.87345
BP04042,Dior,32.45853
BP04043,Dior,38.42431
BP04044,Dior,30.22016
BP04045,Dior,36.8819
BP04046,Dior,32.73696
BP04047,Dior,32.70138
BP04048,Dior,37.14699
BP04049,Dior,41.35744
BP04050,Dior,32.54097
BP04051,Dior,32.34423
BP04052,Dior,30.71789
BP04053,Dior,32.6851
BP04054,Dior,33.90514
BP04055,Dior,31.93613
BP04056,Dior,31.54042
BP04057,Dior,32.26659
BP04058,Dior,18.75074
BP04059,Dior,31.48248
BP04060,Dior,32.41755
BP04061,Dior,31.24463
BP04062,Dior,34.53228
BP04063,Dior,36.67101
BP04064,Dior,31.76117
BP04065,Dior,33.96577
BP04066,Dior,32.97872
BP04067,Dior,36.20042
BP04068,Dior,35.87997
BP04069,Dior,34.69704
BP04070,Dior,36.44243
BP04071,Dior,33.49522
BP04072,Dior,32.2501
BP04073,Dior,30.06995
BP04074,Dior,30.32496
BP04075,Dior,29.37141
BP04076,Dior,29.92014
BP04077,Dior,17.48919
BP04078,Dior,30.34971
BP04079,Dior,32.11041
BP04080,Dior,40.5838
BP04081,Dior,53.75926
BP04082,Dior,34.56951
BP04083,Dior,17.34594
BP04084,Dior,36.48334
BP04085,Dior,32.0936
BP04086,Dior,36.21783
BP04087,Dior,33.2198
BP04088,Dior,31.03659
BP04089,Dior,29.8021
BP04090,Dior,30.46268
BP04091,Dior,29.075
BP04092,Dior,16.93292
BP04093,Dior,34.30681
BP04094,Dior,31.36894
BP04095,Dior,29.9719
BP04096,Dior,50.1481
BP04097,Dior,32.11943
BP04098,Dior,32.48396
BP04099,Dior,34.44047
BP04100,Dior,19.12625
BP04101,Dior,33.05162
BP04102,Dior,31.02761
BP04103,Dior,32.49248
BP04104,Dior,30.81335
BP04105,Dior,29.15438
BP04106,Dior,30.53964
BP04107,Dior,36.89671
BP04108,Dior,32.89115
BP04109,Dior,32.42684
BP04110,Dior,16.15937
BP04111,Dior,34.51523
BP04112,Dior,31.60159
BP04113,Dior,31.91435
BP04114,Dior,16.98151
BP04115,Dior,30.53822
BP04116,Dior,34.51336
BP04117,Dior,16.22308
BP04118,Dior,19.53882
BP04119,Dior,31.453
BP04120,Dior,32.70601
BP04121,Dior,33.37255
BP04122,Dior,36.23927
BP04123,Dior,32.6409
BP04124,Dior,30.07708
BP04125,Dior,35.32598
BP04126,Dior,31.6082
BP04127,Dior,33.56635
BP04128,Dior,30.77291
BP04129,Dior,31.19404
BP04130,Dior,34.00672
BP04131,Dior,32.59322
BP04132,Dior,7.7408
BP04133,Dior,32.56857
BP04134,Dior,31.16818
BP04135,Dior,3.56706
BP04136,Dior,29.97935
BP04137,Dior,30.88605
BP04138,Dior,27.86673
BP04139,Dior,29.05285
BP04140,Dior,32.85465
BP04141,Dior,31.3234
BP04142,Dior,30.68502
BP04143,Dior,33.74745
BP04144,Dior,30.64864
BP04145,Dior,46.35291
BP04146,Dior,30.86708
BP04147,Dior,42.42305
BP04148,Dior,28.94121
BP04149,Dior,33.8928
BP04150,Dior,32.34373
BP04151,Dior,35.02427
BP04152,Dior,31.25128
BP04153,Dior,17.03371
BP04154,Dior,34.57537
BP04155,Dior,34.76367
BP04156,Dior,32.30385
BP04157,Dior,30.45872
BP04158,Dior,20.45801
BP04159,Dior,30.39838
BP04160,Dior,32.907
BP04161,Dior,20.91077
BP04162,Dior,29.50593
BP04163,Dior,33.98892
BP04164,Dior,29.71939
BP04165,Dior,31.17682
BP04166,Dior,19.23286
BP04167,Dior,19.61035
BP04168,Dior,38.60196
BP04169,Dior,29.31211
BP04170,Dior,34.0449
BP04171,Dior,36.91319
BP04172,Dior,43.90967
BP04173,Dior,29.62437
BP04174,Dior,29.83587
BP04175,Dior,33.07916
BP04176,Dior,28.71816
BP04177,Dior,31.48286
BP04178,Dior,28.7113
BP04179,Dior,31.66161
BP04180,Dior,27.94054
BP04181,Dior,34.07117
BP04182,Dior,28.752
BP04183,Dior,34.24343
BP04184,Dior,29.73603
BP04185,Dior,7.86195
BP04186,Dior,30.30788
BP04187,Dior,32.0853
BP04188,Dior,31.93612
BP04189,Dior,32.3836
BP04190,Dior,28.9138
BP04191,Dior,32.16052
BP04192,Dior,29.75098
BP04193,Dior,32.27273
BP04194,Dior,30.0182
BP04195,Dior,29.21911
BP04196,Dior,29.68413
BP04197,Dior,31.61607
BP04198,Dior,31.44762
BP04199,Dior,30.72455
BP04200,Dior,27.78828
BP04201,Dior,34.80413
BP04202,Dior,29.66881
BP04203,Dior,30.8224
BP04204,Dior,29.67739
BP04205,Dior,31.21209
BP04206,Dior,21.92037
BP04207,Dior,33.10771
BP04208,Dior,28.92817
BP04209,Dior,33.98198
BP04210,Dior,21.42024
BP04211,Dior,29.16132
BP04212,Dior,32.66222
BP04213,Dior,31.28848
BP04214,Dior,32.34298
BP04215,Dior,33.45345
BP04216,Dior,30.76762
BP04217,Dior,19.57989
BP04218,Dior,33.20072
BP04219,Dior,32.70126
BP04220,Dior,36.00824
BP04221,Dior,29.86591
BP04222,Dior,29.80584
BP04223,Dior,33.49535
BP04224,Dior,30.55343
BP04225,Dior,31.64634
BP04226,Dior,31.03691
BP04227,Dior,30.43866
BP04228,Dior,33.23756
BP04229,Dior,30.12909
BP04230,Dior,31.71641
BP04231,Dior,30.22341
BP04232,Dior,35.55692
BP04233,Dior,30.22582
BP04234,Dior,32.4711
BP04235,Dior,18.60752
BP04236,Dior,32.28208
BP04237,Dior,22.17946
BP04238,Dior,16.23088
BP04239,Dior,28.19923
BP04240,Dior,30.40901
BP04241,Dior,30.29092
BP04242,Dior,32.14064
BP04243,Dior,33.40189
BP04244,Dior,30.18816
BP04245,Dior,31.56281
BP04246,Dior,31.6242
BP04247,Dior,34.49794
BP04248,Dior,30.26937
BP04249,Dior,33.78422
BP04250,Dior,31.7984
BP04251,Dior,32.98294
BP04252,Dior,34.98029
BP04253,Dior,32.18168
BP04254,Dior,33.4918
BP04255,Dior,34.45667
BP04256,Dior,30.63179
BP04257,Dior,32.63384
BP04258,Dior,35.58056
BP04259,Dior,34.13933
BP04260,Dior,45.88906
BP04261,Dior,30.80577
BP04262,Dior,36.02257
BP04263,Dior,32.31733
BP04264,Dior,32.3868
BP04265,Dior,17.70424
BP04266,Dior,29.50502
BP04267,Dior,30.88431
BP04268,Dior,32.33004
BP04269,Dior,30.57357
BP04270,Dior,28.54887
BP04271,Dior,31.40647
BP04272,Dior,21.1289
BP04273,Dior,17.63617
BP04274,Dior,30.97638
BP04275,Dior,32.96695
BP04276,Dior,41.28962
BP04277,Dior,27.49636
BP04278,Dior,32.95525
BP04279,Dior,28.76248
BP04280,Dior,15.97728
BP04281,Dior,30.45759
BP04282,Dior,17.29526
BP04283,Dior,32.05284
BP04284,Dior,19.61858
BP04285,Dior,31.13331
BP04286,Dior,28.77624
BP04287,Dior,27.83906
BP04288,Dior,29.349
BP04289,Dior,31.74122
BP04290,Dior,34.27221
BP04291,Dior,29.4666
BP04292,Dior,7.97657
BP04293,Dior,18.21447
BP04294,Dior,29.06899
BP04295,Dior,33.77915
BP04296,Dior,29.24752
BP04297,Dior,42.34674
BP04298,Dior,33.21183
BP04299,Dior,29.9565
BP04300,Dior,33.02605
BP04301,Dior,32.06338
BP04302,Dior,30.62668
BP04303,Dior,33.48644
BP04304,Dior,27.98576
BP04305,Dior,54.45992
BP04306,Dior,34.95858
BP04307,Dior,32.14881
BP04308,Dior,29.11368
BP04309,Dior,17.87352
BP04310,Dior,32.0907
BP04311,Dior,20.92485
BP04312,Dior,43.86384
BP04313,Dior,32.99543
BP04314,Dior,17.84312
BP04315,Dior,33.84928
BP04316,Dior,32.13973
BP04317,Dior,30.80316
BP04318,Dior,31.31325
BP04319,Dior,61.0543
BP04320,Dior,40.39731
BP04321,Dior,50.71466
BP04322,Dior,43.57365
BP04323,Dior,38.48624
BP04324,Dior,47.0939
BP04325,Dior,41.57722
BP04326,Dior,30.76782
BP04327,Dior,36.97839
BP04328,Dior,29.9893
BP04329,Dior,39.87212
BP04330,Dior,39.51177
BP04331,Dior,32.03649
BP04332,Dior,31.39135
BP04333,Dior,29.30988
BP04334,Dior,31.22927
BP04335,Dior,33.30863
BP04336,Dior,29.87377
BP04337,Dior,30.77844
BP04338,Dior,51.77669
BP04339,Dior,31.70969
BP04340,Dior,32.10211
BP04341,Dior,32.53996
BP04342,Dior,33.62267
BP04343,Dior,33.20315
BP04344,Dior,31.37217
BP04345,Dior,29.70203
BP04346,Dior,20.48339
BP04347,Dior,29.80224
BP04348,Dior,31.88005
BP04349,Dior,55.05619
BP04350,Dior,32.39381
BP04351,Dior,16.61294
BP04352,Dior,32.67264
BP04353,Dior,21.45588
BP04354,Dior,32.73499
BP04355,Dior,29.69049
BP04356,Dior,34.66536
BP04357,Dior,54.86018
BP04358,Dior,31.76033
BP04359,Dior,30.62041
BP04360,Dior,32.51287
BP04361,Dior,33.41498
BP04362,Dior,34.76333
BP04363,Dior,33.03905
BP04364,Dior,30.88251
BP04365,Dior,32.90229
BP04366,Dior,34.90647
BP04367,Dior,36.35036
BP04368,Dior,61.20885
BP04369,Dior,50.85315
BP04370,Dior,44.00022
BP04371,Dior,43.32246
BP04372,Dior,36.51586
BP04373,Dior,38.64218
BP04374,Dior,32.93647
BP04375,Dior,34.52608
BP04376,Dior,36.00448
BP04377,Dior,32.61939
BP04378,Dior,33.48514
BP04379,Dior,29.73024
BP04380,Dior,33.74357
BP04381,Dior,32.82335
BP04382,Dior,34.85349
BP04383,Dior,32.09395
BP04384,Dior,32.69727
BP04385,Dior,33.38971
BP04386,Dior,31.98112
BP04387,Dior,16.02718
BP04388,Dior,35.68032
BP04389,Dior,31.25582
BP04390,Dior,30.33364
BP04391,Dior,17.60451
BP04392,Dior,33.25172
BP04393,Dior,17.21456
BP04394,Dior,29.68578
BP04395,Dior,34.61959
BP04396,Dior,29.2148
BP04397,Dior,29.89733
BP04398,Dior,54.24262
BP04399,Dior,56.53351
BP04400,Dior,34.69472
BP04401,Dior,28.49313
BP04402,Dior,30.12968
BP04403,Dior,33.82696
BP04404,Dior,32.55768
BP04405,Dior,34.73488
BP04406,Dior,31.06007
BP04407,Dior,31.76934
BP04408,Dior,31.53192
BP04409,Dior,32.80214
BP04410,Dior,17.22454
BP04411,Dior,29.37348
BP04412,Dior,31.21762
BP04413,Dior,16.06662
BP04414,Dior,29.85293
BP04415,Dior,40.44267
BP04416,Dior,28.98419
BP04417,Dior,28.74784
BP04418,Dior,31.46221
BP04419,Dior,18.06179
BP04420,Dior,28.55673
BP04421,Dior,28.58774
BP04422,Dior,31.95315
BP04423,Dior,7.70348
BP04424,Dior,28.42232
BP04425,Dior,16.42196
BP04426,Dior,30.96591
BP04427,Dior,27.75606
BP04428,Dior,17.37618
BP04429,Dior,17.66147
BP04430,Dior,31.17096
BP04431,Dior,34.54515
BP04432,Dior,34.31988
BP04433,Dior,33.15812
BP04434,Dior,32.99903
BP04435,Dior,30.88204
BP04436,Dior,16.92446
BP04437,Dior,17.66591
BP04438,Dior,31.73634
BP04439,Dior,31.30545
BP04440,Dior,31.32972
BP04441,Dior,17.70375
BP04442,Dior,32.44056
BP04443,Dior,31.52101
BP04444,Dior,28.15728
BP04445,Dior,34.84681
BP04446,Dior,30.0655
BP04447,Dior,33.29101
BP04448,Dior,34.36327
BP04449,Dior,29.5627
BP04450,Dior,29.13802
BP04451,Dior,32.27947
BP04452,Dior,17.72294
BP04453,Dior,32.07496
BP04454,Dior,33.43888
BP04455,Dior,31.42019
BP04456,Dior,30.31399
BP04457,Dior,34.55803
BP04458,Dior,32.37705
BP04459,Dior,31.31008
BP04460,Dior,44.47916
BP04461,Dior,32.61988
BP04462,Dior,18.17352
BP04463,Dior,18.58872
BP04464,Dior,33.75727
BP04465,Dior,18.94581
BP04466,Dior,49.95871
BP04467,Dior,19.14108
BP04468,Dior,32.49759
BP04469,Dior,31.83359
BP04470,Dior,51.09752
BP04471,Dior,52.1146
BP04472,Dior,35.50525
BP04473,Dior,36.98189
BP04474,Dior,34.04863
BP04475,Dior,51.5683
BP04476,Dior,55.6991
BP04477,Dior,39.9199
BP04478,Dior,41.9002
BP04479,Dior,42.62643
BP04480,Dior,41.45089
BP04481,Dior,36.5894
BP04482,Dior,38.18686
BP04483,Dior,24.12604
BP04484,Dior,41.25702
BP04485,Dior,39.62284
BP04486,Dior,42.94018
BP04487,Dior,49.57619
BP04488,Dior,48.09526
BP04489,Dior,42.34771
BP04490,Dior,42.43543
BP04491,Dior,39.33199
BP04492,Dior,39.86653
BP04493,Dior,40.14463
BP04494,Dior,41.67282
BP04495,Dior,35.58819
BP04496,Dior,38.96914
BP04497,Dior,36.29066
BP04498,Dior,35.0296
BP04499,Dior,38.19227
BP04500,Dior,34.35864
BP04501,Dior,22.01856
BP04502,Dior,36.21787
BP04503,Dior,35.47745
BP04504,Dior,21.57754
BP04505,Dior,34.11669
BP04506,Dior,35.64678
BP04507,Dior,34.66432
BP04508,Dior,20.99134
BP04509,Dior,34.21575
BP04510,Dior,33.61568
BP04511,Dior,33.37423
BP04512,Dior,35.66483
BP04513,Dior,35.02438
BP04514,Dior,38.2655
BP04515,Dior,37.84317
BP04516,Dior,40.71111
BP04517,Dior,33.89404
BP04518,Dior,34.98957
BP04519,Dior,36.37082
BP04520,Dior,33.94349
BP04521,Dior,34.14305
BP04522,Dior,34.64688
BP04523,Dior,33.20019
BP04524,Dior,47.94291
BP04525,Dior,18.93014
BP04526,Dior,31.29297
BP04527,Dior,35.1054
BP04528,Dior,35.21795
BP04529,Dior,32.95912
BP04530,Dior,33.30256
BP04531,Dior,35.21489
BP04532,Dior,30.7585
BP04533,Dior,34.73101
BP04534,Dior,33.79551
BP04535,Dior,34.83826
BP04536,Dior,31.54744
BP04537,Dior,32.50784
BP04538,Dior,18.75642
BP04539,Dior,30.24789
BP04540,Dior,29.96851
BP04541,Dior,18.79004
BP04542,Dior,34.42625
BP04543,Dior,33.49379
BP04544,Dior,33.51945
BP04545,Dior,36.93385
BP04546,Dior,36.29595
BP04547,Dior,45.62956
BP04548,Dior,32.23237
BP04549,Dior,32.04868
BP04550,Dior,29.98813
BP04551,Dior,32.2052
BP04552,Dior,34.94531
BP04553,Dior,31.53265
BP04554,Dior,31.63692
BP04555,Dior,32.77319
BP04556,Dior,34.02121
BP04557,Dior,31.16438
BP04558,Dior,35.91953
BP04559,Dior,36.97477
BP04560,Dior,30.95014
BP04561,Dior,31.13394
BP04562,Dior,34.37125
BP04563,Dior,32.41128
BP04564,Dior,32.37969
BP04565,Dior,33.28675
BP04566,Dior,31.40045
BP04567,Dior,35.09084
BP04568,Dior,36.36055
BP04569,Dior,34.06087
BP04570,Dior,35.83077
BP04571,Dior,32.69118
BP04572,Dior,32.9111
BP04573,Dior,18.28697
BP04574,Dior,34.45979
BP04575,Dior,31.4462
BP04576,Dior,32.25218
BP04577,Dior,32.10561
BP04578,Dior,32.59332
BP04579,Dior,33.23575
BP04580,Dior,30.31848
BP04581,Dior,32.88569
BP04582,Dior,37.84172
BP04583,Dior,33.29786
BP04584,Dior,35.62643
BP04585,Dior,35.07612
BP04586,Dior,35.42069
BP04587,Dior,32.79195
BP04588,Dior,32.75834
BP04589,Dior,31.42172
BP04590,Dior,30.82349
BP04591,Dior,37.08271
BP04592,Dior,32.9272
BP04593,Dior,33.60787
BP04594,Dior,32.69374
BP04595,Dior,32.87114
BP04596,Dior,30.47294
BP04597,Dior,18.03226
BP04598,Dior,31.88306
BP04599,Dior,30.16299
BP04600,Dior,33.94926
BP04601,Dior,31.74326
BP04602,Dior,30.41013
BP04603,Dior,29.6859
BP04604,Dior,32.04133
BP04605,Dior,30.81985
BP04606,Dior,32.32998
BP04607,Dior,30.08365
BP04608,Dior,35.64831
BP04609,Dior,38.11874
BP04610,Dior,30.36487
BP04611,Dior,34.95963
BP04612,Dior,35.4528
BP04613,Dior,35.11536
BP04614,Dior,34.10272
BP04615,Dior,33.09981
BP04616,Dior,34.37946
BP04617,Dior,30.73448
BP04618,Dior,34.89847
BP04619,Dior,19.53348
BP04620,Dior,35.98889
BP04621,Dior,34.63783
BP04622,Dior,36.42176
BP04623,Dior,31.56211
BP04624,Dior,29.14995
BP04625,Dior,29.55359
BP04626,Dior,31.8461
BP04627,Dior,31.73884
BP04628,Dior,31.01885
BP04629,Dior,29.89543
BP04630,Dior,33.4883
BP04631,Dior,31.03784
BP04632,Dior,35.83355
BP04633,Dior,31.58236
BP04634,Dior,32.51138
BP04635,Dior,33.19134
BP04636,Dior,33.08174
BP04637,Dior,32.39408
BP04638,Dior,30.7438
BP04639,Dior,18.71553
BP04640,Dior,33.97047
BP04641,Dior,33.03337
BP04642,Dior,29.51008
BP04643,Dior,31.29662
BP04644,Dior,29.5933
BP04645,Dior,28.91513
BP04646,Dior,30.41163
BP04647,Dior,30.64554
BP04648,Dior,30.22822
BP04649,Dior,33.95642
BP04650,Dior,31.01832
BP04651,Dior,31.44099
BP04652,Dior,32.11904
BP04653,Dior,18.86076
BP04654,Dior,41.28915
BP04655,Dior,18.56245
BP04656,Dior,35.41053
BP04657,Dior,30.68618
BP04658,Dior,31.40877
BP04659,Dior,18.45099
BP04660,Dior,30.31399
BP04661,Dior,32.34218
BP04662,Dior,33.4419
BP04663,Dior,40.4863
BP04664,Dior,33.50283
BP04665,Dior,33.86487
BP04666,Dior,39.82635
BP04667,Dior,30.30217
BP04668,Dior,28.45458
BP04669,Dior,30.86923
BP04670,Dior,31.36901
BP04671,Dior,32.6862
BP04672,Dior,31.19502
BP04673,Dior,34.0265
BP04674,Dior,19.13541
BP04675,Dior,30.74032
BP04676,Dior,32.17948
BP04677,Dior,49.07296
BP04678,Dior,32.40593
BP04679,Dior,31.14066
BP04680,Dior,32.04075
BP04681,Dior,35.01019
BP04682,Dior,30.85027
BP04683,Dior,36.42134
BP04684,Dior,32.62018
BP04685,Dior,30.73633
BP04686,Dior,31.08563
BP04687,Dior,32.11283
BP04688,Dior,28.91365
BP04689,Dior,29.46575
BP04690,Dior,45.078
BP04691,Dior,34.09026
BP04692,Dior,34.77286
BP04693,Dior,35.28673
BP04694,Dior,29.69432
BP04695,Dior,32.09668
BP04696,Dior,32.23425
BP04697,Dior,33.55626
BP04698,Dior,36.38679
BP04699,Dior,44.84956
BP04700,Dior,54.06666
BP04701,Dior,45.96626
BP04702,Dior,43.47131
BP04703,Dior,35.04108
BP04704,Dior,36.21381
BP04705,Dior,37.81817
BP04706,Dior,35.72748
BP04707,Dior,33.7719
BP04708,Dior,43.41779
BP04709,Dior,61.59067
BP04710,Dior,18.5659
BP04711,Dior,31.52667
BP04712,Dior,17.64512
BP04713,Dior,32.44502
BP04714,Dior,44.87445
BP04715,Dior,32.56945
BP04716,Dior,17.3727
BP04717,Dior,30.23529
BP04718,Dior,17.55334
BP04719,Dior,33.65151
BP04720,Dior,32.39073
BP04721,Dior,19.01634
BP04722,Dior,39.94709
BP04723,Dior,4.46582
BP04724,Dior,38.71099
BP04725,Dior,45.75209
BP04726,Dior,33.11116
BP04727,Dior,31.67309
BP04728,Dior,38.58053
BP04729,Dior,36.74746
BP04730,Dior,33.71817
BP04731,Dior,35.75707
BP04732,Dior,34.3233
BP04733,Dior,33.67606
BP04734,Dior,32.47643
BP04735,Dior,31.52847
BP04736,Dior,37.16366
BP04737,Dior,18.39149
BP04738,Dior,19.13741
BP04739,Dior,31.70805
BP04740,Dior,18.63223
BP04741,Dior,31.92537
BP04742,Dior,40.87677
BP04743,Dior,46.23579
BP04744,Dior,33.23323
BP04745,Dior,30.68194
BP04746,Dior,31.2178
BP04747,Dior,31.58854
BP04748,Dior,31.95416
BP04749,Dior,29.54433
BP04750,Dior,37.58679
BP04751,Dior,31.1396
BP04752,Dior,35.52317
BP04753,Dior,34.40685
BP04754,Dior,31.28539
BP04755,Dior,30.85355
BP04756,Dior,36.26847
BP04757,Dior,31.53275
BP04758,Dior,35.87814
BP04759,Dior,36.84325
BP04760,Dior,31.46299
BP04761,Dior,33.22753
BP04762,Dior,37.19305
BP04763,Dior,31.88179
BP04764,Dior,31.9469
BP04765,Dior,29.84768
BP04766,Dior,28.13756
BP04767,Dior,37.4587
BP04768,Dior,29.92643
BP04769,Dior,36.08684
BP04770,Dior,39.50758
BP04771,Dior,32.21402
BP04772,Dior,29.5443
BP04773,Dior,31.56186
BP04774,Dior,33.20591
BP04775,Dior,29.83089
BP04776,Dior,33.33918
BP04777,Dior,30.71506
BP04778,Dior,29.01069
BP04779,Dior,32.35235
BP04780,Dior,32.07424
BP04781,Dior,34.79652
BP04782,Dior,49.18763
BP04783,Dior,33.36192
BP04784,Dior,45.37396
BP04785,Dior,33.94929
BP04786,Dior,32.93849
BP04787,Dior,32.32759
BP04788,Dior,56.45926
BP04789,Dior,34.54461
BP04790,Dior,36.21138
BP04791,Dior,35.0081
BP04792,Dior,32.12949
BP04793,Dior,31.78992
BP04794,Dior,17.22122
BP04795,Dior,34.86348
BP04796,Dior,34.92784
BP04797,Dior,34.22557
BP04798,Dior,29.04892
BP04799,Dior,34.64056
BP04800,Dior,32.3794
BP04801,Dior,33.79042
BP04802,Dior,32.31611
BP04803,Dior,35.25799
BP04804,Dior,34.94503
BP04805,Dior,27.83189
BP04806,Dior,30.50411
BP04807,Dior,29.92973
BP04808,Dior,31.30355
BP04809,Dior,32.42471
BP04810,Dior,40.13427
BP04811,Dior,38.87841
BP04812,Dior,35.12257
BP04813,Dior,32.17541
BP04814,Dior,29.97417
BP04815,Dior,43.07515
BP04816,Dior,36.22402
BP04817,Dior,37.55484
BP04818,Dior,31.86963
BP04819,Dior,33.84504
BP04820,Dior,30.70225
BP04821,Dior,41.16425
BP04822,Dior,51.55696
BP04823,Dior,32.86432
BP04824,Dior,32.4249
BP04825,Dior,32.59508
BP04826,Dior,28.45926
BP04827,Dior,31.62802
BP04828,Dior,30.10959
BP04829,Dior,32.3631
BP04830,Dior,3.46102
BP04831,Dior,34.69867
BP04832,Dior,3.36086
BP04833,Dior,29.62814
BP04834,Dior,3.60068
BP04835,Dior,17.37094
BP04836,Dior,29.07396
BP04837,Dior,31.46751
BP04838,Dior,31.7447
BP04839,Dior,31.58526
BP04840,Dior,32.61717
BP04841,Dior,29.81371
BP04842,Dior,35.39628
BP04843,Dior,30.92794
BP04844,Dior,31.60473
BP04845,Dior,31.04552
BP04846,Dior,18.2917
BP04847,Dior,16.19265
BP04848,Dior,30.36106
BP04849,Dior,21.18539
BP04850,Dior,30.33413
BP04851,Dior,29.47899
BP04852,Dior,33.28561
BP04853,Dior,34.7712
BP04854,Dior,35.1422
BP04855,Dior,29.02946
BP04856,Dior,17.88309
BP04857,Dior,31.12487
BP04858,Dior,28.51576
BP04859,Dior,35.56826
BP04860,Dior,51.92052
BP04861,Dior,34.71408
BP04862,Dior,37.54787
BP04863,Dior,33.26182
BP04864,Dior,32.82457
BP04865,Dior,30.67058
BP04866,Dior,33.85222
BP04867,Dior,32.01283
BP04868,Dior,30.25731
BP04869,Dior,32.70788
BP04870,Dior,31.43726
BP04871,Dior,32.26558
BP04872,Dior,29.85081
BP04873,Dior,31.33856
BP04874,Dior,32.16494
BP04875,Dior,35.33972
BP04876,Dior,34.61731
BP04877,Dior,31.80671
BP04878,Dior,31.28591
BP04879,Dior,36.99895
BP04880,Dior,35.06253
BP04881,Dior,31.85436
BP04882,Dior,32.15355
BP04883,Dior,32.31564
BP04884,Dior,33.82905
BP04885,Dior,40.70073
BP04886,Dior,35.39039
BP04887,Dior,32.96822
BP04888,Dior,33.51799
BP04889,Dior,34.38017
BP04890,Dior,31.03576
BP04891,Dior,34.41305
BP04892,Dior,33.91341
BP04893,Dior,35.68041
BP04894,Dior,42.03503
BP04895,Dior,34.28651
BP04896,Dior,42.13373
BP04897,Dior,36.99524
BP04898,Dior,30.71976
BP04899,Dior,29.32595
BP04900,Dior,16.13067
BP04901,Dior,7.45082
BP04902,Dior,29.59729
BP04903,Dior,30.10539
BP04904,Dior,19.72043
BP04905,Dior,31.7462
BP04906,Dior,30.5774
BP04907,Dior,19.6141
BP04908,Dior,33.93479
BP04909,Dior,30.70961
BP04910,Dior,35.03616
BP04911,Dior,17.13917
BP04912,Dior,37.29284
BP04913,Dior,33.88898
BP04914,Dior,30.05668
BP04915,Dior,31.2496
BP04916,Dior,34.3606
BP04917,Dior,18.29206
BP04918,Dior,29.93461
BP04919,Dior,30.79976
BP04920,Dior,31.53714
BP04921,Dior,29.44016
BP04922,Dior,21.12143
BP04923,Dior,35.6981
BP04924,Dior,32.72204
BP04925,Dior,16.36132
BP04926,Dior,30.26659
BP04927,Dior,35.61007
BP04928,Dior,34.19649
BP04929,Dior,32.41982
BP04930,Dior,31.14464
BP04931,Dior,18.09148
BP04932,Dior,30.80818
BP04933,Dior,32.42371
BP04934,Dior,29.00104
BP04935,Dior,3.3881
BP04936,Dior,30.26985
BP04937,Dior,34.91124
BP04938,Dior,30.22144
BP04939,Dior,31.1177
BP04940,Dior,35.77704
BP04941,Dior,29.60373
BP04942,Dior,32.93425
BP04943,Dior,17.90262
BP04944,Dior,34.72888
BP04945,Dior,53.90836
BP04946,Dior,54.04964
BP04947,Dior,55.39639
BP04948,Dior,58.40729
BP04949,Dior,31.16955
BP04950,Dior,33.37189
BP04951,Dior,31.98599
BP04952,Dior,3.43304
BP04953,Dior,30.59296
BP04954,Dior,3.40036
BP04955,Dior,59.23968
BP04956,Dior,17.74778
BP04957,Dior,16.90573
BP04958,Dior,32.02465
BP04959,Dior,32.59791
BP04960,Dior,28.91884
BP04961,Dior,31.75855
BP04962,Dior,32.82318
BP04963,Dior,3.40036
BP04964,Dior,15.91856
BP04965,Dior,29.45193
BP04966,Dior,34.46391
BP04967,Dior,29.21866
BP04968,Dior,30.91393
BP04969,Dior,7.65398
BP04970,Dior,29.6206
BP04971,Dior,3.32888
BP04972,Dior,37.48851
BP04973,Dior,31.44995
BP04974,Dior,32.07572
BP04975,Dior,3.74402
BP04976,Dior,30.50861
BP04977,Dior,16.83537
BP04978,Dior,40.29954
BP04979,Dior,30.53967
BP04980,Dior,31.13034
BP04981,Dior,31.71166
BP04982,Dior,33.95645
BP04983,Dior,43.76153
BP04984,Dior,7.48494
BP04985,Dior,38.89507
BP04986,Dior,16.114
BP04987,Dior,30.76655
BP04988,Dior,30.18119
BP04989,Dior,29.62517
BP04990,Dior,31.99869
BP04991,Dior,34.4514
BP04992,Dior,33.76133
BP04993,Dior,34.57478
BP04994,Dior,33.52868
BP04995,Dior,33.80327
BP04996,Dior,53.54651
BP04997,Dior,56.36415
BP04998,Dior,56.84765
BP04999,Dior,29.14032
BP05000,Dior,34.69149
BP05001,Dior,32.7655
BP05002,Dior,31.27199
BP05003,Dior,35.48522
BP05004,Dior,20.94552
BP05005,Dior,33.08887
BP05006,Dior,34.37654
BP05007,Dior,29.19952
BP05008,Dior,32.84024
BP05009,Dior,30.1095
BP05010,Dior,31.03876
BP05011,Dior,44.09655
BP05012,Dior,43.67604
BP05013,Dior,38.47574
BP05014,Dior,34.97287
BP05015,Dior,18.23932
BP05016,Dior,31.39596
BP05017,Dior,35.34107
BP05018,Dior,33.48596
BP05019,Dior,34.46624
BP05020,Dior,29.9469
BP05021,Dior,40.23875
BP05022,Dior,32.33719
BP05023,Dior,29.81987
BP05024,Dior,21.27576
BP05025,Dior,33.29129
BP05026,Dior,30.31611
BP05027,Dior,28.61828
BP05028,Dior,35.11723
BP05029,Dior,32.4149
BP05030,Dior,32.50357
BP05031,Dior,30.49474
BP05032,Dior,33.99005
BP05033,Dior,32.03159
BP05034,Dior,36.40434
BP05035,Dior,35.38305
BP05036,Dior,37.90618
BP05037,Dior,32.06801
BP05038,Dior,30.83807
BP05039,Dior,30.74947
BP05040,Dior,31.64913
BP05041,Dior,31.90637
BP05042,Dior,34.17776
BP05043,Dior,34.04457
BP05044,Dior,7.54901
BP05045,Dior,32.12364
BP05046,Dior,34.04253
BP05047,Dior,32.10771
BP05048,Dior,30.10742
BP05049,Dior,37.34443
BP05050,Dior,33.10824
BP05051,Dior,20.21248
BP05052,Dior,16.6655
BP05053,Dior,34.01788
BP05054,Dior,17.35595
BP05055,Dior,31.15986
BP05056,Dior,27.78477
BP05057,Dior,28.71173
BP05058,Dior,30.91186
BP05059,Dior,38.27416
BP05060,Dior,33.01584
BP05061,Dior,30.84277
BP05062,Dior,21.35635
BP05063,Dior,34.19951
BP05064,Dior,36.60269
BP05065,Dior,30.2319
BP05066,Dior,33.44765
BP05067,Dior,28.97433
BP05068,Dior,33.1709
BP05069,Dior,21.7086
BP05070,Dior,27.50788
BP05071,Dior,29.7294
BP05072,Dior,32.24845
BP05073,Dior,28.719
BP05074,Dior,36.27529
BP05075,Dior,32.95376
BP05076,Dior,30.91342
BP05077,Dior,31.28329
BP05078,Dior,30.24708
BP05079,Dior,32.44883
BP05080,Dior,33.42618
BP05081,Dior,30.90643
BP05082,Dior,34.67455
BP05083,Dior,32.23928
BP05084,Dior,34.83461
BP05085,Dior,16.58716
BP05086,Dior,38.78531
BP05087,Dior,36.93899
BP05088,Dior,32.19394
BP05089,Dior,34.91324
BP05090,Dior,32.19391
BP05091,Dior,35.8002
BP05092,Dior,34.71136
BP05093,Dior,32.10719
BP05094,Dior,32.64419
BP05095,Dior,30.39476
BP05096,Dior,18.03411
BP05097,Dior,36.14283
BP05098,Dior,29.8819
BP05099,Dior,34.95743
BP05100,Dior,36.36105
BP05101,Dior,34.1446
BP05102,Dior,32.11
BP05103,Dior,34.33842
BP05104,Dior,32.28122
BP05105,Dior,28.7482
BP05106,Dior,32.1099
BP05107,Dior,32.98927
BP05108,Dior,33.5302
BP05109,Dior,32.08443
BP05110,Dior,34.50253
BP05111,Dior,31.8433
BP05112,Dior,32.96454
BP05113,Dior,29.73265
BP05114,Dior,28.75978
BP05115,Dior,30.8265
BP05116,Dior,29.06872
BP05117,Dior,30.93781
BP05118,Dior,20.957
BP05119,Dior,33.10842
BP05120,Dior,34.71889
BP05121,Dior,29.22824
BP05122,Dior,29.84074
BP05123,Dior,29.34955
BP05124,Dior,29.50424
BP05125,Dior,34.06088
BP05126,Dior,33.31284
BP05127,Dior,29.76222
BP05128,Dior,35.80143
BP05129,Dior,37.00558
BP05130,Dior,34.13985
BP05131,Dior,28.67264
BP05132,Dior,34.85771
BP05133,Dior,29.3229
BP05134,Dior,39.19281
BP05135,Dior,57.44854
BP05136,Dior,59.62178
BP05137,Dior,59.18143
BP05138,Dior,34.29426
BP05139,Dior,32.97529
BP05140,Dior,39.89787
BP05141,Dior,35.96943
BP05142,Dior,32.85435
BP05143,Dior,35.00984
BP05144,Dior,33.2186
BP05145,Dior,31.24954
BP05146,Dior,34.30574
BP05147,Dior,32.99223
BP05148,Dior,33.52629
BP05149,Dior,31.30044
BP05150,Dior,35.17474
BP05151,Dior,31.55598
BP05152,Dior,29.72441
BP05153,Dior,32.25325
BP05154,Dior,32.40983
BP05155,Dior,17.07886
BP05156,Dior,32.4171
BP05157,Dior,32.52008
BP05158,Dior,36.61137
BP05159,Dior,33.80557
BP05160,Dior,34.40675
BP05161,Dior,15.65997
BP05162,Dior,21.0166
BP05163,Dior,19.49805
BP05164,Dior,40.26326
BP05165,Dior,32.24402
BP05166,Dior,30.16545
BP05167,Dior,15.861
BP05168,Dior,31.29764
BP05169,Dior,27.99168
BP05170,Dior,7.42295
BP05171,Dior,35.74397
BP05172,Dior,30.65047
BP05173,Dior,28.35162
BP05174,Dior,36.08037
BP05175,Dior,32.84898
BP05176,Dior,36.11727
BP05177,Dior,17.54991
BP05178,Dior,30.03284
BP05179,Dior,17.75908
BP05180,Dior,29.08921
BP05181,Dior,32.15956
BP05182,Dior,58.44048
BP05183,Dior,32.0284
BP05184,Dior,43.57636
BP05185,Dior,28.89541
BP05186,Dior,37.95577
BP05187,Dior,43.08506
BP05188,Dior,28.42931
BP05189,Dior,28.80289
BP05190,Dior,30.80504
BP05191,Dior,31.59006
BP05192,Dior,33.12602
BP05193,Dior,27.9629
BP05194,Dior,44.55638
BP05195,Dior,31.79505
BP05196,Dior,35.00158
BP05197,Dior,35.51852
BP05198,Dior,31.85022
BP05199,Dior,34.29328
BP05200,Dior,33.31507
BP05201,Dior,21.75794
BP05202,Dior,31.86467
BP05203,Dior,30.91523
BP05204,Dior,32.02685
BP05205,Dior,27.99041
BP05206,Dior,28.51786
BP05207,Dior,29.22452
BP05208,Dior,28.47449
BP05209,Dior,17.21226
BP05210,Dior,33.0187
BP05211,Dior,31.25579
BP05212,Dior,16.30241
BP05213,Dior,32.52704
BP05214,Dior,38.09592
BP05215,Dior,28.49617
BP05216,Dior,30.52782
BP05217,Dior,28.03511
BP05218,Dior,32.09595
BP05219,Dior,32.84195
BP05220,Dior,16.24274
BP05221,Dior,34.27542
BP05222,Dior,8.08998
BP05223,Dior,15.91737
BP05224,Dior,31.94009
BP05225,Dior,35.459
BP05226,Dior,33.53569
BP05227,Dior,32.3902
BP05228,Dior,31.34873
BP05229,Dior,30.22382
BP05230,Dior,28.74976
BP05231,Dior,32.70836
BP05232,Dior,17.49625
BP05233,Dior,30.85578
BP05234,Dior,31.51907
BP05235,Dior,56.4528
BP05236,Dior,36.26281
BP05237,Dior,29.68722
BP05238,Dior,29.42723
BP05239,Dior,31.70292
BP05240,Dior,31.26709
BP05241,Dior,32.77319
BP05242,Dior,32.23462
BP05243,Dior,33.55752
BP05244,Dior,30.79931
BP05245,Dior,33.1605
BP05246,Dior,42.0745
BP05247,Dior,37.03829
BP05248,Dior,37.65666
BP05249,Dior,34.57746
BP05250,Dior,36.82462
BP05251,Dior,34.22193
BP05252,Dior,33.82552
BP05253,Dior,32.77674
BP05254,Dior,30.53009
BP05255,Dior,36.62158
BP05256,Dior,33.65953
BP05257,Dior,31.80231
BP05258,Dior,32.38849
BP05259,Dior,34.1584
BP05260,Dior,32.68056
BP05261,Dior,31.7949
BP05262,Dior,33.12477
BP05263,Dior,32.31554
BP05264,Dior,29.58222
BP05265,Dior,32.23578
BP05266,Dior,32.86324
BP05267,Dior,33.00276
BP05268,Dior,33.92217
BP05269,Dior,29.51174
BP05270,Dior,56.02145
BP05271,Dior,58.26524
BP05272,Dior,64.57546
BP05273,Dior,32.8181
BP05274,Dior,16.12576
BP05275,Dior,22.03891
BP05276,Dior,31.938
BP05277,Dior,34.12003
BP05278,Dior,34.29726
BP05279,Dior,34.95614
BP05280,Dior,17.3343
BP05281,Dior,36.51652
BP05282,Dior,29.5814
BP05283,Dior,31.29891
BP05284,Dior,33.21344
BP05285,Dior,33.15547
BP05286,Dior,32.10726
BP05287,Dior,32.6038
BP05288,Dior,34.33798
BP05289,Dior,34.06833
BP05290,Dior,32.92382
BP05291,Dior,33.69184
BP05292,Dior,31.51181
BP05293,Dior,32.17858
BP05294,Dior,31.80132
BP05295,Dior,30.68727
BP05296,Dior,32.43399
BP05297,Dior,34.68522
BP05298,Dior,29.20293
BP05299,Dior,28.91764
BP05300,Dior,33.78192
BP05301,Dior,36.52357
BP05302,Dior,30.09788
BP05303,Dior,32.83152
BP05304,Dior,32.12422
BP05305,Dior,30.77276
BP05306,Dior,32.35112
BP05307,Dior,31.67935
BP05308,Dior,30.41688
BP05309,Dior,29.26441
BP05310,Dior,32.51744
BP05311,Dior,34.09173
BP05312,Dior,37.40872
BP05313,Dior,30.16905
BP05314,Dior,37.10114
BP05315,Dior,31.68652
BP05316,Dior,33.41868
BP05317,Dior,30.08432
BP05318,Dior,33.75915
BP05319,Dior,30.54157
BP05320,Dior,39.528
BP05321,Dior,32.41791
BP05322,Dior,34.84575
BP05323,Dior,28.82696
BP05324,Dior,32.41575
BP05325,Dior,33.73628
BP05326,Dior,29.50393
BP05327,Dior,35.21149
BP05328,Dior,32.03937
BP05329,Dior,35.2988
BP05330,Dior,32.53652
BP05331,Dior,33.23767
BP05332,Dior,36.03397
BP05333,Dior,28.49721
BP05334,Dior,32.7885
BP05335,Dior,7.97259
BP05336,Dior,33.532
BP05337,Dior,31.97402
BP05338,Dior,31.10021
BP05339,Dior,30.59901
BP05340,Dior,30.46424
BP05341,Dior,32.94443
BP05342,Dior,39.40364
BP05343,Dior,31.50948
BP05344,Dior,33.09286
BP05345,Dior,35.44138
BP05346,Dior,33.27827
BP05347,Dior,30.28935
BP05348,Dior,36.24714
BP05349,Dior,32.12462
BP05350,Dior,29.80289
BP05351,Dior,33.80183
BP05352,Dior,34.33825
BP05353,Dior,35.42952
BP05354,Dior,45.73253
BP05355,Dior,40.52073
BP05356,Dior,35.97696
BP05357,Dior,33.86702
BP05358,Dior,40.13098
BP05359,Dior,34.86698
BP05360,Dior,32.74393
BP05361,Dior,34.1277
BP05362,Dior,27.73976
BP05363,Dior,28.7804
BP05364,Dior,31.42446
BP05365,Dior,20.8906
BP05366,Dior,38.31029
BP05367,Dior,35.91141
BP05368,Dior,36.04621
BP05369,Dior,38.70388
BP05370,Dior,34.37674
BP05371,Dior,31.16617
BP05372,Dior,33.08927
BP05373,Dior,33.98664
BP05374,Dior,34.57458
BP05375,Dior,39.8379
BP05376,Dior,31.73523
BP05377,Dior,32.60347
BP05378,Dior,34.86056
BP05379,Dior,19.53364
BP05380,Dior,31.93978
BP05381,Dior,32.7402
BP05382,Dior,36.16458
BP05383,Dior,21.82792
BP05384,Dior,33.87183
BP05385,Dior,39.58173
BP05386,Dior,34.59831
BP05387,Dior,32.12724
BP05388,Dior,32.75526
BP05389,Dior,33.75272
BP05390,Dior,39.33413
BP05391,Dior,35.50593
BP05392,Dior,37.18471
BP05393,Dior,32.50285
BP05394,Dior,36.2649
BP05395,Dior,40.75324
BP05396,Dior,21.88711
BP05397,Dior,41.12764
BP05398,Dior,33.65884
BP05399,Dior,38.579
BP05400,Dior,32.78467
BP05401,Dior,43.04122
BP05402,Dior,32.85736
BP05403,Dior,40.14199
BP05404,Dior,43.03612
BP05405,Dior,39.9748
BP05406,Dior,42.07056
BP05407,Dior,34.64347
BP05408,Dior,49.82695
BP05409,Dior,43.13713
BP05410,Dior,35.18737
BP05411,Dior,33.62587
BP05412,Dior,7.2063
BP05413,Dior,32.18595
BP05414,Dior,32.45191
BP05415,Dior,30.05694
BP05416,Dior,35.63612
BP05417,Dior,32.21375
BP05418,Dior,32.15333
BP05419,Dior,29.25645
BP05420,Dior,31.34707
BP05421,Dior,36.29615
BP05422,Dior,32.80551
BP05423,Dior,37.66443
BP05424,Dior,33.13481
BP05425,Dior,37.91353
BP05426,Dior,35.79843
BP05427,Dior,36.40032
BP05428,Dior,36.20182
BP05429,Dior,27.27404
BP05430,Dior,41.10129
BP05431,Dior,13.40114
BP05432,Dior,11.73592
BP05433,Dior,38.98989
BP05434,Dior,32.51169
BP05435,Dior,35.75684
BP05436,Dior,31.68708
BP05437,Dior,33.85657
BP05438,Dior,17.36178
BP05439,Dior,36.04572
BP05440,Dior,17.14948
BP05441,Dior,33.20734
BP05442,Dior,37.21999
BP05443,Dior,43.38679
BP05444,Dior,37.1694
BP05445,Dior,31.99293
BP05446,Dior,38.8532
BP05447,Dior,32.25642
BP05448,Dior,32.6879
BP05449,Dior,33.28504
BP05450,Dior,33.26917
BP05451,Dior,33.9355
BP05452,Dior,7.33037
BP05453,Dior,33.2779
BP05454,Dior,33.41561
BP05455,Dior,7.55862
BP05456,Dior,32.48368
BP05457,Dior,35.11518
BP05458,Dior,32.50348
BP05459,Dior,31.87831
BP05460,Dior,36.37162
BP05461,Dior,29.31863
BP05462,Dior,4.0254
BP05463,Dior,33.20593
BP05464,Dior,34.16552
BP05465,Dior,34.32022
BP05466,Dior,32.86506
BP05467,Dior,32.96231
BP05468,Dior,35.23795
BP05469,Dior,37.4512
BP05470,Dior,31.46289
BP05471,Dior,37.06014
BP05472,Dior,32.76663
BP05473,Dior,37.34574
BP05474,Dior,33.80763
BP05475,Dior,32.32725
BP05476,Dior,18.4787
BP05477,Dior,32.02289
BP05478,Dior,37.40214
BP05479,Dior,35.71386
BP05480,Dior,34.76085
BP05481,Dior,34.32233
BP05482,Dior,21.22338
BP05483,Dior,33.68594
BP05484,Dior,30.98902
BP05485,Dior,17.72424
BP05486,Dior,37.15203
BP05487,Dior,36.58716
BP05488,Dior,31.26638
BP05489,Dior,36.35426
BP05490,Dior,32.39605
BP05491,Dior,36.15245
BP05492,Dior,32.05974
BP05493,Dior,31.44716
BP05494,Dior,31.13688
BP05495,Dior,30.30693
BP05496,Dior,33.49666
BP05497,Dior,30.04103
BP05498,Dior,29.69156
BP05499,Dior,17.56716
BP05500,Dior,31.92653
BP05501,Dior,32.66033
BP05502,Dior,32.26618
BP05503,Dior,28.94984
BP05504,Dior,34.74832
BP05505,Dior,33.36516
BP05506,Dior,30.78353
BP05507,Dior,29.92386
BP05508,Dior,17.28079
BP05509,Dior,34.03655
BP05510,Dior,33.56658
BP05511,Dior,32.78366
BP05512,Dior,33.34646
BP05513,Dior,31.77192
BP05514,Dior,32.29261
BP05515,Dior,30.82509
BP05516,Dior,33.68889
BP05517,Dior,22.02018
BP05518,Dior,31.35332
BP05519,Dior,32.57204
BP05520,Dior,33.781
BP05521,Dior,29.61216
BP05522,Dior,31.74147
BP05523,Dior,32.3333
BP05524,Dior,32.75482
BP05525,Dior,3.37497
BP05526,Dior,32.00051
BP05527,Dior,33.44321
BP05528,Dior,33.24924
BP05529,Dior,34.20426
BP05530,Dior,32.59122
BP05531,Dior,36.69411
BP05532,Dior,27.37426
BP05533,Dior,28.08457
BP05534,Dior,36.24982
BP05535,Dior,33.88662
BP05536,Dior,39.91678
BP05537,Dior,34.00552
BP05538,Dior,33.52948
BP05539,Dior,29.03116
BP05540,Dior,31.00146
BP05541,Dior,18.99857
BP05542,Dior,18.33204
BP05543,Dior,30.22983
BP05544,Dior,32.93371
BP05545,Dior,31.81645
BP05546,Dior,30.94008
BP05547,Dior,3.37497
BP05548,Dior,31.95291
BP05549,Dior,30.47238
BP05550,Dior,7.31644
BP05551,Dior,33.15395
BP05552,Dior,29.19959
BP05553,Dior,30.81418
BP05554,Dior,30.93593
BP05555,Dior,34.41732
BP05556,Dior,42.97207
BP05557,Dior,32.23142
BP05558,Dior,31.9734
BP05559,Dior,32.56245
BP05560,Dior,33.32801
BP05561,Dior,33.99315
BP05562,Dior,31.85035
BP05563,Dior,32.46044
BP05564,Dior,39.74646
BP05565,Dior,30.49453
BP05566,Dior,30.40564
BP05567,Dior,15.66451
BP05568,Dior,33.92449
BP05569,Dior,34.14014
BP05570,Dior,34.94394
BP05571,Dior,36.5403
BP05572,Dior,33.28655
BP05573,Dior,33.35642
BP05574,Dior,30.06372
BP05575,Dior,18.03951
BP05576,Dior,34.20414
BP05577,Dior,28.6371
BP05578,Dior,20.08836
BP05579,Dior,30.93314
BP05580,Dior,30.9049
BP05581,Dior,30.33305
BP05582,Dior,35.89697
BP05583,Dior,27.74737
BP05584,Dior,33.20587
BP05585,Dior,31.77309
BP05586,Dior,18.65003
BP05587,Dior,27.61582
BP05588,Dior,29.89905
BP05589,Dior,21.57994
BP05590,Dior,34.1896
BP05591,Dior,32.32413
BP05592,Dior,35.89316
BP05593,Dior,32.1112
BP05594,Dior,28.75174
BP05595,Dior,17.772
BP05596,Dior,19.31948
BP05597,Dior,31.32264
BP05598,Dior,29.00433
BP05599,Dior,7.74446
BP05600,Dior,16.97401
BP05601,Dior,3.47769
BP05602,Dior,37.61237
BP05603,Dior,32.70717
BP05604,Dior,7.95391
BP05605,Dior,38.33042
BP05606,Dior,35.0662
BP05607,Dior,32.25961
BP05608,Dior,30.71618
BP05609,Dior,31.06057
BP05610,Dior,34.20718
BP05611,Dior,29.68356
BP05612,Dior,31.82837
BP05613,Dior,30.28897
BP05614,Dior,39.79513
BP05615,Dior,34.67411
BP05616,Dior,7.84174
BP05617,Dior,14.60576
BP05618,Dior,27.58572
BP05619,Dior,29.78974
BP05620,Dior,33.59864
BP05621,Dior,30.15047
BP05622,Dior,29.00028
BP05623,Dior,32.53778
BP05624,Dior,31.81289
BP05625,Dior,16.23632
BP05626,Dior,16.90483
BP05627,Dior,32.52963
BP05628,Dior,30.46193
BP05629,Dior,21.7713
BP05630,Dior,31.48914
BP05631,Dior,33.02431
BP05632,Dior,30.3852
BP05633,Dior,28.16694
BP05634,Dior,22.08181
BP05635,Dior,23.01271
BP05636,Dior,45.84039
BP05637,Dior,35.71396
BP05638,Dior,29.86122
BP05639,Dior,33.50415
BP05640,Dior,20.51929
BP05641,Dior,31.80058
BP05642,Dior,31.37925
BP05643,Dior,30.77441
BP05644,Dior,32.62519
BP05645,Dior,30.99602
BP05646,Dior,31.34746
BP05647,Dior,35.83079
BP05648,Dior,33.94
BP05649,Dior,28.89939
BP05650,Dior,30.6654
BP05651,Dior,29.00937
BP05652,Dior,30.23189
BP05653,Dior,33.20301
BP05654,Dior,33.44212
BP05655,Dior,36.58857
BP05656,Dior,34.75735
BP05657,Dior,31.49023
BP05658,Dior,3.50739
BP05659,Dior,35.8224
BP05660,Dior,32.31251
BP05661,Dior,30.44648
BP05662,Dior,34.13805
BP05663,Dior,29.02066
BP05664,Dior,17.00703
BP05665,Dior,35.14081
BP05666,Dior,30.61033
BP05667,Dior,32.19382
BP05668,Dior,17.30888
BP05669,Dior,3.70537
BP05670,Dior,40.12786
BP05671,Dior,36.75065
BP05672,Dior,30.62176
BP05673,Dior,29.09664
BP05674,Dior,36.81838
BP05675,Dior,31.93431
BP05676,Dior,19.51658
BP05677,Dior,29.77796
BP05678,Dior,17.71436
BP05679,Dior,31.19406
BP05680,Dior,32.31757
BP05681,Dior,29.67608
BP05682,Dior,39.42894
BP05683,Dior,31.49874
BP05684,Dior,38.08106
BP05685,Dior,35.11946
BP05686,Dior,32.92045
BP05687,Dior,33.18812
BP05688,Dior,3.5722
BP05689,Dior,36.81245
BP05690,Dior,52.76502
BP05691,Dior,32.54963
BP05692,Dior,20.73571
BP05693,Dior,32.22133
BP05694,Dior,37.94423
BP05695,Dior,31.15015
BP05696,Dior,29.87711
BP05697,Dior,15.78175
BP05698,Dior,36.32694
BP05699,Dior,16.94795
BP05700,Dior,31.75673
BP05701,Dior,33.19532
BP05702,Dior,34.64626
BP05703,Dior,16.46972
BP05704,Dior,46.73087
BP05705,Dior,35.92954
BP05706,Dior,32.79821
BP05707,Dior,32.47442
BP05708,Dior,29.185
BP05709,Dior,35.14594
BP05710,Dior,31.21584
BP05711,Dior,29.47286
BP05712,Dior,40.46785
BP05713,Dior,20.7609
BP05714,Dior,29.00303
BP05715,Dior,28.5247
BP05716,Dior,20.66715
BP05717,Dior,31.36051
BP05718,Dior,29.9584
BP05719,Dior,32.33661
BP05720,Dior,31.29098
BP05721,Dior,31.25092
BP05722,Dior,28.07104
BP05723,Dior,33.33984
BP05724,Dior,27.87532
BP05725,Dior,21.15066
BP05726,Dior,31.77086
BP05727,Dior,28.71584
BP05728,Dior,28.53412
BP05729,Dior,28.09513
BP05730,Dior,32.3265
BP05731,Dior,21.61884
BP05732,Dior,31.38303
BP05733,Dior,49.43752
BP05734,Dior,33.64541
BP05735,Dior,33.69776
BP05736,Dior,36.43487
BP05737,Dior,29.74417
BP05738,Dior,29.03648
BP05739,Dior,29.28438
BP05740,Dior,41.17572
BP05741,Dior,30.07529
BP05742,Dior,31.70284
BP05743,Dior,21.47586
BP05744,Dior,43.22046
BP05745,Dior,22.85477
BP05746,Dior,40.04352
BP05747,Dior,34.83067
BP05748,Dior,33.12469
BP05749,Dior,31.87423
BP05750,Dior,35.36918
BP05751,Dior,20.80054
BP05752,Dior,31.11766
BP05753,Dior,31.10634
BP05754,Dior,31.91557
BP05755,Dior,34.89938
BP05756,Dior,38.86177
BP05757,Dior,29.67503
BP05758,Dior,28.79425
BP05759,Dior,38.87962
BP05760,Dior,7.9814
BP05761,Dior,31.81356
BP05762,Dior,43.50811
BP05763,Dior,33.7172
BP05764,Dior,30.51569
BP05765,Dior,31.27324
BP05766,Dior,32.98703
BP05767,Dior,32.02367
BP05768,Dior,30.07055
BP05769,Dior,36.49417
BP05770,Dior,17.09937
BP05771,Dior,30.20349
BP05772,Dior,17.79572
BP05773,Dior,31.99349
BP05774,Dior,19.29497
BP05775,Dior,33.79795
BP05776,Dior,49.36538
BP05777,Dior,3.52714
BP05778,Dior,28.50312
BP05779,Dior,27.70205
BP05780,Dior,31.36498
BP05781,Dior,16.23804
BP05782,Dior,21.25912
BP05783,Dior,17.07897
BP05784,Dior,32.69581
BP05785,Dior,27.8691
BP05786,Dior,34.32696
BP05787,Dior,32.24374
BP05788,Dior,16.7178
BP05789,Dior,29.44431
BP05790,Dior,28.69208
BP05791,Dior,29.24595
BP05792,Dior,27.67754
BP05793,Dior,30.01741
BP05794,Dior,35.06147
BP05795,Dior,36.33871
BP05796,Dior,34.06116
BP05797,Dior,17.3582
BP05798,Dior,36.23575
BP05799,Dior,30.91667
BP05800,Dior,34.81521
BP05801,Dior,17.98234
BP05802,Dior,30.66381
BP05803,Dior,30.48965
BP05804,Dior,33.1294
BP05805,Dior,34.18403
BP05806,Dior,31.95122
BP05807,Dior,31.07134
BP05808,Dior,35.91111
BP05809,Dior,34.57324
BP05810,Dior,30.18391
BP05811,Dior,30.80038
BP05812,Dior,32.46681
BP05813,Dior,21.5586
BP05814,Dior,22.11301
BP05815,Dior,30.82709
BP05816,Dior,8.04134
BP05817,Dior,31.60308
BP05818,Dior,30.797
BP05819,Dior,30.36647
BP05820,Dior,32.25415
BP05821,Dior,30.42862
BP05822,Dior,30.13626
BP05823,Dior,29.16181
BP05824,Dior,31.01666
BP05825,Dior,31.65634
BP05826,Dior,32.6826
BP05827,Dior,27.66804
BP05828,Dior,30.54218
BP05829,Dior,7.11009
BP05830,Dior,18.53605
BP05831,Dior,35.08015
BP05832,Dior,33.81282
BP05833,Dior,20.3711
BP05834,Dior,30.1863
BP05835,Dior,41.03317
BP05836,Dior,19.3352
BP05837,Dior,31.58575
BP05838,Dior,31.05863
BP05839,Dior,19.36569
BP05840,Dior,28.06509
BP05841,Dior,16.25276
BP05842,Dior,19.40944
BP05843,Dior,22.25964
BP05844,Dior,31.70032
BP05845,Dior,20.42595
BP05846,Dior,32.55698
BP05847,Dior,31.29249
BP05848,Dior,32.60137
BP05849,Dior,32.64802
BP05850,Dior,34.63407
BP05851,Dior,29.04762
BP05852,Dior,32.37612
BP05853,Dior,18.05864
BP05854,Dior,28.80508
BP05855,Dior,32.8149
BP05856,Dior,30.76466
BP05857,Dior,3.37497
BP05858,Dior,17.18775
BP05859,Dior,19.11023
BP05860,Dior,30.01383
BP05861,Dior,31.35957
BP05862,Dior,31.03901
BP05863,Dior,17.26203
BP05864,Dior,21.13297
BP05865,Dior,31.10541
BP05866,Dior,30.60264
BP05867,Dior,34.14963
BP05868,Dior,31.54639
BP05869,Dior,29.76088
BP05870,Dior,16.93547
BP05871,Dior,17.47346
BP05872,Dior,30.30643
BP05873,Dior,31.59741
BP05874,Dior,33.90489
BP05875,Dior,31.27591
BP05876,Dior,30.28897
BP05877,Dior,29.71872
BP05878,Dior,49.62785
BP05879,Dior,29.66418
BP05880,Dior,32.26346
BP05881,Dior,7.73014
BP05882,Dior,7.9568
BP05883,Dior,21.23588
BP05884,Dior,43.29799
BP05885,Dior,27.68744
BP05886,Dior,42.03362
BP05887,Dior,40.83133
BP05888,Dior,32.45203
BP05889,Dior,4.45341
BP05890,Dior,48.41531
BP05891,Dior,20.62972
BP05892,Dior,29.7175
BP05893,Dior,32.99893
BP05894,Dior,3.6997
BP05895,Dior,31.61393
BP05896,Dior,29.46358
BP05897,Dior,31.42741
BP05898,Dior,37.77333
BP05899,Dior,29.54173
BP05900,Dior,29.82771
BP05901,Dior,31.37486
BP05902,Dior,17.44446
BP05903,Dior,30.98489
BP05904,Dior,28.85635
BP05905,Dior,33.15518
BP05906,Dior,30.31677
BP05907,Dior,34.42429
BP05908,Dior,32.33165
BP05909,Dior,31.11856
BP05910,Dior,31.0178
BP05911,Dior,31.10337
BP05912,Dior,31.50294
BP05913,Dior,32.22168
BP05914,Dior,29.2264
BP05915,Dior,29.73712
BP05916,Dior,31.91474
BP05917,Dior,31.447
BP05918,Dior,36.19794
BP05919,Dior,34.4191
BP05920,Dior,37.41381
BP05921,Dior,28.664
BP05922,Dior,33.20222
BP05923,Dior,31.46716
BP05924,Dior,31.67127
BP05925,Dior,31.69352
BP05926,Dior,3.26667
BP05927,Dior,34.63981
BP05928,Dior,29.9025
BP05929,Dior,7.90021
BP05930,Dior,31.32294
BP05931,Dior,31.32109
BP05932,Dior,30.94391
BP05933,Dior,32.31793
BP05934,Dior,3.44282
BP05935,Dior,29.44712
BP05936,Dior,16.87658
BP05937,Dior,6.00692
BP05938,Dior,28.91105
BP05939,Dior,27.6635
BP05940,Dior,33.6388
BP05941,Dior,29.64715
BP05942,Dior,28.48892
BP05943,Dior,34.14458
BP05944,Dior,19.36513
BP05945,Dior,31.02784
BP05946,Dior,28.79518
BP05947,Dior,28.93921
BP05948,Dior,32.75996
BP05949,Dior,30.27215
BP05950,Dior,7.80179
BP05951,Dior,27.6663
BP05952,Dior,30.71212
BP05953,Dior,33.73368
BP05954,Dior,32.30683
BP05955,Dior,19.13666
BP05956,Dior,31.10331
BP05957,Dior,35.44022
BP05958,Dior,30.61997
BP05959,Dior,29.88906
BP05960,Dior,35.49677
BP05961,Dior,31.4185
BP05962,Dior,17.81447
BP05963,Dior,34.0786
BP05964,Dior,33.72717
BP05965,Dior,29.7415
BP05966,Dior,29.40809
BP05967,Dior,30.19415
BP05968,Dior,33.95396
BP05969,Dior,31.56783
BP05970,Dior,30.24097
BP05971,Dior,33.34105
BP05972,Gucci,28.68093
BP05973,Gucci,30.77646
BP05974,Gucci,29.80377
BP05975,Gucci,31.87677
BP05976,Gucci,33.78359
BP05977,Gucci,32.84661
BP05978,Gucci,33.94184
BP05979,Gucci,35.86116
BP05980,Gucci,31.85999
BP05981,Gucci,36.62438
BP05982,Gucci,34.39322
BP05983,Gucci,35.72167
BP05984,Gucci,39.02616
BP05985,Gucci,35.05714
BP05986,Gucci,31.64275
BP05987,Gucci,36.32273
BP05988,Gucci,33.58047
BP05989,Gucci,18.14368
BP05990,Gucci,31.12134
BP05991,Gucci,30.33039
BP05992,Gucci,18.71666
BP05993,Gucci,17.7946
BP05994,Gucci,34.40441
BP05995,Gucci,42.38339
BP05996,Gucci,40.00727
BP05997,Gucci,32.51672
BP05998,Gucci,31.99597
BP05999,Gucci,18.71725
BP06000,Gucci,33.72769
BP06001,Gucci,59.39211
BP06002,Gucci,36.13599
BP06003,Gucci,46.14441
BP06004,Gucci,44.59038
BP06005,Gucci,30.88612
BP06006,Gucci,35.77579
BP06007,Gucci,29.53638
BP06008,Gucci,32.98033
BP06009,Gucci,30.70445
BP06010,Gucci,39.44759
BP06011,Gucci,17.67721
BP06012,Gucci,33.61004
BP06013,Gucci,32.48549
BP06014,Gucci,38.85205
BP06015,Gucci,46.01663
BP06016,Gucci,43.49928
BP06017,Gucci,35.00575
BP06018,Gucci,33.03123
BP06019,Gucci,34.83433
BP06020,Gucci,31.77478
BP06021,Gucci,34.3641
BP06022,Gucci,34.23241
BP06023,Gucci,34.02747
BP06024,Gucci,33.26755
BP06025,Gucci,31.941
BP06026,Gucci,32.34564
BP06027,Gucci,33.0986
BP06028,Gucci,32.20967
BP06029,Gucci,41.99057
BP06030,Gucci,30.50933
BP06031,Gucci,29.91664
BP06032,Gucci,33.6605
BP06033,Gucci,35.05311
BP06034,Gucci,32.29123
BP06035,Gucci,29.90208
BP06036,Gucci,32.59107
BP06037,Gucci,32.65484
BP06038,Gucci,31.37944
BP06039,Gucci,31.01603
BP06040,Gucci,31.16703
BP06041,Gucci,33.25817
BP06042,Gucci,31.87414
BP06043,Gucci,32.7357
BP06044,Gucci,33.41249
BP06045,Gucci,18.78537
BP06046,Gucci,33.38981
BP06047,Gucci,33.36603
BP06048,Gucci,32.70903
BP06049,Gucci,35.50968
BP06050,Gucci,34.15404
BP06051,Gucci,32.62731
BP06052,Gucci,18.71847
BP06053,Gucci,33.5062
BP06054,Gucci,31.88002
BP06055,Gucci,32.54056
BP06056,Gucci,36.23412
BP06057,Gucci,32.48525
BP06058,Gucci,33.30348
BP06059,Gucci,31.35992
BP06060,Gucci,18.30255
BP06061,Gucci,19.06161
BP06062,Gucci,33.45758
BP06063,Gucci,38.5172
BP06064,Gucci,30.16271
BP06065,Gucci,31.89059
BP06066,Gucci,17.62059
BP06067,Gucci,35.12354
BP06068,Gucci,19.53419
BP06069,Gucci,40.99366
BP06070,Gucci,33.10221
BP06071,Gucci,39.39296
BP06072,Gucci,43.66364
BP06073,Gucci,45.04995
BP06074,Gucci,48.70552
BP06075,Gucci,53.00593
BP06076,Gucci,35.24413
BP06077,Gucci,32.95064
BP06078,Gucci,19.20766
BP06079,Gucci,30.58911
BP06080,Gucci,33.42184
BP06081,Gucci,32.29698
BP06082,Gucci,32.01814
BP06083,Gucci,34.09052
BP06084,Gucci,30.13575
BP06085,Gucci,34.21465
BP06086,Gucci,30.08851
BP06087,Gucci,34.29795
BP06088,Gucci,37.67338
BP06089,Gucci,29.76593
BP06090,Gucci,34.6481
BP06091,Gucci,34.66313
BP06092,Gucci,33.10836
BP06093,Gucci,35.16229
BP06094,Gucci,39.15761
BP06095,Gucci,40.02953
BP06096,Gucci,43.77046
BP06097,Gucci,31.72636
BP06098,Gucci,35.34377
BP06099,Gucci,30.93161
BP06100,Gucci,29.71238
BP06101,Gucci,38.54113
BP06102,Gucci,16.70892
BP06103,Gucci,31.85646
BP06104,Gucci,17.40919
BP06105,Gucci,32.29255
BP06106,Gucci,30.9549
BP06107,Gucci,31.86818
BP06108,Gucci,36.5152
BP06109,Gucci,27.43311
BP06110,Gucci,29.6671
BP06111,Gucci,29.66056
BP06112,Gucci,33.80436
BP06113,Gucci,30.34068
BP06114,Gucci,18.71393
BP06115,Gucci,40.24358
BP06116,Gucci,18.60022
BP06117,Gucci,36.8806
BP06118,Gucci,31.38316
BP06119,Gucci,31.04846
BP06120,Gucci,44.91694
BP06121,Gucci,42.41982
BP06122,Gucci,32.64247
BP06123,Gucci,49.00844
BP06124,Gucci,49.27632
BP06125,Gucci,36.63536
BP06126,Gucci,30.43265
BP06127,Gucci,29.63909
BP06128,Gucci,28.60883
BP06129,Gucci,17.17096
BP06130,Gucci,30.17436
BP06131,Gucci,31.34476
BP06132,Gucci,33.46807
BP06133,Gucci,32.98382
BP06134,Gucci,33.24752
BP06135,Gucci,30.34537
BP06136,Gucci,33.26298
BP06137,Gucci,33.1947
BP06138,Gucci,35.7512
BP06139,Gucci,35.35236
BP06140,Gucci,16.72678
BP06141,Gucci,17.11985
BP06142,Gucci,36.70223
BP06143,Gucci,35.89383
BP06144,Gucci,35.76488
BP06145,Gucci,31.29185
BP06146,Gucci,33.22185
BP06147,Gucci,34.77703
BP06148,Gucci,31.2567
BP06149,Gucci,30.96304
BP06150,Gucci,35.09322
BP06151,Gucci,30.78207
BP06152,Gucci,32.98333
BP06153,Gucci,33.48399
BP06154,Gucci,32.49717
BP06155,Gucci,31.43121
BP06156,Gucci,18.63647
BP06157,Gucci,32.31217
BP06158,Gucci,50.46387
BP06159,Gucci,31.06997
BP06160,Gucci,30.92277
BP06161,Gucci,47.30681
BP06162,Gucci,46.65369
BP06163,Gucci,44.35658
BP06164,Gucci,32.04124
BP06165,Gucci,30.07371
BP06166,Gucci,28.69717
BP06167,Gucci,31.42854
BP06168,Gucci,34.57582
BP06169,Gucci,32.23854
BP06170,Gucci,33.68852
BP06171,Gucci,31.16936
BP06172,Gucci,35.74686
BP06173,Gucci,30.50402
BP06174,Gucci,36.01455
BP06175,Gucci,33.55826
BP06176,Gucci,33.29921
BP06177,Gucci,33.35623
BP06178,Gucci,30.83661
BP06179,Gucci,30.73516
BP06180,Gucci,30.45363
BP06181,Gucci,30.65932
BP06182,Gucci,33.12941
BP06183,Gucci,42.63294
BP06184,Gucci,32.46521
BP06185,Gucci,31.9539
BP06186,Gucci,33.97022
BP06187,Gucci,32.83939
BP06188,Gucci,31.86251
BP06189,Gucci,36.09392
BP06190,Gucci,38.40525
BP06191,Gucci,31.00876
BP06192,Gucci,39.18059
BP06193,Gucci,28.94029
BP06194,Gucci,19.49429
BP06195,Gucci,30.90801
BP06196,Gucci,51.11143
BP06197,Gucci,33.52336
BP06198,Gucci,34.2315
BP06199,Gucci,36.82099
BP06200,Gucci,29.90012
BP06201,Gucci,33.17392
BP06202,Gucci,39.54449
BP06203,Gucci,28.91875
BP06204,Gucci,38.35782
BP06205,Gucci,35.76562
BP06206,Gucci,32.14127
BP06207,Gucci,22.01284
BP06208,Gucci,30.57893
BP06209,Gucci,51.48453
BP06210,Gucci,34.13669
BP06211,Gucci,15.75495
BP06212,Gucci,35.03865
BP06213,Gucci,29.61572
BP06214,Gucci,29.328
BP06215,Gucci,29.74013
BP06216,Gucci,6.66887
BP06217,Gucci,17.03828
BP06218,Gucci,35.62132
BP06219,Gucci,45.19171
BP06220,Gucci,48.41381
BP06221,Gucci,7.67414
BP06222,Gucci,32.20633
BP06223,Gucci,31.38463
BP06224,Gucci,33.30861
BP06225,Gucci,33.3559
BP06226,Gucci,40.7324
BP06227,Gucci,36.24944
BP06228,Gucci,30.25196
BP06229,Gucci,30.87892
BP06230,Gucci,32.64713
BP06231,Gucci,31.08774
BP06232,Gucci,36.47845
BP06233,Gucci,28.98626
BP06234,Gucci,34.35536
BP06235,Gucci,16.80952
BP06236,Gucci,34.41452
BP06237,Gucci,31.98507
BP06238,Gucci,33.04106
BP06239,Gucci,32.45175
BP06240,Gucci,31.82378
BP06241,Gucci,34.00692
BP06242,Gucci,35.96084
BP06243,Gucci,33.04628
BP06244,Gucci,32.62126
BP06245,Gucci,33.44871
BP06246,Gucci,28.54482
BP06247,Gucci,34.7522
BP06248,Gucci,31.81503
BP06249,Gucci,33.61295
BP06250,Gucci,36.08536
BP06251,Gucci,37.21055
BP06252,Gucci,33.07404
BP06253,Gucci,39.37897
BP06254,Gucci,34.30904
BP06255,Gucci,30.81376
BP06256,Gucci,34.45204
BP06257,Gucci,32.61492
BP06258,Gucci,36.06048
BP06259,Gucci,34.45297
BP06260,Gucci,33.23565
BP06261,Gucci,36.25136
BP06262,Gucci,40.25307
BP06263,Gucci,38.30454
BP06264,Gucci,32.82265
BP06265,Gucci,31.70414
BP06266,Gucci,18.00015
BP06267,Gucci,30.55975
BP06268,Gucci,17.53145
BP06269,Gucci,30.17276
BP06270,Gucci,43.00253
BP06271,Gucci,27.49613
BP06272,Gucci,18.04418
BP06273,Gucci,29.78585
BP06274,Gucci,17.3372
BP06275,Gucci,38.74056
BP06276,Gucci,34.55311
BP06277,Gucci,33.79034
BP06278,Gucci,38.38899
BP06279,Gucci,34.13684
BP06280,Gucci,35.69157
BP06281,Gucci,31.6905
BP06282,Gucci,39.99109
BP06283,Gucci,46.32416
BP06284,Gucci,31.0277
BP06285,Gucci,34.05079
BP06286,Gucci,33.03361
BP06287,Gucci,33.37633
BP06288,Gucci,38.81119
BP06289,Gucci,32.42051
BP06290,Gucci,32.11966
BP06291,Gucci,33.81543
BP06292,Gucci,32.06782
BP06293,Gucci,32.52876
BP06294,Gucci,35.67949
BP06295,Gucci,35.27164
BP06296,Gucci,32.51545
BP06297,Gucci,31.77366
BP06298,Gucci,31.57695
BP06299,Gucci,33.53184
BP06300,Gucci,30.87655
BP06301,Gucci,36.50207
BP06302,Gucci,33.52912
BP06303,Gucci,31.54347
BP06304,Gucci,33.33047
BP06305,Gucci,35.24377
BP06306,Gucci,39.1279
BP06307,Gucci,37.50461
BP06308,Gucci,32.48225
BP06309,Gucci,34.45197
BP06310,Gucci,33.24414
BP06311,Gucci,36.33127
BP06312,Gucci,34.21137
BP06313,Gucci,35.29528
BP06314,Gucci,35.84732
BP06315,Gucci,33.41064
BP06316,Gucci,37.68896
BP06317,Gucci,34.71244
BP06318,Gucci,35.46228
BP06319,Gucci,37.21477
BP06320,Gucci,43.8657
BP06321,Gucci,33.71582
BP06322,Gucci,32.17076
BP06323,Gucci,31.42826
BP06324,Gucci,30.45277
BP06325,Gucci,32.07676
BP06326,Gucci,40.05024
BP06327,Gucci,31.91097
BP06328,Gucci,32.25483
BP06329,Gucci,35.48132
BP06330,Gucci,37.42994
BP06331,Gucci,29.91788
BP06332,Gucci,30.2218
BP06333,Gucci,41.15029
BP06334,Gucci,30.51366
BP06335,Gucci,32.62572
BP06336,Gucci,33.29456
BP06337,Gucci,33.67191
BP06338,Gucci,33.76263
BP06339,Gucci,34.86299
BP06340,Gucci,33.51497
BP06341,Gucci,33.2133
BP06342,Gucci,30.39724
BP06343,Gucci,48.46247
BP06344,Gucci,35.57061
BP06345,Gucci,33.47598
BP06346,Gucci,35.73558
BP06347,Gucci,32.43306
BP06348,Gucci,30.24959
BP06349,Gucci,32.05541
BP06350,Gucci,36.21344
BP06351,Gucci,32.80945
BP06352,Gucci,30.56516
BP06353,Gucci,33.79701
BP06354,Gucci,31.76012
BP06355,Gucci,32.61522
BP06356,Gucci,31.48321
BP06357,Gucci,38.7267
BP06358,Gucci,43.08624
BP06359,Gucci,33.45107
BP06360,Gucci,46.45955
BP06361,Gucci,31.62207
BP06362,Gucci,41.89419
BP06363,Gucci,36.36562
BP06364,Gucci,33.46522
BP06365,Gucci,31.14268
BP06366,Gucci,33.8825
BP06367,Gucci,36.73739
BP06368,Gucci,32.98041
BP06369,Gucci,31.96148
BP06370,Gucci,35.49777
BP06371,Gucci,32.36526
BP06372,Gucci,33.37492
BP06373,Gucci,30.58151
BP06374,Gucci,20.81593
BP06375,Gucci,33.28204
BP06376,Gucci,34.6426
BP06377,Gucci,31.04957
BP06378,Gucci,48.55142
BP06379,Gucci,32.28587
BP06380,Gucci,31.81209
BP06381,Gucci,39.16674
BP06382,Gucci,32.78307
BP06383,Gucci,30.37537
BP06384,Gucci,34.62987
BP06385,Gucci,37.55401
BP06386,Gucci,32.20981
BP06387,Gucci,32.68791
BP06388,Gucci,33.97777
BP06389,Gucci,35.48729
BP06390,Gucci,35.00739
BP06391,Gucci,33.33937
BP06392,Gucci,32.83428
BP06393,Gucci,33.03035
BP06394,Gucci,32.8194
BP06395,Gucci,36.36049
BP06396,Gucci,35.09452
BP06397,Gucci,33.95631
BP06398,Gucci,40.25198
BP06399,Gucci,31.62484
BP06400,Gucci,33.24115
BP06401,Gucci,32.96998
BP06402,Gucci,31.97685
BP06403,Gucci,32.68709
BP06404,Gucci,31.22454
BP06405,Gucci,29.82686
BP06406,Gucci,36.65508
BP06407,Gucci,31.41598
BP06408,Gucci,34.5116
BP06409,Gucci,32.7454
BP06410,Gucci,36.32958
BP06411,Gucci,34.4858
BP06412,Gucci,33.54029
BP06413,Gucci,30.70994
BP06414,Gucci,29.45848
BP06415,Gucci,32.10186
BP06416,Gucci,41.3704
BP06417,Gucci,43.71968
BP06418,Gucci,34.17072
BP06419,Gucci,28.66672
BP06420,Gucci,34.04901
BP06421,Gucci,32.81855
BP06422,Gucci,37.23978
BP06423,Gucci,34.26551
BP06424,Gucci,40.61772
BP06425,Gucci,32.25113
BP06426,Gucci,30.97428
BP06427,Gucci,32.85679
BP06428,Gucci,30.59728
BP06429,Gucci,34.9473
BP06430,Gucci,36.43149
BP06431,Gucci,32.41637
BP06432,Gucci,36.36696
BP06433,Gucci,32.95001
BP06434,Gucci,35.80794
BP06435,Gucci,37.4462
BP06436,Gucci,29.7928
BP06437,Gucci,30.16218
BP06438,Gucci,24.83609
BP06439,Gucci,29.67065
BP06440,Gucci,36.47523
BP06441,Gucci,34.34474
BP06442,Gucci,40.16018
BP06443,Gucci,37.30395
BP06444,Gucci,31.14121
BP06445,Gucci,32.97044
BP06446,Gucci,33.60509
BP06447,Gucci,33.70618
BP06448,Gucci,32.57935
BP06449,Gucci,31.56628
BP06450,Gucci,31.29379
BP06451,Gucci,14.59231
BP06452,Gucci,40.10682
BP06453,Gucci,33.12931
BP06454,Gucci,39.7078
BP06455,Gucci,42.12101
BP06456,Gucci,18.28788
BP06457,Gucci,38.04601
BP06458,Gucci,31.73586
BP06459,Gucci,31.0679
BP06460,Gucci,31.70975
BP06461,Gucci,53.06205
BP06462,Gucci,46.94037
BP06463,Gucci,57.11222
BP06464,Gucci,34.19189
BP06465,Gucci,39.78783
BP06466,Gucci,31.246
BP06467,Gucci,39.96716
BP06468,Gucci,33.11527
BP06469,Gucci,36.98642
BP06470,Gucci,33.58879
BP06471,Gucci,32.59773
BP06472,Gucci,32.5091
BP06473,Gucci,3.46952
BP06474,Gucci,31.93747
BP06475,Gucci,34.25626
BP06476,Gucci,29.35544
BP06477,Gucci,18.27315
BP06478,Gucci,32.54386
BP06479,Gucci,35.89615
BP06480,Gucci,33.85863
BP06481,Gucci,6.21956
BP06482,Gucci,19.32806
BP06483,Gucci,39.38563
BP06484,Gucci,34.33785
BP06485,Gucci,36.12109
BP06486,Gucci,3.5916
BP06487,Gucci,33.89835
BP06488,Gucci,38.57694
BP06489,Gucci,35.69326
BP06490,Gucci,33.90147
BP06491,Gucci,33.09223
BP06492,Gucci,36.07561
BP06493,Gucci,35.8645
BP06494,Gucci,33.81167
BP06495,Gucci,37.68269
BP06496,Gucci,44.35811
BP06497,Gucci,32.7218
BP06498,Gucci,37.73786
BP06499,Gucci,28.80126
BP06500,Gucci,30.72174
BP06501,Gucci,35.78097
BP06502,Gucci,17.26421
BP06503,Gucci,45.39773
BP06504,Gucci,33.19501
BP06505,Gucci,34.48968
BP06506,Gucci,42.46768
BP06507,Gucci,31.60249
BP06508,Gucci,27.92864
BP06509,Gucci,30.52822
BP06510,Gucci,33.0142
BP06511,Gucci,38.8326
BP06512,Gucci,35.0738
BP06513,Gucci,33.74516
BP06514,Gucci,30.53649
BP06515,Gucci,31.66791
BP06516,Gucci,37.51909
BP06517,Gucci,43.12831
BP06518,Gucci,32.1329
BP06519,Gucci,39.76954
BP06520,Gucci,4.04847
BP06521,Gucci,45.81317
BP06522,Gucci,36.71374
BP06523,Gucci,3.36086
BP06524,Gucci,31.81965
BP06525,Gucci,32.20255
BP06526,Gucci,38.70377
BP06527,Gucci,32.80495
BP06528,Gucci,30.39664
BP06529,Gucci,16.75559
BP06530,Gucci,15.45905
BP06531,Gucci,14.97518
BP06532,Gucci,14.91051
BP06533,Gucci,14.94679
BP06534,Gucci,15.03143
BP06535,Gucci,14.95069
BP06536,Gucci,26.79768
BP06537,Gucci,14.76971
BP06538,Gucci,14.88077
BP06539,Gucci,34.22736
BP06540,Gucci,31.56815
BP06541,Gucci,36.26286
BP06542,Gucci,33.29029
BP06543,Gucci,33.45647
BP06544,Gucci,34.06585
BP06545,Gucci,30.59972
BP06546,Gucci,32.63242
BP06547,Gucci,34.05364
BP06548,Gucci,34.61421
BP06549,Gucci,33.74607
BP06550,Gucci,35.5054
BP06551,Gucci,33.78166
BP06552,Gucci,37.42207
BP06553,Gucci,32.15919
BP06554,Gucci,32.23729
BP06555,Gucci,33.38536
BP06556,Gucci,32.68238
BP06557,Gucci,29.93568
BP06558,Gucci,34.37794
BP06559,Gucci,31.00778
BP06560,Gucci,47.81987
BP06561,Gucci,35.55146
BP06562,Gucci,36.10413
BP06563,Gucci,51.79421
BP06564,Gucci,53.60772
BP06565,Gucci,55.37841
BP06566,Gucci,33.56559
BP06567,Gucci,28.89884
BP06568,Gucci,33.42114
BP06569,Gucci,33.45432
BP06570,Gucci,32.74561
BP06571,Gucci,38.22231
BP06572,Gucci,33.26356
BP06573,Gucci,34.12017
BP06574,Gucci,35.47483
BP06575,Gucci,39.65643
BP06576,Gucci,34.06514
BP06577,Gucci,3.74873
BP06578,Gucci,37.28535
BP06579,Gucci,38.16556
BP06580,Gucci,37.86
BP06581,Gucci,41.89597
BP06582,Gucci,6.36324
BP06583,Gucci,35.09956
BP06584,Gucci,29.92681
BP06585,Gucci,33.39777
BP06586,Gucci,34.42329
BP06587,Gucci,32.72771
BP06588,Gucci,31.76152
BP06589,Gucci,31.80159
BP06590,Gucci,30.46337
BP06591,Gucci,19.17259
BP06592,Gucci,32.63334
BP06593,Gucci,31.109
BP06594,Gucci,32.04117
BP06595,Gucci,31.211
BP06596,Gucci,35.34153
BP06597,Gucci,33.06008
BP06598,Gucci,31.09402
BP06599,Gucci,41.21398
BP06600,Gucci,39.7864
BP06601,Gucci,45.12648
BP06602,Gucci,34.34881
BP06603,Gucci,32.57727
BP06604,Gucci,36.57704
BP06605,Gucci,34.74682
BP06606,Gucci,37.49308
BP06607,Gucci,20.70536
BP06608,Gucci,39.46815
BP06609,Gucci,17.55972
BP06610,Gucci,46.98395
BP06611,Gucci,30.33876
BP06612,Gucci,33.23967
BP06613,Gucci,36.15803
BP06614,Gucci,32.26481
BP06615,Gucci,33.38196
BP06616,Gucci,33.45855
BP06617,Gucci,42.85272
BP06618,Gucci,47.22126
BP06619,Gucci,51.4271
BP06620,Gucci,45.41682
BP06621,Gucci,40.55446
BP06622,Gucci,35.29984
BP06623,Gucci,45.09494
BP06624,Gucci,30.05339
BP06625,Gucci,33.40699
BP06626,Gucci,3.53934
BP06627,Gucci,18.25414
BP06628,Gucci,33.12687
BP06629,Gucci,30.71864
BP06630,Gucci,30.14539
BP06631,Gucci,35.48522
BP06632,Gucci,18.54395
BP06633,Gucci,31.34103
BP06634,Gucci,30.79933
BP06635,Gucci,33.37821
BP06636,Gucci,34.53533
BP06637,Gucci,35.51931
BP06638,Gucci,57.02209
BP06639,Gucci,33.42493
BP06640,Gucci,33.47644
BP06641,Gucci,32.69293
BP06642,Gucci,34.81516
BP06643,Gucci,34.08208
BP06644,Gucci,32.63795
BP06645,Gucci,33.97307
BP06646,Gucci,52.10301
BP06647,Gucci,37.17531
BP06648,Gucci,38.71788
BP06649,Gucci,37.8229
BP06650,Gucci,40.18962
BP06651,Gucci,34.2943
BP06652,Gucci,39.05736
BP06653,Gucci,42.09861
BP06654,Gucci,34.37859
BP06655,Gucci,43.9655
BP06656,Gucci,36.22415
BP06657,Gucci,35.64773
BP06658,Gucci,32.09686
BP06659,Gucci,34.15992
BP06660,Gucci,36.40754
BP06661,Gucci,35.35905
BP06662,Gucci,39.63583
BP06663,Gucci,45.70574
BP06664,Gucci,35.0172
BP06665,Gucci,37.12906
BP06666,Gucci,34.00161
BP06667,Gucci,36.77658
BP06668,Gucci,37.41165
BP06669,Gucci,36.51871
BP06670,Gucci,35.82056
BP06671,Gucci,36.52955
BP06672,Gucci,32.93431
BP06673,Gucci,37.41769
BP06674,Gucci,33.6595
BP06675,Gucci,33.11893
BP06676,Gucci,39.46901
BP06677,Gucci,31.71257
BP06678,Gucci,31.59076
BP06679,Gucci,34.16581
BP06680,Gucci,32.73532
BP06681,Gucci,31.83961
BP06682,Gucci,34.13247
BP06683,Gucci,35.00563
BP06684,Gucci,35.21412
BP06685,Gucci,32.13975
BP06686,Gucci,34.25957
BP06687,Gucci,35.6771
BP06688,Gucci,33.44777
BP06689,Gucci,31.47687
BP06690,Gucci,34.6255
BP06691,Gucci,29.64161
BP06692,Gucci,30.10518
BP06693,Gucci,34.42745
BP06694,Gucci,39.31415
BP06695,Gucci,33.93367
BP06696,Gucci,36.05681
BP06697,Gucci,32.22806
BP06698,Gucci,47.82222
BP06699,Gucci,51.43808
BP06700,Gucci,36.33156
BP06701,Gucci,34.95722
BP06702,Gucci,33.93714
BP06703,Gucci,35.22803
BP06704,Gucci,58.04177
BP06705,Gucci,33.97788
BP06706,Gucci,31.91256
BP06707,Gucci,33.89534
BP06708,Gucci,37.55115
BP06709,Gucci,30.99661
BP06710,Gucci,33.61707
BP06711,Gucci,35.56783
BP06712,Gucci,30.08411
BP06713,Gucci,35.17058
BP06714,Gucci,38.33724
BP06715,Gucci,6.00692
BP06716,Gucci,31.65532
BP06717,Gucci,6.48982
BP06718,Gucci,56.24319
BP06719,Gucci,57.80354
BP06720,Gucci,60.45934
BP06721,Gucci,31.92209
BP06722,Gucci,46.12044
BP06723,Gucci,35.03739
BP06724,Gucci,34.70798
BP06725,Gucci,32.16924
BP06726,Gucci,34.301
BP06727,Gucci,32.82264
BP06728,Gucci,32.83527
BP06729,Gucci,32.90333
BP06730,Gucci,36.76254
BP06731,Gucci,38.23686
BP06732,Gucci,36.94119
BP06733,Gucci,31.62577
BP06734,Gucci,34.77654
BP06735,Gucci,35.02752
BP06736,Gucci,40.0339
BP06737,Gucci,31.62745
BP06738,Gucci,32.01179
BP06739,Gucci,33.59668
BP06740,Gucci,29.92967
BP06741,Gucci,33.84685
BP06742,Gucci,33.86268
BP06743,Gucci,34.14518
BP06744,Gucci,31.6926
BP06745,Gucci,30.5988
BP06746,Gucci,33.12791
BP06747,Gucci,43.55682
BP06748,Gucci,32.66031
BP06749,Gucci,34.80583
BP06750,Gucci,34.03093
BP06751,Gucci,32.59184
BP06752,Gucci,29.41033
BP06753,Gucci,32.1278
BP06754,Gucci,34.95708
BP06755,Gucci,34.45954
BP06756,Gucci,38.19981
BP06757,Gucci,33.60257
BP06758,Gucci,33.28131
BP06759,Gucci,31.19718
BP06760,Gucci,33.98692
BP06761,Gucci,31.18094
BP06762,Gucci,57.03695
BP06763,Gucci,31.60788
BP06764,Gucci,32.92954
BP06765,Gucci,31.41908
BP06766,Gucci,39.77001
BP06767,Gucci,39.40452
BP06768,Gucci,39.49107
BP06769,Gucci,41.90207
BP06770,Gucci,41.12645
BP06771,Gucci,43.14609
BP06772,Gucci,43.55829
BP06773,Gucci,30.73803
BP06774,Gucci,32.05817
BP06775,Gucci,40.25761
BP06776,Gucci,30.32566
BP06777,Gucci,33.17059
BP06778,Gucci,33.52915
BP06779,Gucci,37.13436
BP06780,Gucci,31.73061
BP06781,Gucci,31.16522
BP06782,Gucci,16.67807
BP06783,Gucci,28.86901
BP06784,Gucci,33.42468
BP06785,Gucci,31.1641
BP06786,Gucci,36.8403
BP06787,Gucci,29.04871
BP06788,Gucci,40.27649
BP06789,Gucci,17.69166
BP06790,Gucci,31.89888
BP06791,Gucci,38.95337
BP06792,Gucci,3.73678
BP06793,Gucci,33.04624
BP06794,Gucci,33.32434
BP06795,Gucci,33.07872
BP06796,Gucci,31.57856
BP06797,Gucci,40.26496
BP06798,Gucci,35.12967
BP06799,Gucci,36.22197
BP06800,Gucci,34.78378
BP06801,Gucci,32.93486
BP06802,Gucci,33.86942
BP06803,Gucci,4.75162
BP06804,Gucci,3.84246
BP06805,Gucci,33.68951
BP06806,Gucci,32.67411
BP06807,Gucci,36.19594
BP06808,Gucci,36.95239
BP06809,Gucci,34.1628
BP06810,Gucci,39.26796
BP06811,Gucci,33.36231
BP06812,Gucci,35.85768
BP06813,Gucci,30.74043
BP06814,Gucci,31.93417
BP06815,Gucci,36.51316
BP06816,Gucci,5.84614
BP06817,Gucci,36.56394
BP06818,Gucci,34.16676
BP06819,Gucci,50.55123
BP06820,Gucci,38.8428
BP06821,Gucci,4.80306
BP06822,Gucci,31.00918
BP06823,Gucci,31.41147
BP06824,Gucci,4.5284
BP06825,Gucci,4.61841
BP06826,Gucci,32.48048
BP06827,Gucci,32.7523
BP06828,Gucci,32.32357
BP06829,Gucci,39.51476
BP06830,Gucci,36.45991
BP06831,Gucci,45.94991
BP06832,Gucci,33.12004
BP06833,Gucci,51.87878
BP06834,Gucci,33.23812
BP06835,Gucci,38.82652
BP06836,Gucci,31.8517
BP06837,Gucci,47.51204
BP06838,Gucci,38.00896
BP06839,Gucci,35.81499
BP06840,Gucci,34.18652
BP06841,Gucci,30.93986
BP06842,Gucci,35.61656
BP06843,Gucci,33.43703
BP06844,Gucci,32.99884
BP06845,Gucci,33.75796
BP06846,Gucci,37.0639
BP06847,Gucci,33.38382
BP06848,Gucci,35.32899
BP06849,Gucci,33.68582
BP06850,Gucci,33.24788
BP06851,Gucci,55.23607
BP06852,Gucci,56.56355
BP06853,Gucci,65.9091
BP06854,Gucci,32.56087
BP06855,Gucci,33.21391
BP06856,Gucci,17.51373
BP06857,Gucci,32.21613
BP06858,Gucci,32.54631
BP06859,Gucci,29.65072
BP06860,Gucci,31.11717
BP06861,Gucci,33.15204
BP06862,Gucci,34.24975
BP06863,Gucci,32.50821
BP06864,Gucci,29.84873
BP06865,Gucci,31.27208
BP06866,Gucci,35.12104
BP06867,Gucci,3.48553
BP06868,Gucci,3.67232
BP06869,Gucci,34.8764
BP06870,Gucci,31.73635
BP06871,Gucci,32.27621
BP06872,Gucci,31.55711
BP06873,Gucci,31.57534
BP06874,Gucci,35.79872
BP06875,Gucci,36.79275
BP06876,Gucci,30.58371
BP06877,Gucci,31.92394
BP06878,Gucci,34.28495
BP06879,Gucci,32.07795
BP06880,Gucci,47.70047
BP06881,Gucci,31.03733
BP06882,Gucci,27.85204
BP06883,Gucci,32.07025
BP06884,Gucci,29.38495
BP06885,Gucci,35.98948
BP06886,Gucci,18.82423
BP06887,Gucci,37.82099
BP06888,Gucci,34.44451
BP06889,Gucci,33.44684
BP06890,Gucci,31.58005
BP06891,Gucci,38.0328
BP06892,Gucci,31.47374
BP06893,Gucci,32.46546
BP06894,Gucci,30.80613
BP06895,Gucci,35.20173
BP06896,Gucci,14.35896
BP06897,Gucci,32.16947
BP06898,Gucci,17.30483
BP06899,Gucci,6.57149
BP06900,Gucci,30.51
BP06901,Gucci,32.22761
BP06902,Gucci,35.19508
BP06903,Gucci,33.499
BP06904,Gucci,32.9148
BP06905,Gucci,33.45969
BP06906,Gucci,16.21878
BP06907,Gucci,32.65448
BP06908,Gucci,33.36051
BP06909,Gucci,31.78268
BP06910,Gucci,29.96935
BP06911,Gucci,47.78436
BP06912,Gucci,30.54214
BP06913,Gucci,40.46263
BP06914,Gucci,32.43902
BP06915,Gucci,33.04131
BP06916,Gucci,18.03671
BP06917,Gucci,29.72774
BP06918,Gucci,33.27655
BP06919,Gucci,29.2481
BP06920,Gucci,30.68831
BP06921,Gucci,36.14257
BP06922,Gucci,41.61901
BP06923,Gucci,19.01413
BP06924,Gucci,32.53198
BP06925,Gucci,16.33311
BP06926,Gucci,29.5897
BP06927,Gucci,16.23623
BP06928,Gucci,46.88824
BP06929,Gucci,33.35474
BP06930,Gucci,34.34079
BP06931,Gucci,29.41317
BP06932,Gucci,29.89922
BP06933,Gucci,32.20835
BP06934,Gucci,32.2914
BP06935,Gucci,32.42177
BP06936,Gucci,31.38193
BP06937,Gucci,36.4566
BP06938,Gucci,33.26596
BP06939,Gucci,31.64607
BP06940,Gucci,29.73694
BP06941,Gucci,32.3903
BP06942,Gucci,31.04459
BP06943,Gucci,17.91898
BP06944,Gucci,31.16982
BP06945,Gucci,32.9535
BP06946,Gucci,33.21822
BP06947,Gucci,17.8934
BP06948,Gucci,33.1469
BP06949,Gucci,34.08169
BP06950,Gucci,17.85322
BP06951,Gucci,19.6581
BP06952,Gucci,32.3028
BP06953,Gucci,4.40691
BP06954,Gucci,33.99748
BP06955,Gucci,30.52401
BP06956,Gucci,32.664
BP06957,Gucci,30.38394
BP06958,Gucci,32.19899
BP06959,Gucci,31.63596
BP06960,Gucci,33.65691
BP06961,Gucci,30.92289
BP06962,Gucci,34.18086
BP06963,Gucci,34.21067
BP06964,Gucci,29.85291
BP06965,Gucci,34.75276
BP06966,Gucci,30.93389
BP06967,Gucci,35.49297
BP06968,Gucci,35.32593
BP06969,Gucci,32.1886
BP06970,Gucci,29.41528
BP06971,Gucci,17.93312
BP06972,Gucci,33.29901
BP06973,Gucci,35.72775
BP06974,Gucci,32.63537
BP06975,Gucci,34.11912
BP06976,Gucci,35.4543
BP06977,Gucci,36.3031
BP06978,Gucci,36.49591
BP06979,Gucci,42.32309
BP06980,Gucci,49.71857
BP06981,Gucci,35.64593
BP06982,Gucci,36.42132
BP06983,Gucci,37.27451
BP06984,Gucci,31.21319
BP06985,Gucci,35.42942
BP06986,Gucci,31.38469
BP06987,Gucci,44.47949
BP06988,Gucci,18.3618
BP06989,Gucci,33.46201
BP06990,Gucci,4.7509
BP06991,Gucci,31.70659
BP06992,Gucci,34.35097
BP06993,Gucci,34.35115
BP06994,Gucci,36.09044
BP06995,Gucci,33.53949
BP06996,Gucci,37.60147
BP06997,Gucci,31.83731
BP06998,Gucci,29.29085
BP06999,Gucci,33.72239
BP07000,Gucci,32.84226
BP07001,Gucci,38.45795
BP07002,Gucci,33.28651
BP07003,Gucci,31.30664
BP07004,Gucci,30.06404
BP07005,Gucci,31.75902
BP07006,Gucci,43.62234
BP07007,Gucci,40.11253
BP07008,Gucci,32.33291
BP07009,Gucci,31.34477
BP07010,Gucci,37.35092
BP07011,Gucci,32.48486
BP07012,Gucci,44.45185
BP07013,Gucci,36.06365
BP07014,Gucci,33.08398
BP07015,Gucci,34.73932
BP07016,Gucci,32.88723
BP07017,Gucci,35.29133
BP07018,Gucci,33.14476
BP07019,Gucci,40.39735
BP07020,Gucci,40.32382
BP07021,Gucci,40.52635
BP07022,Gucci,17.83295
BP07023,Gucci,34.51208
BP07024,Gucci,31.34367
BP07025,Gucci,32.44869
BP07026,Gucci,32.94601
BP07027,Gucci,31.25141
BP07028,Gucci,7.62204
BP07029,Gucci,30.27992
BP07030,Gucci,3.54518
BP07031,Gucci,34.55792
BP07032,Gucci,34.35023
BP07033,Gucci,36.792
BP07034,Gucci,6.0994
BP07035,Gucci,29.88428
BP07036,Gucci,38.38988
BP07037,Gucci,32.23054
BP07038,Gucci,33.17309
BP07039,Gucci,19.51965
BP07040,Gucci,30.345
BP07041,Gucci,50.98202
BP07042,Gucci,36.35999
BP07043,Gucci,36.81747
BP07044,Gucci,34.49633
BP07045,Gucci,33.18015
BP07046,Gucci,32.66697
BP07047,Gucci,32.80754
BP07048,Gucci,32.15853
BP07049,Gucci,32.33567
BP07050,Gucci,35.34685
BP07051,Gucci,31.45089
BP07052,Gucci,33.35842
BP07053,Gucci,34.52472
BP07054,Gucci,44.10947
BP07055,Gucci,31.13658
BP07056,Gucci,29.9109
BP07057,Gucci,48.61775
BP07058,Gucci,32.25644
BP07059,Gucci,41.41743
BP07060,Gucci,39.3115
BP07061,Gucci,48.57979
BP07062,Gucci,34.16247
BP07063,Gucci,32.5319
BP07064,Gucci,43.01529
BP07065,Gucci,44.56391
BP07066,Gucci,33.602
BP07067,Gucci,30.79847
BP07068,Gucci,31.8546
BP07069,Gucci,34.8099
BP07070,Gucci,17.9851
BP07071,Gucci,34.92241
BP07072,Gucci,28.35328
BP07073,Gucci,31.26244
BP07074,Gucci,29.96258
BP07075,Gucci,35.33991
BP07076,Gucci,30.73751
BP07077,Gucci,36.89982
BP07078,Gucci,32.83746
BP07079,Gucci,31.44036
BP07080,Gucci,33.57208
BP07081,Gucci,35.51086
BP07082,Gucci,30.96347
BP07083,Gucci,43.06772
BP07084,Gucci,30.92823
BP07085,Gucci,18.81853
BP07086,Gucci,31.81365
BP07087,Gucci,36.04979
BP07088,Gucci,29.8539
BP07089,Gucci,29.59929
BP07090,Gucci,42.31201
BP07091,Gucci,29.66072
BP07092,Gucci,52.87817
BP07093,Gucci,54.82924
BP07094,Gucci,32.12037
BP07095,Gucci,32.52445
BP07096,Gucci,31.69619
BP07097,Gucci,31.55121
BP07098,Gucci,29.22812
BP07099,Gucci,32.1802
BP07100,Gucci,29.80324
BP07101,Gucci,17.74105
BP07102,Gucci,32.44544
BP07103,Gucci,49.63321
BP07104,Gucci,32.77249
BP07105,Gucci,34.878
BP07106,Gucci,19.27054
BP07107,Gucci,34.89292
BP07108,Gucci,35.34113
BP07109,Gucci,29.12121
BP07110,Gucci,29.35313
BP07111,Gucci,30.23634
BP07112,Gucci,32.20328
BP07113,Gucci,31.22878
BP07114,Gucci,32.53216
BP07115,Gucci,33.59791
BP07116,Gucci,32.66327
BP07117,Gucci,35.15936
BP07118,Gucci,35.63704
BP07119,Gucci,35.1068
BP07120,Gucci,33.1648
BP07121,Gucci,32.77636
BP07122,Gucci,35.12146
BP07123,Gucci,32.4581
BP07124,Gucci,32.86715
BP07125,Gucci,32.60041
BP07126,Gucci,33.23417
BP07127,Gucci,30.78463
BP07128,Gucci,34.25877
BP07129,Gucci,30.49005
BP07130,Gucci,34.43747
BP07131,Gucci,32.00342
BP07132,Gucci,52.15475
BP07133,Gucci,29.62481
BP07134,Gucci,31.71125
BP07135,Gucci,32.26834
BP07136,Gucci,33.46712
BP07137,Gucci,31.96554
BP07138,Gucci,33.94497
BP07139,Gucci,30.93766
BP07140,Gucci,34.96903
BP07141,Gucci,17.41807
BP07142,Gucci,29.61244
BP07143,Gucci,33.01605
BP07144,Gucci,29.92755
BP07145,Gucci,29.12213
BP07146,Gucci,28.27334
BP07147,Gucci,32.30144
BP07148,Gucci,33.13366
BP07149,Gucci,31.68309
BP07150,Gucci,34.08427
BP07151,Gucci,55.0036
BP07152,Gucci,42.64293
BP07153,Gucci,35.95721
BP07154,Gucci,35.29135
BP07155,Gucci,29.8239
BP07156,Gucci,30.05607
BP07157,Gucci,34.44687
BP07158,Gucci,32.62813
BP07159,Gucci,35.11008
BP07160,Gucci,32.87978
BP07161,Gucci,33.34333
BP07162,Gucci,35.0648
BP07163,Gucci,33.74467
BP07164,Gucci,31.86151
BP07165,Gucci,33.90992
BP07166,Gucci,32.54292
BP07167,Gucci,44.47099
BP07168,Gucci,4.6496
BP07169,Gucci,41.58091
BP07170,Gucci,41.66702
BP07171,Gucci,32.63453
BP07172,Gucci,31.94329
BP07173,Gucci,35.42937
BP07174,Gucci,33.00814
BP07175,Gucci,30.45944
BP07176,Gucci,33.4096
BP07177,Gucci,32.91361
BP07178,Gucci,22.21101
BP07179,Gucci,32.02686
BP07180,Gucci,32.7763
BP07181,Gucci,44.55154
BP07182,Gucci,31.64275
BP07183,Gucci,32.30035
BP07184,Gucci,30.90455
BP07185,Gucci,34.47581
BP07186,Gucci,30.1023
BP07187,Gucci,32.20046
BP07188,Gucci,33.00355
BP07189,Gucci,36.26352
BP07190,Gucci,38.1887
BP07191,Gucci,32.8695
BP07192,Gucci,17.19154
BP07193,Gucci,32.48827
BP07194,Gucci,32.33344
BP07195,Gucci,16.18168
BP07196,Gucci,32.81545
BP07197,Gucci,40.34629
BP07198,Gucci,54.03641
BP07199,Gucci,29.67679
BP07200,Gucci,30.90876
BP07201,Gucci,31.16019
BP07202,Gucci,18.43221
BP07203,Gucci,30.04465
BP07204,Gucci,36.81244
BP07205,Gucci,34.17154
BP07206,Gucci,55.49795
BP07207,Gucci,35.39949
BP07208,Gucci,33.22539
BP07209,Gucci,33.22234
BP07210,Gucci,35.87144
BP07211,Gucci,56.00415
BP07212,Gucci,37.30933
BP07213,Gucci,41.90661
BP07214,Gucci,18.26049
BP07215,Gucci,36.95182
BP07216,Gucci,32.6658
BP07217,Gucci,36.39314
BP07218,Gucci,33.6386
BP07219,Gucci,36.83084
BP07220,Gucci,34.22931
BP07221,Gucci,19.3857
BP07222,Gucci,35.9376
BP07223,Gucci,29.84693
BP07224,Gucci,33.32238
BP07225,Gucci,34.45503
BP07226,Gucci,30.6713
BP07227,Gucci,19.45283
BP07228,Gucci,34.30929
BP07229,Gucci,32.51363
BP07230,Gucci,32.86745
BP07231,Gucci,31.22806
BP07232,Gucci,33.00656
BP07233,Gucci,41.86101
BP07234,Gucci,34.13364
BP07235,Gucci,30.07997
BP07236,Gucci,30.83889
BP07237,Gucci,32.3537
BP07238,Gucci,29.5587
BP07239,Gucci,32.18715
BP07240,Gucci,32.50876
BP07241,Gucci,31.85082
BP07242,Gucci,32.02919
BP07243,Gucci,18.58185
BP07244,Gucci,17.68232
BP07245,Gucci,31.23916
BP07246,Gucci,34.21143
BP07247,Gucci,55.59805
BP07248,Gucci,30.90217
BP07249,Gucci,32.48079
BP07250,Gucci,17.82809
BP07251,Gucci,28.02278
BP07252,Gucci,33.04257
BP07253,Gucci,32.97595
BP07254,Gucci,32.63552
BP07255,Gucci,33.45459
BP07256,Gucci,34.16605
BP07257,Gucci,35.6466
BP07258,Gucci,31.88434
BP07259,Gucci,32.37061
BP07260,Gucci,32.00563
BP07261,Gucci,34.96512
BP07262,Gucci,33.03263
BP07263,Gucci,33.4539
BP07264,Gucci,38.19192
BP07265,Gucci,19.01146
BP07266,Gucci,33.31863
BP07267,Gucci,31.52008
BP07268,Gucci,47.56502
BP07269,Gucci,31.11087
BP07270,Gucci,34.42126
BP07271,Gucci,32.11147
BP07272,Gucci,16.35833
BP07273,Gucci,53.72423
BP07274,Gucci,39.78878
BP07275,Gucci,35.71304
BP07276,Gucci,31.07142
BP07277,Gucci,34.65504
BP07278,Gucci,36.62398
BP07279,Gucci,36.59233
BP07280,Gucci,38.20674
BP07281,Gucci,35.57462
BP07282,Gucci,30.15821
BP07283,Gucci,31.75956
BP07284,Gucci,34.18643
BP07285,Gucci,36.20498
BP07286,Gucci,30.92034
BP07287,Gucci,34.56275
BP07288,Gucci,31.36368
BP07289,Gucci,33.12615
BP07290,Gucci,28.85174
BP07291,Gucci,33.0601
BP07292,Gucci,29.96505
BP07293,Gucci,30.83701
BP07294,Gucci,34.34028
BP07295,Gucci,34.24088
BP07296,Gucci,34.0434
BP07297,Gucci,30.82123
BP07298,Gucci,18.2546
BP07299,Gucci,34.02633
BP07300,Gucci,36.10756
BP07301,Gucci,51.5672
BP07302,Gucci,52.85897
BP07303,Gucci,61.92761
BP07304,Gucci,41.42069
BP07305,Gucci,45.37924
BP07306,Gucci,61.73441
BP07307,Gucci,61.50961
BP07308,Gucci,60.91473
BP07309,Gucci,44.14256
BP07310,Gucci,33.14339
BP07311,Gucci,33.53096
BP07312,Gucci,36.81129
BP07313,Gucci,32.67068
BP07314,Gucci,47.38282
BP07315,Gucci,35.9112
BP07316,Gucci,34.58685
BP07317,Gucci,33.97763
BP07318,Gucci,32.8351
BP07319,Gucci,29.08675
BP07320,Gucci,31.87703
BP07321,Gucci,29.82204
BP07322,Gucci,32.53832
BP07323,Gucci,35.91942
BP07324,Gucci,31.95554
BP07325,Gucci,35.47229
BP07326,Gucci,32.15441
BP07327,Gucci,34.19335
BP07328,Gucci,39.95597
BP07329,Gucci,34.38674
BP07330,Gucci,35.088
BP07331,Gucci,38.47927
BP07332,Gucci,38.51068
BP07333,Gucci,34.27044
BP07334,Gucci,37.61793
BP07335,Gucci,30.96126
BP07336,Gucci,21.80126
BP07337,Gucci,45.38361
BP07338,Gucci,32.33267
BP07339,Gucci,36.88784
BP07340,Gucci,28.04944
BP07341,Gucci,52.32821
BP07342,Gucci,34.15292
BP07343,Gucci,36.83364
BP07344,Gucci,30.7936
BP07345,Gucci,32.58079
BP07346,Gucci,39.58376
BP07347,Gucci,32.64814
BP07348,Gucci,34.41842
BP07349,Gucci,29.48982
BP07350,Gucci,35.8478
BP07351,Gucci,19.21053
BP07352,Gucci,35.98599
BP07353,Gucci,30.75101
BP07354,Gucci,30.78935
BP07355,Gucci,29.87841
BP07356,Gucci,31.12907
BP07357,Gucci,33.70901
BP07358,Gucci,28.91046
BP07359,Gucci,34.81541
BP07360,Gucci,34.36966
BP07361,Gucci,34.41931
BP07362,Gucci,30.70849
BP07363,Gucci,35.75751
BP07364,Gucci,37.01706
BP07365,Gucci,33.58458
BP07366,Gucci,41.35234
BP07367,Gucci,19.08131
BP07368,Gucci,40.57444
BP07369,Gucci,30.35841
BP07370,Gucci,31.89575
BP07371,Gucci,33.46503
BP07372,Gucci,19.29956
BP07373,Gucci,33.57671
BP07374,Gucci,31.55415
BP07375,Gucci,46.1458
BP07376,Gucci,28.65303
BP07377,Gucci,73.00583
BP07378,Gucci,53.82572
BP07379,Gucci,28.93631
BP07380,Gucci,28.67844
BP07381,Gucci,30.89216
BP07382,Gucci,16.99609
BP07383,Gucci,30.41632
BP07384,Gucci,17.97096
BP07385,Gucci,31.66164
BP07386,Gucci,32.21805
BP07387,Gucci,34.0061
BP07388,Gucci,18.85763
BP07389,Gucci,31.37929
BP07390,Gucci,33.31703
BP07391,Gucci,29.18925
BP07392,Gucci,30.8354
BP07393,Gucci,28.87465
BP07394,Gucci,17.48851
BP07395,Gucci,28.59422
BP07396,Gucci,17.89299
BP07397,Gucci,32.96028
BP07398,Gucci,18.03171
BP07399,Gucci,18.00244
BP07400,Gucci,32.51508
BP07401,Gucci,32.5147
BP07402,Gucci,30.42284
BP07403,Gucci,30.25304
BP07404,Gucci,54.95676
BP07405,Gucci,36.21713
BP07406,Gucci,36.10133
BP07407,Gucci,37.19603
BP07408,Gucci,55.18394
BP07409,Gucci,46.84328
BP07410,Gucci,29.07202
BP07411,Gucci,19.36312
BP07412,Gucci,34.27071
BP07413,Gucci,29.74103
BP07414,Gucci,17.61736
BP07415,Gucci,32.20964
BP07416,Gucci,30.09738
BP07417,Gucci,33.88064
BP07418,Gucci,33.25873
BP07419,Gucci,32.45596
BP07420,Gucci,33.07381
BP07421,Gucci,33.30913
BP07422,Gucci,32.58746
BP07423,Gucci,30.74226
BP07424,Gucci,29.30521
BP07425,Gucci,28.96762
BP07426,Gucci,56.64562
BP07427,Gucci,29.82542
BP07428,Gucci,30.7042
BP07429,Gucci,39.56378
BP07430,Gucci,31.27707
BP07431,Gucci,37.23891
BP07432,Gucci,33.26148
BP07433,Gucci,31.89384
BP07434,Gucci,33.1805
BP07435,Gucci,33.51791
BP07436,Gucci,40.35556
BP07437,Gucci,31.68987
BP07438,Gucci,38.36623
BP07439,Gucci,31.10419
BP07440,Gucci,58.45305
BP07441,Gucci,59.1223
BP07442,Gucci,63.31455
BP07443,Gucci,28.76624
BP07444,Gucci,19.19887
BP07445,Gucci,31.75785
BP07446,Gucci,60.64949
BP07447,Gucci,33.30607
BP07448,Gucci,35.47962
BP07449,Gucci,34.92056
BP07450,Gucci,33.72914
BP07451,Gucci,37.32983
BP07452,Gucci,34.1301
BP07453,Gucci,30.88362
BP07454,Gucci,32.09487
BP07455,Gucci,34.50021
BP07456,Gucci,30.31691
BP07457,Gucci,30.66644
BP07458,Gucci,35.06613
BP07459,Gucci,30.63859
BP07460,Gucci,33.15549
BP07461,Gucci,30.64361
BP07462,Gucci,30.21649
BP07463,Gucci,32.31676
BP07464,Gucci,31.84697
BP07465,Gucci,33.37518
BP07466,Gucci,34.78954
BP07467,Gucci,32.76654
BP07468,Gucci,31.45867
BP07469,Gucci,31.92238
BP07470,Gucci,37.75801
BP07471,Gucci,35.22323
BP07472,Gucci,33.77112
BP07473,Gucci,17.20775
BP07474,Gucci,32.16697
BP07475,Gucci,33.13088
BP07476,Gucci,17.35315
BP07477,Gucci,30.92335
BP07478,Gucci,47.40697
BP07479,Gucci,32.98337
BP07480,Gucci,34.1623
BP07481,Gucci,30.98066
BP07482,Gucci,30.91394
BP07483,Gucci,31.6153
BP07484,Gucci,43.91458
BP07485,Gucci,29.26671
BP07486,Gucci,33.18419
BP07487,Gucci,32.96483
BP07488,Gucci,36.25735
BP07489,Gucci,29.44512
BP07490,Gucci,32.10001
BP07491,Gucci,31.27753
BP07492,Gucci,36.73591
BP07493,Gucci,34.44104
BP07494,Gucci,18.23431
BP07495,Gucci,33.95268
BP07496,Gucci,33.60787
BP07497,Gucci,32.85426
BP07498,Gucci,31.93653
BP07499,Gucci,33.67623
BP07500,Gucci,30.85343
BP07501,Gucci,33.0605
BP07502,Gucci,33.1426
BP07503,Gucci,32.68565
BP07504,Gucci,33.13722
BP07505,Gucci,33.24061
BP07506,Gucci,33.62816
BP07507,Gucci,30.86999
BP07508,Gucci,30.98689
BP07509,Gucci,29.92211
BP07510,Gucci,40.32783
BP07511,Gucci,33.16828
BP07512,Gucci,31.42228
BP07513,Gucci,31.97163
BP07514,Gucci,29.80835
BP07515,Gucci,34.3744
BP07516,Gucci,36.28136
BP07517,Gucci,31.78036
BP07518,Gucci,3.60509
BP07519,Gucci,30.38172
BP07520,Gucci,32.30197
BP07521,Gucci,31.01377
BP07522,Gucci,31.24204
BP07523,Gucci,34.81823
BP07524,Gucci,41.14606
BP07525,Gucci,31.97137
BP07526,Gucci,36.86841
BP07527,Gucci,36.5544
BP07528,Gucci,35.34802
BP07529,Gucci,33.68224
BP07530,Gucci,35.64319
BP07531,Gucci,34.15066
BP07532,Gucci,37.34988
BP07533,Gucci,30.98488
BP07534,Gucci,35.66737
BP07535,Gucci,34.52353
BP07536,Gucci,37.19382
BP07537,Gucci,39.63254
BP07538,Gucci,51.394
BP07539,Gucci,55.79002
BP07540,Gucci,31.3032
BP07541,Gucci,33.83294
BP07542,Gucci,30.348
BP07543,Gucci,28.9675
BP07544,Gucci,17.59461
BP07545,Gucci,29.64425
BP07546,Gucci,31.68935
BP07547,Gucci,51.01825
BP07548,Gucci,28.41462
BP07549,Gucci,30.44824
BP07550,Gucci,29.88263
BP07551,Gucci,29.53978
BP07552,Gucci,32.03834
BP07553,Gucci,29.43801
BP07554,Gucci,28.50574
BP07555,Gucci,31.56568
BP07556,Gucci,33.51946
BP07557,Gucci,29.43801
BP07558,Gucci,33.69383
BP07559,Gucci,33.15176
BP07560,Gucci,32.42833
BP07561,Gucci,32.56033
BP07562,Gucci,56.0748
BP07563,Gucci,17.56336
BP07564,Gucci,34.78656
BP07565,Gucci,32.23522
BP07566,Gucci,39.04003
BP07567,Gucci,32.84943
BP07568,Gucci,29.56021
BP07569,Gucci,30.60814
BP07570,Gucci,32.60838
BP07571,Gucci,17.94178
BP07572,Gucci,18.76715
BP07573,Gucci,18.44805
BP07574,Gucci,30.80502
BP07575,Gucci,17.2532
BP07576,Gucci,17.12356
BP07577,Gucci,31.66468
BP07578,Gucci,29.89329
BP07579,Gucci,32.63431
BP07580,Gucci,31.57667
BP07581,Gucci,31.38116
BP07582,Gucci,33.1156
BP07583,Gucci,31.06191
BP07584,Gucci,31.73598
BP07585,Gucci,17.44583
BP07586,Gucci,31.75115
BP07587,Gucci,28.76417
BP07588,Gucci,51.17601
BP07589,Gucci,29.47232
BP07590,Gucci,29.61252
BP07591,Gucci,28.87049
BP07592,Gucci,29.51551
BP07593,Gucci,28.92176
BP07594,Gucci,29.65208
BP07595,Gucci,29.38008
BP07596,Gucci,33.46749
BP07597,Gucci,29.62823
BP07598,Gucci,33.55609
BP07599,Gucci,19.246
BP07600,Gucci,20.33574
BP07601,Gucci,28.32814
BP07602,Gucci,27.6343
BP07603,Gucci,30.01528
BP07604,Gucci,30.12958
BP07605,Gucci,30.14373
BP07606,Gucci,29.31953
BP07607,Gucci,31.00354
BP07608,Gucci,18.08781
BP07609,Gucci,30.59275
BP07610,Gucci,32.3529
BP07611,Gucci,29.1431
BP07612,Gucci,28.63396
BP07613,Gucci,28.9501
BP07614,Gucci,31.09899
BP07615,Gucci,33.86985
BP07616,Gucci,30.36642
BP07617,Gucci,20.49565
BP07618,Gucci,31.05202
BP07619,Gucci,29.78585
BP07620,Gucci,30.40931
BP07621,Gucci,28.70918
BP07622,Gucci,30.51787
BP07623,Gucci,31.20057
BP07624,Gucci,32.58296
BP07625,Gucci,30.36894
BP07626,Gucci,30.81184
BP07627,Gucci,31.51767
BP07628,Gucci,27.59816
BP07629,Gucci,30.04822
BP07630,Gucci,33.67516
BP07631,Gucci,29.93166
BP07632,Gucci,29.59763
BP07633,Gucci,17.27401
BP07634,Gucci,28.84668
BP07635,Gucci,32.85227
BP07636,Gucci,29.74832
BP07637,Gucci,16.31549
BP07638,Gucci,31.15665
BP07639,Gucci,44.96728
BP07640,Gucci,30.48056
BP07641,Gucci,16.3357
BP07642,Gucci,45.30262
BP07643,Gucci,17.01646
BP07644,Gucci,34.41112
BP07645,Gucci,17.89176
BP07646,Gucci,34.89819
BP07647,Gucci,31.9545
BP07648,Gucci,30.44581
BP07649,Gucci,34.90628
BP07650,Gucci,28.73485
BP07651,Gucci,30.02166
BP07652,Gucci,7.6967
BP07653,Gucci,36.50499
BP07654,Gucci,29.56064
BP07655,Gucci,7.77236
BP07656,Gucci,35.30636
BP07657,Gucci,42.82838
BP07658,Gucci,29.64594
BP07659,Gucci,30.71528
BP07660,Gucci,29.03833
BP07661,Gucci,27.83953
BP07662,Gucci,30.28983
BP07663,Gucci,19.36814
BP07664,Gucci,34.89141
BP07665,Gucci,22.38144
BP07666,Gucci,27.99974
BP07667,Gucci,17.55172
BP07668,Gucci,20.79205
BP07669,Gucci,46.24808
BP07670,Gucci,34.057
BP07671,Gucci,36.28099
BP07672,Gucci,46.78052
BP07673,Gucci,43.71778
BP07674,Gucci,66.41438
BP07675,Gucci,33.99227
BP07676,Gucci,58.21419
BP07677,Gucci,32.97448
BP07678,Gucci,30.96764
BP07679,Gucci,32.58848
BP07680,Gucci,16.21276
BP07681,Gucci,37.35816
BP07682,Gucci,21.09492
BP07683,Gucci,30.70496
BP07684,Gucci,31.12411
BP07685,Gucci,30.57897
BP07686,Gucci,31.6655
BP07687,Gucci,31.07862
BP07688,Gucci,32.21577
BP07689,Gucci,45.06492
BP07690,Gucci,34.41235
BP07691,Gucci,32.53404
BP07692,Gucci,37.40866
BP07693,Gucci,33.05481
BP07694,Gucci,30.76731
BP07695,Gucci,17.82534
BP07696,Gucci,30.36852
BP07697,Gucci,28.20714
BP07698,Gucci,30.41989
BP07699,Gucci,7.80343
BP07700,Gucci,57.47429
BP07701,Gucci,29.39225
BP07702,Gucci,19.22836
BP07703,Gucci,30.24845
BP07704,Gucci,33.12525
BP07705,Gucci,30.74196
BP07706,Gucci,34.341
BP07707,Gucci,32.27805
BP07708,Gucci,34.99303
BP07709,Gucci,30.8855
BP07710,Gucci,16.18483
BP07711,Gucci,30.31338
BP07712,Gucci,29.92114
BP07713,Gucci,33.25148
BP07714,Gucci,43.34609
BP07715,Gucci,32.05316
BP07716,Gucci,29.82699
BP07717,Gucci,18.39369
BP07718,Gucci,31.66463
BP07719,Gucci,28.9015
BP07720,Gucci,30.92636
BP07721,Gucci,31.45186
BP07722,Gucci,31.72299
BP07723,Gucci,33.76179
BP07724,Gucci,35.41459
BP07725,Gucci,60.43949
BP07726,Gucci,38.91447
BP07727,Gucci,29.74477
BP07728,Gucci,32.98653
BP07729,Gucci,32.60791
BP07730,Gucci,33.63635
BP07731,Gucci,31.79121
BP07732,Gucci,34.29184
BP07733,Gucci,31.98011
BP07734,Gucci,32.05482
BP07735,Gucci,31.70113
BP07736,Gucci,33.89994
BP07737,Gucci,32.7336
BP07738,Gucci,34.63356
BP07739,Gucci,19.78438
BP07740,Gucci,31.06227
BP07741,Gucci,31.95552
BP07742,Gucci,30.9972
BP07743,Gucci,31.13032
BP07744,Gucci,29.95225
BP07745,Gucci,19.20052
BP07746,Gucci,32.85006
BP07747,Gucci,27.81389
BP07748,Gucci,30.96546
BP07749,Gucci,36.66013
BP07750,Gucci,17.17597
BP07751,Gucci,31.16503
BP07752,Gucci,29.78652
BP07753,Gucci,27.50702
BP07754,Gucci,30.91497
BP07755,Gucci,53.7021
BP07756,Gucci,32.0949
BP07757,Gucci,32.50348
BP07758,Gucci,30.72932
BP07759,Gucci,21.84314
BP07760,Gucci,32.98109
BP07761,Gucci,29.84386
BP07762,Gucci,32.64196
BP07763,Gucci,32.16441
BP07764,Gucci,17.94587
BP07765,Gucci,29.80696
BP07766,Gucci,22.36248
BP07767,Gucci,31.80649
BP07768,Gucci,21.2567
BP07769,Gucci,29.38709
BP07770,Gucci,27.49706
BP07771,Gucci,35.05084
BP07772,Gucci,29.85053
BP07773,Gucci,46.57751
BP07774,Gucci,49.23279
BP07775,Gucci,33.8802
BP07776,Gucci,35.00204
BP07777,Gucci,33.01195
BP07778,Gucci,34.14017
BP07779,Gucci,32.91901
BP07780,Gucci,32.98475
BP07781,Gucci,30.75142
BP07782,Gucci,34.12057
BP07783,Gucci,33.26997
BP07784,Gucci,17.15304
BP07785,Gucci,32.01589
BP07786,Gucci,56.49413
BP07787,Gucci,3.20753
BP07788,Gucci,38.86668
BP07789,Gucci,31.32187
BP07790,Gucci,34.64607
BP07791,Gucci,32.57427
BP07792,Gucci,31.54509
BP07793,Gucci,3.47769
BP07794,Gucci,34.50244
BP07795,Gucci,33.33488
BP07796,Gucci,35.07465
BP07797,Gucci,19.24814
BP07798,Gucci,30.69558
BP07799,Gucci,33.32883
BP07800,Gucci,38.28935
BP07801,Gucci,29.94162
BP07802,Gucci,27.40758
BP07803,Gucci,18.17633
BP07804,Gucci,17.201
BP07805,Gucci,16.83119
BP07806,Gucci,35.19175
BP07807,Gucci,18.53703
BP07808,Gucci,29.40529
BP07809,Gucci,30.10474
BP07810,Gucci,56.05569
BP07811,Gucci,44.62001
BP07812,Gucci,31.41448
BP07813,Gucci,17.36545
BP07814,Gucci,23.30072
BP07815,Gucci,31.3564
BP07816,Gucci,32.27724
BP07817,Gucci,32.00496
BP07818,Gucci,28.7677
BP07819,Gucci,20.31953
BP07820,Gucci,32.03657
BP07821,Gucci,31.86557
BP07822,Gucci,31.45316
BP07823,Gucci,41.86922
BP07824,Gucci,32.94716
BP07825,Gucci,43.2841
BP07826,Gucci,3.68182
BP07827,Gucci,38.41715
BP07828,Gucci,31.83377
BP07829,Gucci,32.24386
BP07830,Gucci,30.93873
BP07831,Gucci,30.88588
BP07832,Gucci,39.32464
BP07833,Gucci,31.75432
BP07834,Gucci,17.37159
BP07835,Gucci,19.72089
BP07836,Gucci,56.48459
BP07837,Gucci,40.5414
BP07838,Gucci,38.21255
BP07839,Gucci,17.794
BP07840,Gucci,16.96906
BP07841,Gucci,31.81888
BP07842,Gucci,36.01854
BP07843,Gucci,53.47222
BP07844,Gucci,40.89515
BP07845,Gucci,30.78537
BP07846,Gucci,33.03521
BP07847,Gucci,28.97304
BP07848,Gucci,29.91943
BP07849,Gucci,31.41184
BP07850,Gucci,29.84614
BP07851,Gucci,19.19867
BP07852,Gucci,3.64122
BP07853,Gucci,31.31129
BP07854,Gucci,53.76581
BP07855,Gucci,47.41
BP07856,Gucci,18.08064
BP07857,Gucci,29.65115
BP07858,Gucci,35.66298
BP07859,Gucci,28.56329
BP07860,Gucci,32.60446
BP07861,Gucci,29.66468
BP07862,Gucci,30.05132
BP07863,Gucci,31.77851
BP07864,Gucci,29.10531
BP07865,Gucci,30.01257
BP07866,Gucci,31.63412
BP07867,Gucci,31.44362
BP07868,Gucci,32.47468
BP07869,Gucci,30.14349
BP07870,Gucci,17.42641
BP07871,Gucci,32.15844
BP07872,Gucci,37.58569
BP07873,Gucci,33.20888
BP07874,Gucci,44.77166
BP07875,Gucci,33.73129
BP07876,Gucci,29.9283
BP07877,Gucci,34.40826
BP07878,Gucci,31.58902
BP07879,Gucci,30.6033
BP07880,Gucci,34.7402
BP07881,Gucci,33.27926
BP07882,Gucci,29.7511
BP07883,Gucci,22.17143
BP07884,Gucci,30.38791
BP07885,Gucci,31.17439
BP07886,Gucci,31.18507
BP07887,Gucci,30.21275
BP07888,Gucci,31.31017
BP07889,Gucci,32.64448
BP07890,Gucci,30.91514
BP07891,Gucci,32.83295
BP07892,Gucci,34.62929
BP07893,Gucci,33.2855
BP07894,Gucci,42.66292
BP07895,Gucci,37.05462
BP07896,Gucci,31.15835
BP07897,Gucci,29.59505
BP07898,Gucci,38.00188
BP07899,Gucci,33.47477
BP07900,Gucci,31.13941
BP07901,Gucci,29.31029
BP07902,Gucci,18.02697
BP07903,Gucci,28.63722
BP07904,Gucci,30.72458
BP07905,Gucci,29.46262
BP07906,Gucci,30.79919
BP07907,Gucci,21.6719
BP07908,Gucci,29.56395
BP07909,Gucci,23.18228
BP07910,Gucci,33.11611
BP07911,Gucci,30.75905
BP07912,Gucci,40.19805
BP07913,Gucci,49.07806
BP07914,Gucci,31.79287
BP07915,Gucci,32.75897
BP07916,Gucci,31.04045
BP07917,Gucci,29.11592
BP07918,Gucci,33.58538
BP07919,Gucci,33.96161
BP07920,Gucci,30.51835
BP07921,Gucci,29.67187
BP07922,Gucci,29.39043
BP07923,Gucci,30.37895
BP07924,Gucci,30.86472
BP07925,Gucci,31.7646
BP07926,Gucci,33.50154
BP07927,Gucci,31.32566
BP07928,Gucci,31.99587
BP07929,Gucci,29.83676
BP07930,Gucci,31.5027
BP07931,Gucci,30.55042
BP07932,Gucci,30.23462
BP07933,Gucci,38.06649
BP07934,Gucci,38.33627
BP07935,Gucci,28.98668
BP07936,Gucci,15.94252
BP07937,Gucci,30.35423
BP07938,Gucci,31.59044
BP07939,Gucci,37.54941
BP07940,Gucci,31.03583
BP07941,Gucci,27.56306
BP07942,Gucci,34.44698
BP07943,Gucci,19.35728
BP07944,Gucci,30.9058
BP07945,Gucci,35.53226
BP07946,Gucci,16.33949
BP07947,Gucci,21.49454
BP07948,Gucci,31.05406
BP07949,Gucci,30.63323
BP07950,Gucci,30.75697
BP07951,Gucci,36.60055
BP07952,Gucci,34.05824
BP07953,Gucci,34.22751
BP07954,Gucci,32.70434
BP07955,Gucci,31.29324
BP07956,Gucci,29.3825
BP07957,Gucci,30.22155
BP07958,Gucci,17.37968
BP07959,Gucci,31.59015
BP07960,Gucci,32.22397
BP07961,Gucci,36.71983
BP07962,Gucci,33.14673
BP07963,Gucci,35.17654
BP07964,Gucci,30.53649
BP07965,Gucci,21.21043
BP07966,Gucci,22.94179
BP07967,Gucci,17.96251
BP07968,Gucci,30.63273
BP07969,Gucci,30.03387
BP07970,Gucci,23.38252
BP07971,Gucci,16.0634
BP07972,Gucci,30.60203
BP07973,Gucci,28.34246
BP07974,Gucci,19.17683
BP07975,Gucci,21.25018
BP07976,Gucci,19.68917
BP07977,Gucci,7.74973
BP07978,Gucci,31.77705
BP07979,Gucci,29.70662
BP07980,Gucci,20.46886
BP07981,Gucci,29.69905
BP07982,Gucci,30.77732
BP07983,Gucci,27.84842
BP07984,Gucci,32.60174
BP07985,Gucci,29.84913
BP07986,Gucci,33.21991
BP07987,Gucci,30.82937
BP07988,Gucci,18.76097
BP07989,Gucci,30.57824
BP07990,Gucci,42.31457
BP07991,Gucci,31.84453
BP07992,Gucci,41.10838
BP07993,Gucci,35.1121
BP07994,Gucci,18.44573
BP07995,Gucci,31.16767
BP07996,Gucci,30.19449
BP07997,Gucci,30.35106
BP07998,Gucci,17.90474
BP07999,Gucci,32.88197
BP08000,Gucci,36.93997
BP08001,Gucci,35.73676
BP08002,Gucci,28.01127
BP08003,Gucci,28.93975
BP08004,Gucci,28.97402
BP08005,Gucci,30.37159
BP08006,Gucci,31.47282
BP08007,Gucci,18.86682
BP08008,Gucci,31.81827
BP08009,Gucci,30.62788
BP08010,Gucci,22.1211
BP08011,Gucci,27.67604
BP08012,Gucci,29.62589
BP08013,Gucci,28.90045
BP08014,Gucci,30.02946
BP08015,Gucci,21.05012
BP08016,Gucci,33.26669
BP08017,Gucci,34.37909
BP08018,Gucci,36.74876
BP08019,Gucci,28.52828
BP08020,Gucci,32.24368
BP08021,Gucci,37.91701
BP08022,Gucci,34.35492
BP08023,Gucci,33.44695
BP08024,Gucci,34.25053
BP08025,Gucci,16.05589
BP08026,Gucci,29.64588
BP08027,Gucci,46.65086
BP08028,Gucci,39.74453
BP08029,Gucci,50.82085
BP08030,Gucci,31.0252
BP08031,Gucci,37.95611
BP08032,Gucci,33.43684
BP08033,Gucci,30.22144
BP08034,Gucci,31.90196
BP08035,Gucci,31.30713
BP08036,Gucci,15.89126
BP08037,Gucci,19.17817
BP08038,Gucci,30.68258
BP08039,Gucci,17.56965
BP08040,Gucci,35.06191
BP08041,Gucci,32.59088
BP08042,Gucci,17.05554
BP08043,Gucci,29.14011
BP08044,Gucci,7.21897
BP08045,Gucci,28.98211
BP08046,Gucci,35.7173
BP08047,Gucci,29.79486
BP08048,Gucci,40.15894
BP08049,Gucci,6.30387
BP08050,Gucci,4.21605
BP08051,Gucci,30.27609
BP08052,Gucci,27.77639
BP08053,Gucci,30.97272
BP08054,Gucci,28.22265
BP08055,Gucci,28.25283
BP08056,Gucci,17.14388
BP08057,Gucci,27.62612
BP08058,Gucci,5.93336
BP08059,Gucci,32.86965
BP08060,Gucci,29.6747
BP08061,Gucci,32.91252
BP08062,Gucci,31.336
BP08063,Gucci,30.3465
BP08064,Gucci,17.80073
BP08065,Gucci,5.7878
BP08066,Gucci,5.57148
BP08067,Gucci,17.75563
BP08068,Gucci,31.31824
BP08069,Gucci,30.29212
BP08070,Gucci,31.7373
BP08071,Gucci,38.30398
BP08072,Gucci,33.65734
BP08073,Gucci,30.96055
BP08074,Gucci,30.48739
BP08075,Gucci,17.83466
BP08076,Gucci,17.30141
BP08077,Gucci,34.60934
BP08078,Gucci,3.90319
BP08079,Gucci,29.28887
BP08080,Gucci,34.14626
BP08081,Gucci,33.084
BP08082,Gucci,30.00192
BP08083,Gucci,28.71468
BP08084,Gucci,17.03594
BP08085,Gucci,31.46504
BP08086,Gucci,31.19703
BP08087,Gucci,28.88336
BP08088,Gucci,15.83303
BP08089,Gucci,16.69246
BP08090,Gucci,31.4683
BP08091,Gucci,37.01025
BP08092,Gucci,38.06472
BP08093,Gucci,42.62875
BP08094,Gucci,33.02114
BP08095,Gucci,29.48595
BP08096,Gucci,29.68734
BP08097,Gucci,17.75586
BP08098,Gucci,31.92571
BP08099,Gucci,29.60888
BP08100,Gucci,29.42459
BP08101,Gucci,29.71688
BP08102,Gucci,30.60204
BP08103,Gucci,28.82403
BP08104,Gucci,34.78202
BP08105,Gucci,31.07798
BP08106,Gucci,32.85058
BP08107,Gucci,32.42664
BP08108,Gucci,31.29208
BP08109,Gucci,32.4302
BP08110,Gucci,28.56454
BP08111,Gucci,28.50312
BP08112,Gucci,30.19253
BP08113,Gucci,31.18672
BP08114,Gucci,31.05417
BP08115,Gucci,16.0455
BP08116,Gucci,29.61791
BP08117,Gucci,7.45971
BP08118,Gucci,36.44701
BP08119,Gucci,28.57699
BP08120,Gucci,20.71765
BP08121,Gucci,32.8585
BP08122,Gucci,29.04685
BP08123,Gucci,22.21997
BP08124,Gucci,32.01923
BP08125,Gucci,31.61462
BP08126,Gucci,29.50487
BP08127,Gucci,31.92464
BP08128,Gucci,30.46126
BP08129,Gucci,52.11952
BP08130,Gucci,55.54483
BP08131,Gucci,27.89558
BP08132,Gucci,29.65458
BP08133,Gucci,32.066
BP08134,Gucci,30.5995
BP08135,Gucci,31.68376
BP08136,Gucci,31.24656
BP08137,Gucci,34.5279
BP08138,Gucci,36.79485
BP08139,Gucci,28.69344
BP08140,Gucci,32.35173
BP08141,Gucci,32.10463
BP08142,Gucci,35.72852
BP08143,Gucci,30.60687
BP08144,Gucci,30.28388
BP08145,Gucci,30.93429
BP08146,Gucci,31.25799
BP08147,Gucci,16.67133
BP08148,Gucci,33.63214
BP08149,Gucci,31.02527
BP08150,Gucci,35.89431
BP08151,Gucci,31.47359
BP08152,Gucci,16.1907
BP08153,Gucci,28.68728
BP08154,Gucci,28.87636
BP08155,Gucci,30.22405
BP08156,Gucci,29.5231
BP08157,Gucci,21.86216
BP08158,Gucci,7.28587
BP08159,Gucci,34.13644
BP08160,Gucci,7.29394
BP08161,Gucci,39.34894
BP08162,Gucci,17.49529
BP08163,Gucci,40.19451
BP08164,Gucci,17.68016
BP08165,Gucci,28.40989
BP08166,Gucci,7.60377
BP08167,Gucci,28.00288
BP08168,Gucci,30.96777
BP08169,Gucci,33.61238
BP08170,Gucci,31.30742
BP08171,Gucci,32.89125
BP08172,Gucci,19.61889
BP08173,Gucci,7.30635
BP08174,Gucci,29.26834
BP08175,Gucci,30.27882
BP08176,Gucci,19.24825
BP08177,Gucci,27.96246
BP08178,Gucci,19.38618
BP08179,Gucci,7.58925
BP08180,Gucci,33.16465
BP08181,Gucci,31.86242
BP08182,Gucci,29.63668
BP08183,Gucci,31.28206
BP08184,Gucci,34.70513
BP08185,Gucci,16.30643
BP08186,Gucci,7.70419
BP08187,Gucci,27.52186
BP08188,Gucci,29.57485
BP08189,Gucci,30.18712
BP08190,Gucci,29.90079
BP08191,Gucci,30.98219
BP08192,Gucci,27.77414
BP08193,Gucci,21.79658
BP08194,Gucci,29.5964
BP08195,Gucci,7.66588
BP08196,Gucci,30.13926
BP08197,Gucci,29.95296
BP08198,Gucci,29.26455
BP08199,Gucci,32.11075
BP08200,Gucci,30.24145
BP08201,Gucci,17.4901
BP08202,Gucci,20.45547
BP08203,Gucci,21.23402
BP08204,Gucci,30.6865
BP08205,Gucci,31.22043
BP08206,Gucci,33.60495
BP08207,Gucci,38.4339
BP08208,Gucci,31.96099
BP08209,Gucci,31.54177
BP08210,Gucci,29.04605
BP08211,Gucci,63.73459
BP08212,Gucci,41.176
BP08213,Gucci,30.68444
BP08214,Gucci,32.08824
BP08215,Gucci,29.70781
BP08216,Gucci,29.59633
BP08217,Gucci,31.34095
BP08218,Gucci,30.36064
BP08219,Gucci,19.66066
BP08220,Gucci,29.42116
BP08221,Gucci,21.83709
BP08222,Gucci,31.49074
BP08223,Gucci,32.96451
BP08224,Gucci,27.7386
BP08225,Gucci,29.21603
BP08226,Gucci,33.81723
BP08227,Gucci,32.04036
BP08228,Gucci,30.96504
BP08229,Gucci,17.02194
BP08230,Gucci,29.96918
BP08231,Gucci,30.78863
BP08232,Gucci,27.58782
BP08233,Gucci,31.74145
BP08234,Gucci,30.64253
BP08235,Gucci,31.11017
BP08236,Gucci,32.86012
BP08237,Gucci,31.10221
BP08238,Gucci,32.64501
BP08239,Gucci,31.14698
BP08240,Gucci,30.1838
BP08241,Gucci,19.06313
BP08242,Gucci,7.29035
BP08243,Gucci,31.58522
BP08244,Gucci,17.12932
BP08245,Gucci,30.87105
BP08246,Gucci,30.01271
BP08247,Gucci,17.90842
BP08248,Gucci,3.75788
BP08249,Gucci,17.64633
BP08250,Gucci,33.34213
BP08251,Gucci,38.39958
BP08252,Gucci,33.85261
BP08253,Gucci,31.77674
BP08254,Gucci,29.08509
BP08255,Gucci,30.22407
BP08256,Gucci,44.86741
BP08257,Gucci,53.70547
BP08258,Gucci,32.71523
BP08259,Gucci,31.19657
BP08260,Gucci,29.44775
BP08261,Gucci,29.86682
BP08262,Gucci,32.30007
BP08263,Gucci,32.0705
BP08264,Gucci,33.68965
BP08265,Gucci,31.74098
BP08266,Gucci,33.29173
BP08267,Gucci,31.11933
BP08268,Gucci,30.19597
BP08269,Gucci,33.24794
BP08270,Gucci,32.70761
BP08271,Gucci,34.08791
BP08272,Gucci,28.59082
BP08273,Gucci,28.69454
BP08274,Gucci,32.37566
BP08275,Gucci,17.74436
BP08276,Gucci,33.46414
BP08277,Gucci,28.64356
BP08278,Gucci,28.23127
BP08279,Gucci,28.53071
BP08280,Gucci,28.52335
BP08281,Gucci,28.65544
BP08282,Gucci,32.84159
BP08283,Gucci,18.01338
BP08284,Gucci,18.39557
BP08285,Gucci,31.6384
BP08286,Gucci,28.50579
BP08287,Gucci,31.00825
BP08288,Gucci,32.049
BP08289,Gucci,30.65944
BP08290,Gucci,49.69079
BP08291,Gucci,18.49559
BP08292,Gucci,43.32279
BP08293,Gucci,51.98996
BP08294,Gucci,18.07829
BP08295,Gucci,52.82067
BP08296,Gucci,58.63283
BP08297,Gucci,32.87194
BP08298,Gucci,29.32618
BP08299,Gucci,43.62795
BP08300,Gucci,30.56444
BP08301,Gucci,27.69206
BP08302,Gucci,32.68117
BP08303,Gucci,31.20973
BP08304,Gucci,27.30871
BP08305,Gucci,30.03084
BP08306,Gucci,18.01799
BP08307,Gucci,16.96077
BP08308,Gucci,30.18868
BP08309,Gucci,28.96139
BP08310,Gucci,30.0911
BP08311,Gucci,34.04355
BP08312,Gucci,29.21657
BP08313,Gucci,31.21799
BP08314,Gucci,39.63395
BP08315,Gucci,33.34643
BP08316,Gucci,47.63254
BP08317,Gucci,48.4136
BP08318,Gucci,42.31661
BP08319,Gucci,27.65934
BP08320,Gucci,35.61538
BP08321,Gucci,31.95929
BP08322,Gucci,32.56003
BP08323,Gucci,28.84194
BP08324,Gucci,34.77415
BP08325,Gucci,31.50759
BP08326,Gucci,29.73583
BP08327,Gucci,32.45505
BP08328,Gucci,30.08875
BP08329,Gucci,19.52969
BP08330,Gucci,16.09218
BP08331,Gucci,31.59583
BP08332,Gucci,16.21943
BP08333,Gucci,33.22413
BP08334,Gucci,32.6023
BP08335,Gucci,34.74865
BP08336,Gucci,16.32658
BP08337,Gucci,32.56573
BP08338,Gucci,31.02811
BP08339,Gucci,29.36966
BP08340,Gucci,27.83181
BP08341,Gucci,30.26037
BP08342,Gucci,31.01273
BP08343,Gucci,19.52788
BP08344,Gucci,19.25045
BP08345,Gucci,18.92738
BP08346,Gucci,29.63026
BP08347,Gucci,28.74349
BP08348,Gucci,47.01011
BP08349,Gucci,16.07895
BP08350,Gucci,32.847
BP08351,Gucci,28.46947
BP08352,Gucci,31.25471
BP08353,Gucci,32.21831
BP08354,Gucci,29.18498
BP08355,Gucci,30.24627
BP08356,Gucci,31.6628
BP08357,Gucci,30.11456
BP08358,Gucci,18.44913
BP08359,Gucci,29.67706
BP08360,Gucci,42.90662
BP08361,Gucci,18.56392
BP08362,Gucci,35.69893
BP08363,Gucci,23.24781
BP08364,Gucci,34.13266
BP08365,Gucci,21.49525
BP08366,Gucci,31.38554
BP08367,Gucci,33.10482
BP08368,Gucci,34.69597
BP08369,Gucci,31.69135
BP08370,Gucci,22.82321
BP08371,Gucci,30.6686
BP08372,Gucci,19.06775
BP08373,Gucci,20.06052
BP08374,Gucci,20.48598
BP08375,Gucci,42.94533
BP08376,Gucci,33.24278
BP08377,Gucci,28.55849
BP08378,Gucci,46.02989
BP08379,Gucci,44.54282
BP08380,Gucci,32.77694
BP08381,Gucci,32.39637
BP08382,Gucci,35.7572
BP08383,Gucci,28.33653
BP08384,Gucci,30.33409
BP08385,Gucci,36.23381
BP08386,Gucci,28.97653
BP08387,Gucci,31.6096
BP08388,Gucci,18.47455
BP08389,Gucci,16.75026
BP08390,Gucci,28.41765
BP08391,Gucci,16.75001
BP08392,Gucci,28.40686
BP08393,Gucci,36.65656
BP08394,Gucci,20.38705
BP08395,Gucci,17.42564
BP08396,Gucci,17.28526
BP08397,Gucci,17.52217
BP08398,Gucci,30.30816
BP08399,Gucci,31.90147
BP08400,Gucci,29.21992
BP08401,Gucci,15.97049
BP08402,Gucci,37.77036
BP08403,Gucci,29.56114
BP08404,Gucci,30.69105
BP08405,Gucci,32.09265
BP08406,Gucci,17.41557
BP08407,Gucci,28.89231
BP08408,Gucci,35.35805
BP08409,Gucci,35.81746
BP08410,Gucci,33.40011
BP08411,Gucci,29.29624
BP08412,Gucci,32.31106
BP08413,Gucci,17.50726
BP08414,Gucci,37.90601
BP08415,Gucci,31.36102
BP08416,Gucci,30.18243
BP08417,Gucci,31.36997
BP08418,Gucci,27.65972
BP08419,Gucci,28.23277
BP08420,Gucci,31.77261
BP08421,Gucci,32.2275
BP08422,Gucci,31.31969
BP08423,Gucci,16.28489
BP08424,Gucci,28.88455
BP08425,Gucci,32.81204
BP08426,Gucci,33.04143
BP08427,Gucci,18.13243
BP08428,Gucci,29.74668
BP08429,Gucci,33.73546
BP08430,Gucci,32.82049
BP08431,Gucci,18.1227
BP08432,Gucci,32.14593
BP08433,Gucci,30.1547
BP08434,Gucci,32.81636
BP08435,Gucci,38.6483
BP08436,Gucci,30.18196
BP08437,Gucci,17.42095
BP08438,Gucci,30.38897
BP08439,Gucci,33.74664
BP08440,Gucci,31.60393
BP08441,Gucci,17.12219
BP08442,Gucci,47.2322
BP08443,Gucci,34.13262
BP08444,Gucci,32.39896
BP08445,Gucci,33.02736
BP08446,Gucci,28.65672
BP08447,Gucci,28.57048
BP08448,Gucci,33.22646
BP08449,Gucci,16.88976
BP08450,Gucci,7.46759
BP08451,Gucci,30.95218
BP08452,Gucci,30.37602
BP08453,Gucci,28.73254
BP08454,Gucci,30.49226
BP08455,Gucci,28.51369
BP08456,Gucci,7.58528
BP08457,Gucci,32.23395
BP08458,Gucci,7.53321
BP08459,Gucci,20.36308
BP08460,Gucci,32.00752
BP08461,Gucci,27.82752
BP08462,Gucci,32.63735
BP08463,Gucci,17.10109
BP08464,Gucci,29.98183
BP08465,Gucci,31.18832
BP08466,Gucci,7.57994
BP08467,Gucci,39.69276
BP08468,Gucci,17.14242
BP08469,Gucci,20.11094
BP08470,Gucci,29.2989
BP08471,Gucci,28.70892
BP08472,Gucci,32.34547
BP08473,Gucci,39.45741
BP08474,Gucci,33.14769
BP08475,Gucci,38.36137
BP08476,Gucci,44.26167
BP08477,Gucci,31.16919
BP08478,Gucci,33.08382
BP08479,Gucci,17.75193
BP08480,Gucci,29.91366
BP08481,Gucci,33.46545
BP08482,Gucci,29.4025
BP08483,Gucci,29.99572
BP08484,Gucci,17.71423
BP08485,Gucci,32.62296
BP08486,Gucci,33.7259
BP08487,Gucci,51.78136
BP08488,Gucci,29.90774
BP08489,Gucci,33.92748
BP08490,Gucci,29.20261
BP08491,Gucci,30.9903
BP08492,Gucci,17.01453
BP08493,Gucci,30.39204
BP08494,Gucci,17.50294
BP08495,Gucci,32.60187
BP08496,Gucci,32.94327
BP08497,Gucci,37.4008
BP08498,Gucci,31.09003
BP08499,Gucci,32.6542
BP08500,Gucci,33.92158
BP08501,Gucci,37.72399
BP08502,Gucci,31.41135
BP08503,Gucci,30.74351
BP08504,Gucci,29.13129
BP08505,Gucci,34.22149
BP08506,Gucci,32.73244
BP08507,Gucci,3.31048
BP08508,Gucci,31.21483
BP08509,Gucci,37.51538
BP08510,Gucci,31.3222
BP08511,Gucci,29.94327
BP08512,Gucci,37.12666
BP08513,Gucci,29.43222
BP08514,Gucci,34.42767
BP08515,Gucci,33.15483
BP08516,Gucci,7.54155
BP08517,Gucci,30.55313
BP08518,Gucci,19.20598
BP08519,Gucci,20.37482
BP08520,Gucci,20.90815
BP08521,Gucci,29.48614
BP08522,Gucci,33.47511
BP08523,Gucci,7.36698
BP08524,Gucci,51.58644
BP08525,Gucci,32.54639
BP08526,Gucci,30.06687
BP08527,Gucci,27.15166
BP08528,Gucci,27.60655
BP08529,Gucci,35.53376
BP08530,Gucci,28.75238
BP08531,Gucci,31.29438
BP08532,Gucci,29.81372
BP08533,Gucci,33.22529
BP08534,Gucci,27.54383
BP08535,Gucci,36.02211
BP08536,Gucci,32.48595
BP08537,Gucci,32.24793
BP08538,Gucci,16.75023
BP08539,Gucci,39.45627
BP08540,Gucci,31.93664
BP08541,Gucci,33.10522
BP08542,Gucci,31.65927
BP08543,Gucci,32.41261
BP08544,Gucci,30.31051
BP08545,Gucci,31.04765
BP08546,Gucci,38.57811
BP08547,Gucci,31.58158
BP08548,Gucci,36.45658
BP08549,Gucci,30.64083
BP08550,Gucci,24.13118
BP08551,Gucci,34.62093
BP08552,Gucci,53.99371
BP08553,Gucci,44.87778
BP08554,Gucci,35.08343
BP08555,Gucci,33.16865
BP08556,Gucci,34.94584
BP08557,Gucci,32.28422
BP08558,Gucci,42.52186
BP08559,Gucci,41.86668
BP08560,Gucci,27.67462
BP08561,Gucci,20.24855
BP08562,Gucci,32.13703
BP08563,Gucci,18.56868
BP08564,Gucci,30.79831
BP08565,Gucci,28.93695
BP08566,Gucci,30.98708
BP08567,Gucci,32.11486
BP08568,Gucci,18.22411
BP08569,Gucci,30.46767
BP08570,Gucci,33.72609
BP08571,Gucci,37.50715
BP08572,Gucci,28.61482
BP08573,Gucci,30.002
BP08574,Gucci,33.21974
BP08575,Gucci,33.46191
BP08576,Gucci,34.67542
BP08577,Gucci,30.94648
BP08578,Gucci,33.1175
BP08579,Gucci,31.71922
BP08580,Gucci,29.20674
BP08581,Gucci,32.305
BP08582,Gucci,31.42094
BP08583,Gucci,29.76196
BP08584,Gucci,29.61635
BP08585,Gucci,28.59961
BP08586,Gucci,33.85783
BP08587,Gucci,17.26735
BP08588,Gucci,15.76987
BP08589,Gucci,32.42923
BP08590,Gucci,31.93346
BP08591,Gucci,33.57102
BP08592,Gucci,33.8585
BP08593,Gucci,34.85143
BP08594,Gucci,22.09217
BP08595,Gucci,32.28134
BP08596,Gucci,33.6827
BP08597,Gucci,46.10591
BP08598,Gucci,35.16332
BP08599,Gucci,34.47647
BP08600,Gucci,37.15519
BP08601,Gucci,38.22903
BP08602,Gucci,17.87137
BP08603,Gucci,30.72985
BP08604,Gucci,30.7915
BP08605,Gucci,17.8993
BP08606,Gucci,31.56454
BP08607,Gucci,18.83986
BP08608,Gucci,33.77275
BP08609,Gucci,29.62692
BP08610,Gucci,29.0918
BP08611,Gucci,30.92413
BP08612,Gucci,32.54744
BP08613,Gucci,30.83734
BP08614,Gucci,33.24944
BP08615,Gucci,29.12972
BP08616,Gucci,17.17574
BP08617,Gucci,42.141
BP08618,Gucci,28.92592
BP08619,Gucci,30.90962
BP08620,Gucci,28.94272
BP08621,Gucci,28.98948
BP08622,Gucci,31.93295
BP08623,Gucci,27.97137
BP08624,Gucci,30.9025
BP08625,Gucci,30.7302
BP08626,Gucci,30.41464
BP08627,Gucci,43.74965
BP08628,Gucci,16.99421
BP08629,Gucci,29.08149
BP08630,Gucci,32.69293
BP08631,Gucci,29.12923
BP08632,Gucci,3.46102
BP08633,Gucci,3.43304
BP08634,Gucci,52.18936
BP08635,Gucci,51.17231
BP08636,Gucci,41.33285
BP08637,Gucci,51.80826
BP08638,Gucci,53.57493
BP08639,Gucci,57.00524
BP08640,Gucci,42.29606
BP08641,Gucci,30.47956
BP08642,Gucci,29.48896
BP08643,Gucci,45.35184
BP08644,Gucci,30.2212
BP08645,Gucci,19.19668
BP08646,Gucci,16.24818
BP08647,Gucci,31.26292
BP08648,Gucci,27.82216
BP08649,Gucci,15.9204
BP08650,Gucci,17.60695
BP08651,Gucci,16.96363
BP08652,Gucci,40.81451
BP08653,Gucci,18.39053
BP08654,Gucci,29.81849
BP08655,Gucci,31.79949
BP08656,Gucci,32.71115
BP08657,Gucci,35.61994
BP08658,Gucci,28.69895
BP08659,Gucci,33.93933
BP08660,Gucci,49.92606
BP08661,Gucci,29.58031
BP08662,Gucci,15.8393
BP08663,Gucci,33.87795
BP08664,Gucci,27.82292
BP08665,Gucci,30.25338
BP08666,Gucci,7.64863
BP08667,Gucci,16.21502
BP08668,Gucci,35.33109
BP08669,Gucci,27.4211
BP08670,Gucci,29.86791
BP08671,Gucci,30.70882
BP08672,Gucci,19.34634
BP08673,Gucci,32.73514
BP08674,Gucci,30.75138
BP08675,Gucci,28.79155
BP08676,Gucci,16.114
BP08677,Gucci,16.97946
BP08678,Gucci,30.91367
BP08679,Gucci,33.80815
BP08680,Gucci,31.34703
BP08681,Gucci,31.09936
BP08682,Gucci,35.65744
BP08683,Gucci,32.63839
BP08684,Gucci,28.47574
BP08685,Gucci,29.83053
BP08686,Gucci,31.06221
BP08687,Gucci,27.63745
BP08688,Gucci,31.03889
BP08689,Gucci,31.79363
BP08690,Gucci,31.06414
BP08691,Gucci,29.75684
BP08692,Gucci,31.50829
BP08693,Gucci,29.68412
BP08694,Gucci,33.81509
BP08695,Gucci,29.39808
BP08696,Gucci,29.1696
BP08697,Gucci,34.04007
BP08698,Gucci,43.08199
BP08699,Gucci,46.60184
BP08700,Gucci,20.13446
BP08701,Gucci,30.36821
BP08702,Gucci,31.61725
BP08703,Gucci,33.95167
BP08704,Gucci,28.65169
BP08705,Gucci,31.0897
BP08706,Gucci,27.58716
BP08707,Gucci,29.96727
BP08708,Gucci,7.55335
BP08709,Gucci,30.34873
BP08710,Gucci,20.52752
BP08711,Gucci,21.78229
BP08712,Gucci,7.72377
BP08713,Gucci,17.26132
BP08714,Gucci,31.39893
BP08715,Gucci,30.70739
BP08716,Gucci,28.93169
BP08717,Gucci,30.51364
BP08718,Gucci,21.70943
BP08719,Gucci,31.79166
BP08720,Gucci,29.73671
BP08721,Gucci,29.55359
BP08722,Gucci,16.19558
BP08723,Gucci,29.97576
BP08724,Gucci,31.45789
BP08725,Gucci,29.44636
BP08726,Gucci,29.59724
BP08727,Gucci,17.25906
BP08728,Gucci,34.23372
BP08729,Gucci,30.49254
BP08730,Gucci,30.24807
BP08731,Gucci,29.04012
BP08732,Gucci,34.27558
BP08733,Gucci,29.71767
BP08734,Gucci,35.83691
BP08735,Gucci,32.17543
BP08736,Gucci,46.14782
BP08737,Gucci,34.27963
BP08738,Gucci,31.67206
BP08739,Gucci,17.97222
BP08740,Gucci,16.78632
BP08741,Gucci,29.97001
BP08742,Gucci,7.86617
BP08743,Gucci,32.64201
BP08744,Gucci,17.633
BP08745,Gucci,28.86386
BP08746,Gucci,28.69895
BP08747,Gucci,27.94252
BP08748,Gucci,18.54397
BP08749,Gucci,7.60837
BP08750,Gucci,31.23197
BP08751,Gucci,28.91668
BP08752,Gucci,16.03955
BP08753,Gucci,19.29406
BP08754,Gucci,32.09724
BP08755,Gucci,29.00343
BP08756,Gucci,36.57726
BP08757,Gucci,33.36938
BP08758,Gucci,30.25614
BP08759,Gucci,32.26057
BP08760,Gucci,30.86643
BP08761,Gucci,32.13413
BP08762,Gucci,30.31327
BP08763,Gucci,17.53317
BP08764,Gucci,17.21898
BP08765,Gucci,28.7317
BP08766,Gucci,21.14626
BP08767,Gucci,7.68137
BP08768,Gucci,29.05918
BP08769,Gucci,21.04475
BP08770,Gucci,28.81097
BP08771,Gucci,30.24637
BP08772,Gucci,28.82693
BP08773,Gucci,28.54465
BP08774,Gucci,28.62599
BP08775,Gucci,17.33737
BP08776,Gucci,30.55391
BP08777,Gucci,16.08678
BP08778,Gucci,30.08511
BP08779,Gucci,34.54229
BP08780,Gucci,30.57642
BP08781,Gucci,30.4529
BP08782,Gucci,31.37782
BP08783,Gucci,30.92578
BP08784,Gucci,17.02977
BP08785,Gucci,16.9304
BP08786,Gucci,28.8095
BP08787,Gucci,17.40141
BP08788,Gucci,29.649
BP08789,Gucci,32.7687
BP08790,Gucci,7.44245
BP08791,Gucci,31.78797
BP08792,Gucci,18.23918
BP08793,Gucci,7.55651
BP08794,Gucci,29.41702
BP08795,Gucci,20.18412
BP08796,Gucci,15.95262
BP08797,Gucci,16.7646
BP08798,Gucci,36.08553
BP08799,Gucci,17.38066
BP08800,Gucci,16.04269
BP08801,Gucci,44.37481
BP08802,Gucci,29.74664
BP08803,Gucci,16.10649
BP08804,Gucci,31.35801
BP08805,Gucci,28.80351
BP08806,Gucci,29.55647
BP08807,Gucci,33.65591
BP08808,Gucci,31.56652
BP08809,Gucci,32.71885
BP08810,Gucci,29.11707
BP08811,Gucci,32.99984
BP08812,Gucci,28.47619
BP08813,Gucci,30.51707
BP08814,Gucci,17.20862
BP08815,Gucci,32.6729
BP08816,Gucci,19.36841
BP08817,Gucci,17.29022
BP08818,Gucci,29.48958
BP08819,Gucci,16.87697
BP08820,Gucci,31.78921
BP08821,Gucci,30.53298
BP08822,Gucci,29.21777
BP08823,Gucci,30.79344
BP08824,Gucci,34.54536
BP08825,Gucci,31.4314
BP08826,Gucci,29.57165
BP08827,Gucci,30.31664
BP08828,Gucci,33.09449
BP08829,Gucci,31.86386
BP08830,Gucci,29.58829
BP08831,Gucci,31.59515
BP08832,Gucci,31.29604
BP08833,Gucci,16.05018
BP08834,Gucci,29.00621
BP08835,Gucci,44.38508
BP08836,Gucci,28.8156
BP08837,Gucci,31.47852
BP08838,Gucci,47.59224
BP08839,Gucci,43.96921
BP08840,Gucci,30.27932
BP08841,Gucci,30.675
BP08842,Gucci,30.03999
BP08843,Gucci,19.18468
BP08844,Gucci,29.61204
BP08845,Gucci,32.44677
BP08846,Gucci,36.01705
BP08847,Gucci,29.41339
BP08848,Gucci,27.56232
BP08849,Gucci,28.81278
BP08850,Gucci,21.17287
BP08851,Gucci,16.13839
BP08852,Gucci,32.09265
BP08853,Gucci,38.15575
BP08854,Gucci,16.88653
BP08855,Gucci,27.4067
BP08856,Gucci,31.20601
BP08857,Gucci,19.11845
BP08858,Gucci,18.48684
BP08859,Gucci,32.31504
BP08860,Gucci,32.9366
BP08861,Gucci,16.97429
BP08862,Gucci,34.23235
BP08863,Gucci,30.0171
BP08864,Gucci,29.92699
BP08865,Gucci,34.21846
BP08866,Gucci,30.4389
BP08867,Gucci,48.86007
BP08868,Gucci,28.02244
BP08869,Gucci,30.01171
BP08870,Gucci,32.26974
BP08871,Gucci,38.099
BP08872,Gucci,28.64945
BP08873,Gucci,37.26058
BP08874,Gucci,35.32908
BP08875,Gucci,30.675
BP08876,Gucci,46.71615
BP08877,Gucci,37.71525
BP08878,Gucci,30.84588
BP08879,Gucci,32.48192
BP08880,Gucci,32.39723
BP08881,Gucci,34.02922
BP08882,Gucci,32.75203
BP08883,Gucci,30.20162
BP08884,Gucci,32.81325
BP08885,Gucci,32.95238
BP08886,Gucci,32.0513
BP08887,Gucci,7.59987
BP08888,Gucci,30.62406
BP08889,Gucci,32.31046
BP08890,Gucci,31.08598
BP08891,Gucci,29.58715
BP08892,Gucci,30.50193
BP08893,Gucci,30.92788
BP08894,Gucci,37.15897
BP08895,Gucci,29.30208
BP08896,Gucci,34.18035
BP08897,Gucci,32.68259
BP08898,Gucci,33.77347
BP08899,Gucci,28.29719
BP08900,Gucci,7.35103
BP08901,Gucci,27.37381
BP08902,Gucci,33.71709
BP08903,Gucci,30.69267
BP08904,Gucci,34.71811
BP08905,Gucci,30.02293
BP08906,Gucci,27.88654
BP08907,Gucci,31.33
BP08908,Gucci,29.45669
BP08909,Gucci,30.99871
BP08910,Gucci,28.56318
BP08911,Gucci,33.38654
BP08912,Gucci,28.90633
BP08913,Gucci,28.1191
BP08914,Gucci,42.30195
BP08915,Gucci,30.04281
BP08916,Gucci,46.78212
BP08917,Gucci,23.56116
BP08918,Gucci,29.20578
BP08919,Gucci,31.13495
BP08920,Gucci,15.88822
BP08921,Gucci,29.48009
BP08922,Gucci,28.79442
BP08923,Gucci,34.36147
BP08924,Gucci,30.23423
BP08925,Gucci,34.14933
BP08926,Gucci,30.10042
BP08927,Gucci,34.28462
BP08928,Gucci,35.45911
BP08929,Gucci,41.47176
BP08930,Gucci,33.74032
BP08931,Gucci,30.40577
BP08932,Gucci,35.32216
BP08933,Gucci,37.13242
BP08934,Gucci,30.29368
BP08935,Gucci,34.69456
BP08936,Gucci,33.27806
BP08937,Gucci,32.08656
BP08938,Gucci,32.03331
BP08939,Gucci,32.81626
BP08940,Gucci,34.92599
BP08941,Gucci,18.8072
BP08942,Gucci,18.87771
BP08943,Gucci,36.66458
BP08944,Gucci,30.39859
BP08945,Gucci,38.46793
BP08946,Gucci,36.22948
BP08947,Gucci,30.8732
BP08948,Gucci,32.92021
BP08949,Gucci,30.65753
BP08950,Gucci,31.28856
BP08951,Gucci,29.63952
BP08952,Gucci,33.28834
BP08953,Gucci,33.00304
BP08954,Gucci,30.0662
BP08955,Gucci,30.52512
BP08956,Gucci,34.57044
BP08957,Gucci,45.68098
BP08958,Gucci,64.48779
BP08959,Gucci,20.87073
BP08960,Gucci,31.37398
BP08961,Gucci,31.46504
BP08962,Gucci,21.25625
BP08963,Gucci,32.31052
BP08964,Gucci,16.26006
BP08965,Gucci,30.84137
BP08966,Gucci,19.14808
BP08967,Gucci,27.76557
BP08968,Gucci,21.04597
BP08969,Gucci,31.62752
BP08970,Gucci,35.58799
BP08971,Gucci,28.77455
BP08972,Gucci,56.46926
BP08973,Gucci,47.65391
BP08974,Gucci,29.20501
BP08975,Gucci,31.7839
BP08976,Gucci,32.16443
BP08977,Gucci,31.3298
BP08978,Gucci,29.09586
BP08979,Gucci,31.16063
BP08980,Gucci,28.83328
BP08981,Gucci,16.43268
BP08982,Gucci,31.76972
BP08983,Gucci,20.52683
BP08984,Gucci,29.57083
BP08985,Gucci,33.99063
BP08986,Gucci,35.27728
BP08987,Gucci,30.43311
BP08988,Gucci,5.70741
BP08989,Gucci,31.60457
BP08990,Gucci,31.02014
BP08991,Gucci,38.34261
BP08992,Gucci,44.39451
BP08993,Gucci,28.43862
BP08994,Gucci,32.05006
BP08995,Gucci,31.71339
BP08996,Gucci,31.3714
BP08997,Gucci,32.74025
BP08998,Gucci,30.50707
BP08999,Gucci,31.58362
BP09000,Gucci,19.46353
BP09001,Gucci,31.81727
BP09002,Gucci,30.45029
BP09003,Gucci,29.7328
BP09004,Gucci,28.84154
BP09005,Gucci,20.41108
BP09006,Gucci,28.57832
BP09007,Gucci,7.6337
BP09008,Gucci,27.99495
BP09009,Gucci,29.36245
BP09010,Gucci,33.02782
BP09011,Gucci,21.03955
BP09012,Gucci,19.34351
BP09013,Gucci,33.04355
BP09014,Gucci,17.26574
BP09015,Gucci,31.44553
BP09016,Gucci,32.82738
BP09017,Gucci,18.0576
BP09018,Gucci,37.27938
BP09019,Gucci,38.65941
BP09020,Gucci,31.62668
BP09021,Gucci,29.1177
BP09022,Gucci,30.1957
BP09023,Gucci,31.59882
BP09024,Gucci,33.46679
BP09025,Gucci,17.3329
BP09026,Gucci,30.38996
BP09027,Gucci,28.91412
BP09028,Gucci,33.97779
BP09029,Gucci,32.9593
BP09030,Gucci,16.0651
BP09031,Gucci,29.28607
BP09032,Gucci,33.11547
BP09033,Gucci,31.10979
BP09034,Gucci,33.07644
BP09035,Gucci,31.95099
BP09036,Gucci,17.24422
BP09037,Gucci,17.932
BP09038,Gucci,30.27988
BP09039,Gucci,32.25259
BP09040,Gucci,29.18097
BP09041,Gucci,32.78256
BP09042,Gucci,28.93715
BP09043,Gucci,33.80209
BP09044,Gucci,29.31598
BP09045,Gucci,28.72167
BP09046,Gucci,28.92231
BP09047,Gucci,33.77263
BP09048,Gucci,31.0623
BP09049,Gucci,31.36143
BP09050,Gucci,30.13381
BP09051,Gucci,31.07155
BP09052,Gucci,39.96668
BP09053,Gucci,64.8307
BP09054,Gucci,38.38208
BP09055,Gucci,35.01188
BP09056,Gucci,16.5836
BP09057,Gucci,8.02147
BP09058,Gucci,29.04081
BP09059,Gucci,29.21143
BP09060,Gucci,46.21574
BP09061,Gucci,22.72274
BP09062,Gucci,29.02499
BP09063,Gucci,29.76912
BP09064,Gucci,29.31215
BP09065,Gucci,28.00392
BP09066,Gucci,32.81839
BP09067,Gucci,28.94859
BP09068,Gucci,17.0316
BP09069,Gucci,31.31893
BP09070,Gucci,32.57875
BP09071,Gucci,30.40468
BP09072,Gucci,16.51673
BP09073,Gucci,31.05251
BP09074,Gucci,28.18062
BP09075,Gucci,32.61922
BP09076,Gucci,30.72884
BP09077,Gucci,30.69765
BP09078,Gucci,16.21078
BP09079,Gucci,30.28254
BP09080,Gucci,30.39723
BP09081,Gucci,29.31475
BP09082,Gucci,28.74342
BP09083,Gucci,31.07899
BP09084,Gucci,36.94613
BP09085,Gucci,38.39097
BP09086,Gucci,30.17957
BP09087,Gucci,32.12502
BP09088,Gucci,29.27517
BP09089,Gucci,31.63212
BP09090,Gucci,30.97384
BP09091,Gucci,33.06932
BP09092,Gucci,36.30028
BP09093,Gucci,34.82511
BP09094,Gucci,31.79373
BP09095,Gucci,30.69355
BP09096,Gucci,34.99539
BP09097,Gucci,15.87326
BP09098,Gucci,31.68661
BP09099,Gucci,30.38405
BP09100,Gucci,22.314
BP09101,Gucci,29.28348
BP09102,Gucci,18.29597
BP09103,Gucci,31.19805
BP09104,Gucci,30.62506
BP09105,Gucci,19.4706
BP09106,Gucci,28.92088
BP09107,Gucci,29.69562
BP09108,Gucci,29.02073
BP09109,Gucci,30.19954
BP09110,Gucci,30.26432
BP09111,Gucci,17.61337
BP09112,Gucci,28.96188
BP09113,Gucci,28.16165
BP09114,Gucci,29.73166
BP09115,Gucci,27.77722
BP09116,Gucci,28.90128
BP09117,Gucci,32.48246
BP09118,Gucci,29.74595
BP09119,Gucci,33.35221
BP09120,Gucci,30.08509
BP09121,Gucci,31.75016
BP09122,Gucci,33.12903
BP09123,Gucci,29.75533
BP09124,Gucci,30.27367
BP09125,Gucci,28.84625
BP09126,Gucci,32.64366
BP09127,Gucci,16.16613
BP09128,Gucci,30.65799
BP09129,Gucci,30.36761
BP09130,Gucci,18.13885
BP09131,Gucci,28.71832
BP09132,Gucci,18.12699
BP09133,Gucci,28.8542
BP09134,Gucci,18.45677
BP09135,Gucci,29.25928
BP09136,Gucci,32.27682
BP09137,Gucci,20.99869
BP09138,Gucci,28.55384
BP09139,Gucci,7.46718
BP09140,Gucci,30.26833
BP09141,Gucci,16.44328
BP09142,Gucci,32.99839
BP09143,Gucci,29.36698
BP09144,Gucci,30.5223
BP09145,Gucci,30.66193
BP09146,Gucci,30.2261
BP09147,Gucci,31.55246
BP09148,Gucci,15.82457
BP09149,Gucci,28.06348
BP09150,Gucci,27.44884
BP09151,Gucci,28.29767
BP09152,Gucci,29.68681
BP09153,Gucci,28.53357
BP09154,Gucci,29.90827
BP09155,Gucci,31.65218
BP09156,Gucci,30.42724
BP09157,Gucci,17.26507
BP09158,Gucci,34.6513
BP09159,Gucci,27.90794
BP09160,Gucci,33.14918
BP09161,Gucci,30.12078
BP09162,Gucci,29.54169
BP09163,Gucci,34.13558
BP09164,Gucci,37.42424
BP09165,Gucci,30.89616
BP09166,Gucci,19.62171
BP09167,Gucci,35.74708
BP09168,Gucci,29.24084
BP09169,Gucci,28.25648
BP09170,Gucci,31.23264
BP09171,Gucci,27.92081
BP09172,Gucci,29.85167
BP09173,Gucci,34.54949
BP09174,Gucci,28.98004
BP09175,Gucci,33.34926
BP09176,Gucci,17.60053
BP09177,Gucci,29.60626
BP09178,Gucci,29.98633
BP09179,Gucci,30.18466
BP09180,Gucci,19.48695
BP09181,Gucci,30.95379
BP09182,Gucci,32.40508
BP09183,Gucci,17.13775
BP09184,Gucci,31.85315
BP09185,Gucci,56.63821
BP09186,Gucci,29.86071
BP09187,Gucci,16.99856
BP09188,Gucci,35.17334
BP09189,Gucci,35.11498
BP09190,Gucci,35.38486
BP09191,Gucci,30.52391
BP09192,Gucci,29.78987
BP09193,Gucci,30.30491
BP09194,Gucci,30.33878
BP09195,Gucci,31.41685
BP09196,Gucci,29.09208
BP09197,Gucci,32.48084
BP09198,Gucci,29.30879
BP09199,Gucci,29.90827
BP09200,Gucci,28.75927
BP09201,Gucci,33.56232
BP09202,Gucci,29.6218
BP09203,Gucci,29.33981
BP09204,Gucci,16.35409
BP09205,Gucci,19.15649
BP09206,Gucci,19.08474
BP09207,Gucci,7.31996
BP09208,Gucci,30.3506
BP09209,Gucci,28.82271
BP09210,Gucci,16.02345
BP09211,Gucci,15.99912
BP09212,Gucci,27.40951
BP09213,Gucci,29.34044
BP09214,Gucci,28.53999
BP09215,Gucci,16.36979
BP09216,Gucci,20.44177
BP09217,Gucci,7.66118
BP09218,Gucci,17.08484
BP09219,Gucci,17.60964
BP09220,Gucci,30.32386
BP09221,LV,18.46369
BP09222,LV,18.14799
BP09223,LV,19.3284
BP09224,LV,17.01901
BP09225,LV,18.51091
BP09226,LV,33.15637
BP09227,LV,35.26711
BP09228,LV,19.59572
BP09229,LV,19.14436
BP09230,LV,30.24061
BP09231,LV,31.47394
BP09232,LV,32.79327
BP09233,LV,31.10776
BP09234,LV,33.00311
BP09235,LV,30.25817
BP09236,LV,32.91686
BP09237,LV,19.12316
BP09238,LV,30.30838
BP09239,LV,18.32412
BP09240,LV,31.55659
BP09241,LV,36.18851
BP09242,LV,37.60286
BP09243,LV,33.22923
BP09244,LV,33.17921
BP09245,LV,31.51311
BP09246,LV,33.28165
BP09247,LV,35.74216
BP09248,LV,32.87441
BP09249,LV,33.98769
BP09250,LV,34.47366
BP09251,LV,32.66366
BP09252,LV,31.11357
BP09253,LV,34.91482
BP09254,LV,19.10537
BP09255,LV,18.92163
BP09256,LV,33.59948
BP09257,LV,33.05301
BP09258,LV,20.56719
BP09259,LV,19.27792
BP09260,LV,31.3351
BP09261,LV,34.96762
BP09262,LV,33.40579
BP09263,LV,33.13277
BP09264,LV,32.67835
BP09265,LV,31.22429
BP09266,LV,32.34709
BP09267,LV,33.00531
BP09268,LV,32.41854
BP09269,LV,35.57677
BP09270,LV,33.37718
BP09271,LV,33.38418
BP09272,LV,32.20236
BP09273,LV,18.58323
BP09274,LV,38.48733
BP09275,LV,41.60756
BP09276,LV,36.21267
BP09277,LV,33.8219
BP09278,LV,33.33379
BP09279,LV,34.80911
BP09280,LV,19.72988
BP09281,LV,31.86011
BP09282,LV,32.47062
BP09283,LV,33.03636
BP09284,LV,33.05155
BP09285,LV,42.67512
BP09286,LV,36.29332
BP09287,LV,36.26771
BP09288,LV,35.70343
BP09289,LV,31.2823
BP09290,LV,34.20373
BP09291,LV,34.06046
BP09292,LV,33.26145
BP09293,LV,32.52208
BP09294,LV,32.81204
BP09295,LV,32.12487
BP09296,LV,19.40901
BP09297,LV,30.91962
BP09298,LV,35.87345
BP09299,LV,18.8196
BP09300,LV,30.76393
BP09301,LV,18.42651
BP09302,LV,18.62863
BP09303,LV,32.35397
BP09304,LV,31.69901
BP09305,LV,20.13047
BP09306,LV,35.32991
BP09307,LV,36.5846
BP09308,LV,37.48778
BP09309,LV,39.1842
BP09310,LV,33.75808
BP09311,LV,34.56266
BP09312,LV,33.69092
BP09313,LV,31.55432
BP09314,LV,18.88177
BP09315,LV,35.03179
BP09316,LV,40.98222
BP09317,LV,33.26402
BP09318,LV,36.84688
BP09319,LV,34.10222
BP09320,LV,35.28426
BP09321,LV,33.697
BP09322,LV,34.57405
BP09323,LV,34.13351
BP09324,LV,31.78102
BP09325,LV,35.21268
BP09326,LV,33.6937
BP09327,LV,32.51021
BP09328,LV,38.51205
BP09329,LV,44.59723
BP09330,LV,30.41706
BP09331,LV,32.13987
BP09332,LV,35.77391
BP09333,LV,32.81135
BP09334,LV,40.15154
BP09335,LV,37.57817
BP09336,LV,58.76799
BP09337,LV,36.57364
BP09338,LV,35.26469
BP09339,LV,36.38881
BP09340,LV,53.65234
BP09341,LV,34.48721
BP09342,LV,43.89756
BP09343,LV,36.30389
BP09344,LV,35.41723
BP09345,LV,36.56328
BP09346,LV,34.34657
BP09347,LV,31.4031
BP09348,LV,34.03928
BP09349,LV,34.55174
BP09350,LV,31.1495
BP09351,LV,31.31831
BP09352,LV,37.10416
BP09353,LV,20.2216
BP09354,LV,31.49879
BP09355,LV,35.8236
BP09356,LV,35.11869
BP09357,LV,37.0103
BP09358,LV,33.98019
BP09359,LV,34.10831
BP09360,LV,35.25011
BP09361,LV,35.66669
BP09362,LV,32.30695
BP09363,LV,33.58008
BP09364,LV,33.30339
BP09365,LV,31.88165
BP09366,LV,35.73318
BP09367,LV,37.32337
BP09368,LV,32.86092
BP09369,LV,35.5423
BP09370,LV,31.42973
BP09371,LV,32.16608
BP09372,LV,36.11442
BP09373,LV,35.65266
BP09374,LV,18.97451
BP09375,LV,32.8239
BP09376,LV,35.62943
BP09377,LV,31.41642
BP09378,LV,32.45625
BP09379,LV,36.52346
BP09380,LV,34.48536
BP09381,LV,33.15771
BP09382,LV,34.59957
BP09383,LV,37.43036
BP09384,LV,33.36695
BP09385,LV,20.35297
BP09386,LV,32.20109
BP09387,LV,36.06763
BP09388,LV,36.36601
BP09389,LV,33.49121
BP09390,LV,32.90627
BP09391,LV,31.90587
BP09392,LV,34.64843
BP09393,LV,36.75141
BP09394,LV,38.60565
BP09395,LV,55.88147
BP09396,LV,36.90283
BP09397,LV,40.46162
BP09398,LV,39.52139
BP09399,LV,36.52407
BP09400,LV,35.06871
BP09401,LV,54.42078
BP09402,LV,49.36703
BP09403,LV,20.54596
BP09404,LV,38.22665
BP09405,LV,42.88951
BP09406,LV,35.92933
BP09407,LV,31.69583
BP09408,LV,40.82611
BP09409,LV,32.25665
BP09410,LV,34.31014
BP09411,LV,32.83404
BP09412,LV,35.53336
BP09413,LV,41.84747
BP09414,LV,36.98835
BP09415,LV,33.66632
BP09416,LV,20.38751
BP09417,LV,34.82487
BP09418,LV,30.81462
BP09419,LV,40.17522
BP09420,LV,40.24191
BP09421,LV,32.31867
BP09422,LV,31.76243
BP09423,LV,34.06859
BP09424,LV,38.81902
BP09425,LV,34.32994
BP09426,LV,35.32135
BP09427,LV,33.90826
BP09428,LV,35.14657
BP09429,LV,39.05445
BP09430,LV,35.38716
BP09431,LV,34.26113
BP09432,LV,33.7753
BP09433,LV,36.03975
BP09434,LV,35.10543
BP09435,LV,33.17717
BP09436,LV,38.43054
BP09437,LV,33.0243
BP09438,LV,33.99192
BP09439,LV,34.72034
BP09440,LV,38.27927
BP09441,LV,45.27297
BP09442,LV,32.95678
BP09443,LV,43.83709
BP09444,LV,43.94266
BP09445,LV,33.69181
BP09446,LV,52.0117
BP09447,LV,37.49794
BP09448,LV,32.7582
BP09449,LV,34.1545
BP09450,LV,32.38541
BP09451,LV,32.82969
BP09452,LV,40.11628
BP09453,LV,39.52142
BP09454,LV,33.30688
BP09455,LV,33.93913
BP09456,LV,35.22583
BP09457,LV,33.75223
BP09458,LV,33.44803
BP09459,LV,37.15534
BP09460,LV,35.5097
BP09461,LV,34.35846
BP09462,LV,30.95842
BP09463,LV,35.48033
BP09464,LV,35.39527
BP09465,LV,34.7978
BP09466,LV,33.43262
BP09467,LV,31.89893
BP09468,LV,18.5604
BP09469,LV,36.61303
BP09470,LV,31.82654
BP09471,LV,37.94988
BP09472,LV,39.26356
BP09473,LV,37.56699
BP09474,LV,55.33653
BP09475,LV,36.49352
BP09476,LV,35.33462
BP09477,LV,38.62613
BP09478,LV,36.8959
BP09479,LV,33.39232
BP09480,LV,39.74788
BP09481,LV,37.13691
BP09482,LV,34.63139
BP09483,LV,34.53795
BP09484,LV,33.11354
BP09485,LV,37.81285
BP09486,LV,33.6879
BP09487,LV,37.26882
BP09488,LV,36.13479
BP09489,LV,19.22215
BP09490,LV,32.16582
BP09491,LV,34.17535
BP09492,LV,32.44177
BP09493,LV,31.20618
BP09494,LV,35.99005
BP09495,LV,35.28648
BP09496,LV,35.47868
BP09497,LV,31.20093
BP09498,LV,33.43064
BP09499,LV,32.51107
BP09500,LV,18.29162
BP09501,LV,31.61508
BP09502,LV,35.04143
BP09503,LV,37.67105
BP09504,LV,36.46743
BP09505,LV,34.89144
BP09506,LV,32.40067
BP09507,LV,34.64203
BP09508,LV,32.79315
BP09509,LV,35.40544
BP09510,LV,32.72332
BP09511,LV,34.70614
BP09512,LV,35.33764
BP09513,LV,34.90607
BP09514,LV,35.64499
BP09515,LV,33.92935
BP09516,LV,37.85946
BP09517,LV,30.92609
BP09518,LV,32.98155
BP09519,LV,32.33312
BP09520,LV,40.46883
BP09521,LV,31.97677
BP09522,LV,34.02543
BP09523,LV,32.20701
BP09524,LV,35.33512
BP09525,LV,39.74021
BP09526,LV,37.10748
BP09527,LV,40.60279
BP09528,LV,33.70897
BP09529,LV,32.48475
BP09530,LV,35.36883
BP09531,LV,35.66216
BP09532,LV,3.53333
BP09533,LV,29.79547
BP09534,LV,31.31252
BP09535,LV,38.47312
BP09536,LV,36.40236
BP09537,LV,35.4271
BP09538,LV,35.10552
BP09539,LV,35.9427
BP09540,LV,35.81058
BP09541,LV,33.98239
BP09542,LV,31.51287
BP09543,LV,31.90513
BP09544,LV,18.75443
BP09545,LV,29.0048
BP09546,LV,35.10847
BP09547,LV,32.55519
BP09548,LV,33.49118
BP09549,LV,36.40364
BP09550,LV,34.56811
BP09551,LV,34.58788
BP09552,LV,33.61112
BP09553,LV,59.87031
BP09554,LV,34.94465
BP09555,LV,30.88245
BP09556,LV,29.12807
BP09557,LV,19.86136
BP09558,LV,31.12145
BP09559,LV,19.81998
BP09560,LV,31.4785
BP09561,LV,35.24749
BP09562,LV,35.02194
BP09563,LV,19.79843
BP09564,LV,34.45665
BP09565,LV,32.92761
BP09566,LV,20.14653
BP09567,LV,34.22489
BP09568,LV,34.90818
BP09569,LV,35.86012
BP09570,LV,34.01437
BP09571,LV,31.57703
BP09572,LV,41.41459
BP09573,LV,34.30692
BP09574,LV,42.71204
BP09575,LV,32.90459
BP09576,LV,33.29486
BP09577,LV,32.84096
BP09578,LV,32.16784
BP09579,LV,33.6428
BP09580,LV,32.61855
BP09581,LV,33.60683
BP09582,LV,34.41177
BP09583,LV,49.62369
BP09584,LV,45.10501
BP09585,LV,44.40285
BP09586,LV,33.05421
BP09587,LV,36.72151
BP09588,LV,30.6491
BP09589,LV,34.15825
BP09590,LV,33.77093
BP09591,LV,32.68553
BP09592,LV,31.00429
BP09593,LV,34.59445
BP09594,LV,35.87005
BP09595,LV,35.68661
BP09596,LV,35.54039
BP09597,LV,19.11823
BP09598,LV,34.71116
BP09599,LV,32.79541
BP09600,LV,36.25348
BP09601,LV,36.35025
BP09602,LV,44.47076
BP09603,LV,31.60309
BP09604,LV,46.15334
BP09605,LV,31.50277
BP09606,LV,33.22447
BP09607,LV,35.02205
BP09608,LV,35.98116
BP09609,LV,35.25108
BP09610,LV,34.69513
BP09611,LV,33.97486
BP09612,LV,36.08274
BP09613,LV,35.96246
BP09614,LV,32.63335
BP09615,LV,32.99135
BP09616,LV,31.16354
BP09617,LV,34.70151
BP09618,LV,33.19118
BP09619,LV,33.50102
BP09620,LV,33.17245
BP09621,LV,36.72695
BP09622,LV,34.10086
BP09623,LV,31.59079
BP09624,LV,31.07984
BP09625,LV,29.80631
BP09626,LV,37.51854
BP09627,LV,31.69474
BP09628,LV,32.19696
BP09629,LV,35.02194
BP09630,LV,37.82204
BP09631,LV,35.9849
BP09632,LV,37.45369
BP09633,LV,38.77765
BP09634,LV,35.21283
BP09635,LV,36.49188
BP09636,LV,36.30838
BP09637,LV,33.15431
BP09638,LV,33.93321
BP09639,LV,33.48859
BP09640,LV,35.03529
BP09641,LV,34.10369
BP09642,LV,37.87628
BP09643,LV,39.17389
BP09644,LV,36.60124
BP09645,LV,34.25288
BP09646,LV,36.30775
BP09647,LV,35.20515
BP09648,LV,35.19617
BP09649,LV,35.99496
BP09650,LV,35.1685
BP09651,LV,33.38917
BP09652,LV,34.65638
BP09653,LV,41.69695
BP09654,LV,35.14423
BP09655,LV,33.94946
BP09656,LV,34.07478
BP09657,LV,33.80517
BP09658,LV,35.11713
BP09659,LV,32.46457
BP09660,LV,34.4914
BP09661,LV,36.21319
BP09662,LV,37.04152
BP09663,LV,36.12192
BP09664,LV,33.58744
BP09665,LV,36.07676
BP09666,LV,35.68812
BP09667,LV,37.43849
BP09668,LV,34.98517
BP09669,LV,33.2974
BP09670,LV,35.72041
BP09671,LV,36.78409
BP09672,LV,31.1564
BP09673,LV,33.39194
BP09674,LV,36.56344
BP09675,LV,34.15259
BP09676,LV,35.39602
BP09677,LV,35.12439
BP09678,LV,32.76134
BP09679,LV,19.35064
BP09680,LV,19.25177
BP09681,LV,35.70611
BP09682,LV,33.58413
BP09683,LV,35.86079
BP09684,LV,46.08524
BP09685,LV,35.61505
BP09686,LV,20.34661
BP09687,LV,31.64076
BP09688,LV,33.54429
BP09689,LV,32.46056
BP09690,LV,34.62395
BP09691,LV,31.80678
BP09692,LV,31.72567
BP09693,LV,34.04267
BP09694,LV,18.84492
BP09695,LV,33.77056
BP09696,LV,33.21513
BP09697,LV,35.08616
BP09698,LV,34.05697
BP09699,LV,34.04284
BP09700,LV,33.27258
BP09701,LV,34.32554
BP09702,LV,45.00087
BP09703,LV,36.60215
BP09704,LV,33.6222
BP09705,LV,34.65601
BP09706,LV,35.84883
BP09707,LV,33.40286
BP09708,LV,32.59292
BP09709,LV,37.13481
BP09710,LV,37.43094
BP09711,LV,65.91233
BP09712,LV,35.39293
BP09713,LV,47.21156
BP09714,LV,39.84892
BP09715,LV,38.6764
BP09716,LV,38.44196
BP09717,LV,35.79395
BP09718,LV,33.43375
BP09719,LV,42.72683
BP09720,LV,36.343
BP09721,LV,48.84287
BP09722,LV,40.18466
BP09723,LV,50.89008
BP09724,LV,38.34868
BP09725,LV,60.56433
BP09726,LV,62.2701
BP09727,LV,63.29433
BP09728,LV,63.01364
BP09729,LV,58.78273
BP09730,LV,60.12133
BP09731,LV,64.66158
BP09732,LV,58.29989
BP09733,LV,69.2073
BP09734,LV,35.7307
BP09735,LV,31.80137
BP09736,LV,35.12045
BP09737,LV,36.54317
BP09738,LV,34.07621
BP09739,LV,42.58395
BP09740,LV,38.54595
BP09741,LV,36.79244
BP09742,LV,38.32825
BP09743,LV,38.4102
BP09744,LV,35.91314
BP09745,LV,36.4833
BP09746,LV,33.34183
BP09747,LV,35.47591
BP09748,LV,34.27569
BP09749,LV,35.71915
BP09750,LV,57.34716
BP09751,LV,60.01914
BP09752,LV,60.56461
BP09753,LV,56.86964
BP09754,LV,57.08559
BP09755,LV,63.12714
BP09756,LV,56.55233
BP09757,LV,59.12083
BP09758,LV,64.04286
BP09759,LV,35.62585
BP09760,LV,35.68211
BP09761,LV,35.59523
BP09762,LV,36.80139
BP09763,LV,40.09432
BP09764,LV,34.99898
BP09765,LV,34.1765
BP09766,LV,35.86758
BP09767,LV,36.99705
BP09768,LV,35.39094
BP09769,LV,35.94338
BP09770,LV,37.10011
BP09771,LV,37.54533
BP09772,LV,38.62964
BP09773,LV,41.07923
BP09774,LV,39.4544
BP09775,LV,38.35232
BP09776,LV,63.06015
BP09777,LV,53.86562
BP09778,LV,68.51554
BP09779,LV,38.0126
BP09780,LV,33.919
BP09781,LV,35.61575
BP09782,LV,34.60429
BP09783,LV,33.84136
BP09784,LV,34.10508
BP09785,LV,52.50546
BP09786,LV,33.75172
BP09787,LV,33.27638
BP09788,LV,35.74142
BP09789,LV,67.29884
BP09790,LV,35.00272
BP09791,LV,33.78929
BP09792,LV,32.93641
BP09793,LV,34.4577
BP09794,LV,35.01005
BP09795,LV,35.91939
BP09796,LV,34.20697
BP09797,LV,37.07871
BP09798,LV,36.45824
BP09799,LV,34.81746
BP09800,LV,35.96991
BP09801,LV,35.31205
BP09802,LV,33.84376
BP09803,LV,31.36157
BP09804,LV,19.4046
BP09805,LV,41.2195
BP09806,LV,39.93165
BP09807,LV,39.75636
BP09808,LV,35.50435
BP09809,LV,47.52682
BP09810,LV,37.0917
BP09811,LV,35.61236
BP09812,LV,36.99248
BP09813,LV,33.5504
BP09814,LV,33.73473
BP09815,LV,32.81098
BP09816,LV,35.00026
BP09817,LV,36.84055
BP09818,LV,34.42512
BP09819,LV,35.22896
BP09820,LV,31.70796
BP09821,LV,35.75504
BP09822,LV,33.42542
BP09823,LV,35.74015
BP09824,LV,34.67032
BP09825,LV,33.1998
BP09826,LV,32.28773
BP09827,LV,32.54681
BP09828,LV,42.6343
BP09829,LV,40.17061
BP09830,LV,31.31789
BP09831,LV,32.93187
BP09832,LV,34.11441
BP09833,LV,36.37422
BP09834,LV,34.1592
BP09835,LV,32.79618
BP09836,LV,33.99378
BP09837,LV,34.04269
BP09838,LV,35.35268
BP09839,LV,32.15902
BP09840,LV,35.21489
BP09841,LV,37.95531
BP09842,LV,31.54738
BP09843,LV,36.36518
BP09844,LV,38.60251
BP09845,LV,33.59358
BP09846,LV,36.59453
BP09847,LV,36.48413
BP09848,LV,32.16633
BP09849,LV,5.40001
BP09850,LV,35.19404
BP09851,LV,32.50802
BP09852,LV,34.82371
BP09853,LV,32.78524
BP09854,LV,36.20714
BP09855,LV,18.32917
BP09856,LV,33.63227
BP09857,LV,32.0226
BP09858,LV,32.89423
BP09859,LV,32.40804
BP09860,LV,31.18851
BP09861,LV,31.77222
BP09862,LV,34.50636
BP09863,LV,34.12943
BP09864,LV,34.39398
BP09865,LV,31.59238
BP09866,LV,33.09912
BP09867,LV,32.95728
BP09868,LV,35.39471
BP09869,LV,39.89792
BP09870,LV,31.83539
BP09871,LV,33.32804
BP09872,LV,32.99415
BP09873,LV,30.63833
BP09874,LV,31.96114
BP09875,LV,31.78617
BP09876,LV,33.54383
BP09877,LV,33.51271
BP09878,LV,32.85919
BP09879,LV,35.22376
BP09880,LV,34.71852
BP09881,LV,34.14901
BP09882,LV,30.18045
BP09883,LV,33.37739
BP09884,LV,33.71034
BP09885,LV,35.38241
BP09886,LV,35.57329
BP09887,LV,34.29019
BP09888,LV,33.25927
BP09889,LV,34.09058
BP09890,LV,31.15678
BP09891,LV,35.27339
BP09892,LV,33.44117
BP09893,LV,41.38415
BP09894,LV,33.40545
BP09895,LV,40.25674
BP09896,LV,31.45
BP09897,LV,43.93997
BP09898,LV,60.00438
BP09899,LV,37.77176
BP09900,LV,32.81321
BP09901,LV,50.90904
BP09902,LV,60.06047
BP09903,LV,35.23572
BP09904,LV,54.77512
BP09905,LV,37.47224
BP09906,LV,37.64466
BP09907,LV,35.94125
BP09908,LV,38.96198
BP09909,LV,35.75546
BP09910,LV,40.07949
BP09911,LV,35.9444
BP09912,LV,37.28514
BP09913,LV,35.24436
BP09914,LV,36.60142
BP09915,LV,32.16213
BP09916,LV,36.37895
BP09917,LV,37.10249
BP09918,LV,37.575
BP09919,LV,38.642
BP09920,LV,37.66243
BP09921,LV,35.02624
BP09922,LV,57.82059
BP09923,LV,55.80345
BP09924,LV,34.65968
BP09925,LV,33.3035
BP09926,LV,32.98918
BP09927,LV,33.5814
BP09928,LV,34.17937
BP09929,LV,33.08585
BP09930,LV,34.08449
BP09931,LV,32.31895
BP09932,LV,37.10957
BP09933,LV,57.70424
BP09934,LV,60.57453
BP09935,LV,33.62049
BP09936,LV,32.61474
BP09937,LV,32.84431
BP09938,LV,33.24004
BP09939,LV,35.88255
BP09940,LV,33.80921
BP09941,LV,33.00391
BP09942,LV,34.23233
BP09943,LV,34.33544
BP09944,LV,37.43284
BP09945,LV,34.67099
BP09946,LV,35.43373
BP09947,LV,35.22326
BP09948,LV,35.87232
BP09949,LV,35.35863
BP09950,LV,38.24642
BP09951,LV,38.7904
BP09952,LV,36.11752
BP09953,LV,40.40541
BP09954,LV,34.8589
BP09955,LV,35.19762
BP09956,LV,38.68124
BP09957,LV,38.47667
BP09958,LV,32.20325
BP09959,LV,32.4612
BP09960,LV,35.46228
BP09961,LV,35.21573
BP09962,LV,40.29471
BP09963,LV,35.78517
BP09964,LV,36.37785
BP09965,LV,37.7998
BP09966,LV,40.03855
BP09967,LV,32.22495
BP09968,LV,30.58386
BP09969,LV,32.12028
BP09970,LV,30.60017
BP09971,LV,33.37607
BP09972,LV,32.94304
BP09973,LV,19.22106
BP09974,LV,37.23236
BP09975,LV,33.84272
BP09976,LV,37.66338
BP09977,LV,36.93289
BP09978,LV,34.17021
BP09979,LV,33.96291
BP09980,LV,34.22677
BP09981,LV,34.29139
BP09982,LV,36.78468
BP09983,LV,33.22922
BP09984,LV,32.87468
BP09985,LV,31.59421
BP09986,LV,33.37869
BP09987,LV,33.15102
BP09988,LV,32.28946
BP09989,LV,31.47887
BP09990,LV,18.68825
BP09991,LV,33.56554
BP09992,LV,34.40426
BP09993,LV,30.80619
BP09994,LV,19.50946
BP09995,LV,33.36469
BP09996,LV,19.74664
BP09997,LV,17.65781
BP09998,LV,35.26261
BP09999,LV,37.37275
BP10000,LV,58.18103
BP10001,LV,46.39333
BP10002,LV,35.54587
BP10003,LV,32.4486
BP10004,LV,36.34793
BP10005,LV,36.19895
BP10006,LV,20.39224
BP10007,LV,36.77492
BP10008,LV,35.73828
BP10009,LV,34.67659
BP10010,LV,36.83989
BP10011,LV,36.50863
BP10012,LV,36.40862
BP10013,LV,37.62412
BP10014,LV,36.40485
BP10015,LV,37.71382
BP10016,LV,35.69504
BP10017,LV,33.06826
BP10018,LV,32.98922
BP10019,LV,34.36374
BP10020,LV,33.81386
BP10021,LV,38.73685
BP10022,LV,36.52002
BP10023,LV,37.04235
BP10024,LV,41.10401
BP10025,LV,34.80024
BP10026,LV,33.48582
BP10027,LV,33.5335
BP10028,LV,34.80686
BP10029,LV,33.36206
BP10030,LV,33.51559
BP10031,LV,35.1418
BP10032,LV,34.96511
BP10033,LV,34.32499
BP10034,LV,35.71461
BP10035,LV,36.12256
BP10036,LV,34.29225
BP10037,LV,32.02262
BP10038,LV,35.3324
BP10039,LV,33.09232
BP10040,LV,37.61638
BP10041,LV,3.93628
BP10042,LV,40.68677
BP10043,LV,41.67367
BP10044,LV,43.2051
BP10045,LV,35.1723
BP10046,LV,35.94568
BP10047,LV,36.43998
BP10048,LV,36.68278
BP10049,LV,43.4124
BP10050,LV,37.91857
BP10051,LV,34.67556
BP10052,LV,37.81136
BP10053,LV,36.93989
BP10054,LV,36.64543
BP10055,LV,40.74199
BP10056,LV,36.51153
BP10057,LV,40.84365
BP10058,LV,38.84012
BP10059,LV,40.5145
BP10060,LV,43.19159
BP10061,LV,40.56757
BP10062,LV,34.89556
BP10063,LV,36.04107
BP10064,LV,36.54646
BP10065,LV,35.75505
BP10066,LV,34.97481
BP10067,LV,37.68736
BP10068,LV,31.70825
BP10069,LV,36.40074
BP10070,LV,40.38756
BP10071,LV,39.29433
BP10072,LV,37.34232
BP10073,LV,35.44867
BP10074,LV,38.90723
BP10075,LV,38.86262
BP10076,LV,43.29663
BP10077,LV,34.17245
BP10078,LV,34.10957
BP10079,LV,34.6937
BP10080,LV,32.66678
BP10081,LV,43.18506
BP10082,LV,36.01822
BP10083,LV,35.03819
BP10084,LV,33.81219
BP10085,LV,37.74518
BP10086,LV,36.82693
BP10087,LV,35.49042
BP10088,LV,38.30121
BP10089,LV,35.92021
BP10090,LV,38.13972
BP10091,LV,53.31466
BP10092,LV,36.23138
BP10093,LV,46.8489
BP10094,LV,38.06594
BP10095,LV,41.84274
BP10096,LV,55.55135
BP10097,LV,39.50583
BP10098,LV,41.13025
BP10099,LV,62.45356
BP10100,LV,66.8479
BP10101,LV,55.23469
BP10102,LV,65.87698
BP10103,LV,41.637
BP10104,LV,67.32773
BP10105,LV,82.30413
BP10106,LV,69.51764
BP10107,LV,55.76176
BP10108,LV,66.23742
BP10109,LV,65.43134
BP10110,LV,48.55469
BP10111,LV,72.30646
BP10112,LV,52.2266
BP10113,LV,77.73796
BP10114,LV,83.23878
BP10115,LV,76.03714
BP10116,LV,63.94917
BP10117,LV,73.50135
BP10118,LV,79.84684
BP10119,LV,62.04546
BP10120,LV,75.82178
BP10121,LV,52.75579
BP10122,LV,52.67852
BP10123,LV,52.87409
BP10124,LV,51.54286
BP10125,LV,100.0
BP10126,LV,60.7839
BP10127,LV,50.48727
BP10128,LV,50.99073
BP10129,LV,45.81732
BP10130,LV,44.6464
BP10131,LV,48.60177
BP10132,LV,45.57338
BP10133,LV,44.22011
BP10134,LV,46.70612
BP10135,LV,42.19981
BP10136,LV,45.02025
BP10137,LV,45.14018
BP10138,LV,44.58959
BP10139,LV,42.6556
BP10140,LV,43.42071
BP10141,LV,41.72745
BP10142,LV,40.88998
BP10143,LV,42.27133
BP10144,LV,39.32782
BP10145,LV,41.49201
BP10146,LV,39.06004
BP10147,LV,39.38265
BP10148,LV,39.51276
BP10149,LV,40.53533
BP10150,LV,40.82543
BP10151,LV,42.2407
BP10152,LV,68.49274
BP10153,LV,42.20195
BP10154,LV,42.31021
BP10155,LV,40.87358
BP10156,LV,43.99742
BP10157,LV,39.0295
BP10158,LV,38.18492
BP10159,LV,38.29142
BP10160,LV,34.77934
BP10161,LV,38.02757
BP10162,LV,36.11732
BP10163,LV,36.76774
BP10164,LV,37.28837
BP10165,LV,37.70335
BP10166,LV,36.95068
BP10167,LV,53.76706
BP10168,LV,36.61238
BP10169,LV,38.799
BP10170,LV,37.61746
BP10171,LV,40.24846
BP10172,LV,38.31579
BP10173,LV,35.07187
BP10174,LV,34.56524
BP10175,LV,36.1232
BP10176,LV,35.81211
BP10177,LV,34.83911
BP10178,LV,38.1183
BP10179,LV,37.61804
BP10180,LV,37.54224
BP10181,LV,37.04804
BP10182,LV,37.37699
BP10183,LV,37.2119
BP10184,LV,37.79912
BP10185,LV,36.44154
BP10186,LV,36.83604
BP10187,LV,36.66717
BP10188,LV,36.01267
BP10189,LV,38.05408
BP10190,LV,35.63327
BP10191,LV,35.82463
BP10192,LV,34.37091
BP10193,LV,35.47394
BP10194,LV,37.4066
BP10195,LV,59.6932
BP10196,LV,67.02531
BP10197,LV,79.20411
BP10198,LV,37.56507
BP10199,LV,40.76113
BP10200,LV,44.29576
BP10201,LV,36.84944
BP10202,LV,36.50132
BP10203,LV,47.80268
BP10204,LV,38.21748
BP10205,LV,41.03795
BP10206,LV,37.88007
BP10207,LV,34.79643
BP10208,LV,41.71921
BP10209,LV,35.68213
BP10210,LV,34.52453
BP10211,LV,36.68548
BP10212,LV,42.44734
BP10213,LV,36.0731
BP10214,LV,37.0162
BP10215,LV,38.03074
BP10216,LV,35.28143
BP10217,LV,35.95408
BP10218,LV,35.35835
BP10219,LV,33.10292
BP10220,LV,33.91713
BP10221,LV,38.09364
BP10222,LV,35.00048
BP10223,LV,32.35221
BP10224,LV,36.6311
BP10225,LV,35.28706
BP10226,LV,35.12518
BP10227,LV,35.80734
BP10228,LV,33.10611
BP10229,LV,34.30786
BP10230,LV,35.94741
BP10231,LV,36.2947
BP10232,LV,34.46189
BP10233,LV,36.95307
BP10234,LV,36.32446
BP10235,LV,37.2836
BP10236,LV,35.57554
BP10237,LV,40.113
BP10238,LV,36.28642
BP10239,LV,35.60263
BP10240,LV,34.27551
BP10241,LV,33.59567
BP10242,LV,35.90279
BP10243,LV,35.57301
BP10244,LV,39.57345
BP10245,LV,32.60538
BP10246,LV,32.27697
BP10247,LV,31.18864
BP10248,LV,40.15758
BP10249,LV,37.6037
BP10250,LV,41.33901
BP10251,LV,39.42826
BP10252,LV,65.72193
BP10253,LV,75.74918
BP10254,LV,78.51618
BP10255,LV,75.76087
BP10256,LV,75.70702
BP10257,LV,74.63861
BP10258,LV,78.6551
BP10259,LV,77.72467
BP10260,LV,58.21603
BP10261,LV,94.27572
BP10262,LV,56.51683
BP10263,LV,56.27803
BP10264,LV,53.1375
BP10265,LV,33.79985
BP10266,LV,35.44739
BP10267,LV,34.82538
BP10268,LV,18.33105
BP10269,LV,32.64878
BP10270,LV,30.81942
BP10271,LV,31.72822
BP10272,LV,32.9603
BP10273,LV,31.55439
BP10274,LV,34.80581
BP10275,LV,31.89683
BP10276,LV,19.11626
BP10277,LV,32.97025
BP10278,LV,34.65295
BP10279,LV,31.28
BP10280,LV,31.88437
BP10281,LV,18.03452
BP10282,LV,33.98163
BP10283,LV,44.06915
BP10284,LV,33.77635
BP10285,LV,32.11869
BP10286,LV,32.32788
BP10287,LV,33.22154
BP10288,LV,33.6428
BP10289,LV,31.247
BP10290,LV,34.04776
BP10291,LV,30.72626
BP10292,LV,35.28897
BP10293,LV,35.83838
BP10294,LV,33.46218
BP10295,LV,31.76005
BP10296,LV,32.89514
BP10297,LV,34.16733
BP10298,LV,34.74491
BP10299,LV,31.07886
BP10300,LV,31.48043
BP10301,LV,31.86952
BP10302,LV,35.63434
BP10303,LV,38.89869
BP10304,LV,33.06316
BP10305,LV,33.43213
BP10306,LV,32.87317
BP10307,LV,34.27922
BP10308,LV,31.58917
BP10309,LV,31.06653
BP10310,LV,29.2184
BP10311,LV,31.85198
BP10312,LV,18.31951
BP10313,LV,32.95899
BP10314,LV,32.69396
BP10315,LV,32.50916
BP10316,LV,31.84736
BP10317,LV,60.35072
BP10318,LV,59.29623
BP10319,LV,66.08751
BP10320,LV,33.52637
BP10321,LV,32.74437
BP10322,LV,32.43569
BP10323,LV,33.24286
BP10324,LV,31.07273
BP10325,LV,18.45399
BP10326,LV,31.2884
BP10327,LV,30.43294
BP10328,LV,31.60791
BP10329,LV,32.35858
BP10330,LV,30.94005
BP10331,LV,30.02421
BP10332,LV,31.60744
BP10333,LV,30.52382
BP10334,LV,32.20847
BP10335,LV,33.87412
BP10336,LV,31.69088
BP10337,LV,33.7692
BP10338,LV,34.73874
BP10339,LV,35.722
BP10340,LV,33.65771
BP10341,LV,31.24587
BP10342,LV,34.73635
BP10343,LV,44.63644
BP10344,LV,50.31116
BP10345,LV,37.93924
BP10346,LV,37.08405
BP10347,LV,32.58462
BP10348,LV,18.44936
BP10349,LV,33.01615
BP10350,LV,33.87437
BP10351,LV,35.10225
BP10352,LV,33.45951
BP10353,LV,17.43189
BP10354,LV,34.24389
BP10355,LV,30.88653
BP10356,LV,35.92781
BP10357,LV,33.34069
BP10358,LV,32.17265
BP10359,LV,32.91433
BP10360,LV,33.16451
BP10361,LV,59.51659
BP10362,LV,32.08437
BP10363,LV,31.56938
BP10364,LV,30.41254
BP10365,LV,31.08743
BP10366,LV,31.41014
BP10367,LV,32.92401
BP10368,LV,30.94656
BP10369,LV,31.0494
BP10370,LV,30.56886
BP10371,LV,33.34047
BP10372,LV,30.21609
BP10373,LV,31.29266
BP10374,LV,32.57393
BP10375,LV,31.54692
BP10376,LV,33.52108
BP10377,LV,43.59053
BP10378,LV,36.56501
BP10379,LV,40.05482
BP10380,LV,18.34075
BP10381,LV,32.10879
BP10382,LV,31.86813
BP10383,LV,30.20622
BP10384,LV,30.80409
BP10385,LV,34.59766
BP10386,LV,34.56674
BP10387,LV,33.57524
BP10388,LV,30.32007
BP10389,LV,31.14784
BP10390,LV,33.42079
BP10391,LV,34.37727
BP10392,LV,36.09805
BP10393,LV,47.13765
BP10394,LV,34.75241
BP10395,LV,34.47804
BP10396,LV,32.73043
BP10397,LV,35.62326
BP10398,LV,30.42133
BP10399,LV,32.20117
BP10400,LV,35.26042
BP10401,LV,32.35074
BP10402,LV,30.42121
BP10403,LV,34.37658
BP10404,LV,19.86971
BP10405,LV,30.86848
BP10406,LV,19.4455
BP10407,LV,18.40094
BP10408,LV,32.55987
BP10409,LV,30.76162
BP10410,LV,33.27819
BP10411,LV,34.23068
BP10412,LV,35.24995
BP10413,LV,32.06003
BP10414,LV,32.20145
BP10415,LV,30.92315
BP10416,LV,34.84035
BP10417,LV,32.90993
BP10418,LV,31.17164
BP10419,LV,31.0713
BP10420,LV,17.97263
BP10421,LV,38.12502
BP10422,LV,32.93082
BP10423,LV,32.90781
BP10424,LV,33.32789
BP10425,LV,31.70467
BP10426,LV,33.28388
BP10427,LV,32.51112
BP10428,LV,17.74887
BP10429,LV,29.24686
BP10430,LV,31.34207
BP10431,LV,17.98944
BP10432,LV,39.0122
BP10433,LV,19.14983
BP10434,LV,33.06915
BP10435,LV,31.09717
BP10436,LV,38.76258
BP10437,LV,17.18708
BP10438,LV,34.30433
BP10439,LV,18.89625
BP10440,LV,31.10796
BP10441,LV,33.20006
BP10442,LV,37.73525
BP10443,LV,31.77504
BP10444,LV,37.43608
BP10445,LV,38.1533
BP10446,LV,37.9076
BP10447,LV,40.89702
BP10448,LV,37.74512
BP10449,LV,40.98217
BP10450,LV,34.8569
BP10451,LV,34.30861
BP10452,LV,40.98132
BP10453,LV,30.85478
BP10454,LV,31.60397
BP10455,LV,35.31654
BP10456,LV,34.1807
BP10457,LV,33.92735
BP10458,LV,33.31591
BP10459,LV,34.58763
BP10460,LV,31.18687
BP10461,LV,35.76672
BP10462,LV,32.75631
BP10463,LV,43.34429
BP10464,LV,32.8759
BP10465,LV,35.41357
BP10466,LV,33.53741
BP10467,LV,33.24327
BP10468,LV,32.55491
BP10469,LV,34.68702
BP10470,LV,35.28519
BP10471,LV,34.70165
BP10472,LV,32.39195
BP10473,LV,35.62441
BP10474,LV,34.29476
BP10475,LV,35.90885
BP10476,LV,28.22493
BP10477,LV,32.86767
BP10478,LV,33.87294
BP10479,LV,33.50599
BP10480,LV,28.71349
BP10481,LV,32.79737
BP10482,LV,31.15213
BP10483,LV,18.82156
BP10484,LV,33.38682
BP10485,LV,31.85566
BP10486,LV,37.1977
BP10487,LV,35.87172
BP10488,LV,38.6159
BP10489,LV,35.55009
BP10490,LV,33.88594
BP10491,LV,33.83612
BP10492,LV,33.78692
BP10493,LV,31.29417
BP10494,LV,34.0224
BP10495,LV,34.64583
BP10496,LV,35.29213
BP10497,LV,33.72031
BP10498,LV,37.13221
BP10499,LV,32.54784
BP10500,LV,18.16426
BP10501,LV,39.5625
BP10502,LV,48.13887
BP10503,LV,59.16302
BP10504,LV,43.82962
BP10505,LV,38.75576
BP10506,LV,88.0522
BP10507,LV,39.22945
BP10508,LV,37.51159
BP10509,LV,36.61566
BP10510,LV,34.74854
BP10511,LV,35.93946
BP10512,LV,36.26576
BP10513,LV,34.60916
BP10514,LV,33.15629
BP10515,LV,35.33921
BP10516,LV,32.96418
BP10517,LV,36.01296
BP10518,LV,31.50751
BP10519,LV,36.57456
BP10520,LV,36.56894
BP10521,LV,44.65194
BP10522,LV,36.03603
BP10523,LV,32.0256
BP10524,LV,32.17889
BP10525,LV,36.92966
BP10526,LV,29.82695
BP10527,LV,17.54322
BP10528,LV,33.9975
BP10529,LV,28.1729
BP10530,LV,31.0403
BP10531,LV,31.84187
BP10532,LV,33.85546
BP10533,LV,33.92853
BP10534,LV,31.72962
BP10535,LV,18.26878
BP10536,LV,42.05339
BP10537,LV,33.8948
BP10538,LV,37.6456
BP10539,LV,31.34024
BP10540,LV,33.50633
BP10541,LV,30.83609
BP10542,LV,31.57669
BP10543,LV,33.12142
BP10544,LV,28.92885
BP10545,LV,30.93965
BP10546,LV,32.23384
BP10547,LV,31.20568
BP10548,LV,33.93194
BP10549,LV,33.28964
BP10550,LV,31.4468
BP10551,LV,17.77114
BP10552,LV,31.57257
BP10553,LV,30.86972
BP10554,LV,33.97079
BP10555,LV,34.00846
BP10556,LV,30.70587
BP10557,LV,18.30101
BP10558,LV,31.31923
BP10559,LV,33.11529
BP10560,LV,18.61976
BP10561,LV,32.04035
BP10562,LV,33.0535
BP10563,LV,33.67381
BP10564,LV,33.61739
BP10565,LV,31.12544
BP10566,LV,33.19566
BP10567,LV,35.07102
BP10568,LV,35.23234
BP10569,LV,34.73519
BP10570,LV,32.89124
BP10571,LV,34.36459
BP10572,LV,31.82976
BP10573,LV,37.44414
BP10574,LV,32.65012
BP10575,LV,32.05746
BP10576,LV,36.36927
BP10577,LV,33.53442
BP10578,LV,37.78274
BP10579,LV,32.5932
BP10580,LV,36.18963
BP10581,LV,33.01352
BP10582,LV,33.53141
BP10583,LV,34.09871
BP10584,LV,17.41336
BP10585,LV,35.83177
BP10586,LV,33.13263
BP10587,LV,32.44467
BP10588,LV,32.05457
BP10589,LV,32.96375
BP10590,LV,33.70015
BP10591,LV,32.35272
BP10592,LV,31.34838
BP10593,LV,32.20559
BP10594,LV,32.40581
BP10595,LV,35.50395
BP10596,LV,29.29423
BP10597,LV,38.37729
BP10598,LV,28.21783
BP10599,LV,35.11841
BP10600,LV,30.9365
BP10601,LV,33.33353
BP10602,LV,29.27788
BP10603,LV,32.91981
BP10604,LV,31.18876
BP10605,LV,33.00385
BP10606,LV,34.44831
BP10607,LV,29.59329
BP10608,LV,29.72046
BP10609,LV,33.0582
BP10610,LV,30.44555
BP10611,LV,16.90106
BP10612,LV,27.70656
BP10613,LV,30.06896
BP10614,LV,28.87607
BP10615,LV,41.74301
BP10616,LV,40.00398
BP10617,LV,32.13077
BP10618,LV,34.72334
BP10619,LV,31.56047
BP10620,LV,19.49255
BP10621,LV,31.69325
BP10622,LV,30.16409
BP10623,LV,32.67886
BP10624,LV,31.44942
BP10625,LV,36.77675
BP10626,LV,29.57846
BP10627,LV,29.606
BP10628,LV,20.71807
BP10629,LV,27.68737
BP10630,LV,18.51599
BP10631,LV,31.66511
BP10632,LV,33.96521
BP10633,LV,30.29949
BP10634,LV,29.52411
BP10635,LV,32.05365
BP10636,LV,28.32079
BP10637,LV,21.92707
BP10638,LV,30.85955
BP10639,LV,33.59084
BP10640,LV,28.68904
BP10641,LV,28.58573
BP10642,LV,28.64061
BP10643,LV,27.88982
BP10644,LV,30.1631
BP10645,LV,31.0498
BP10646,LV,31.87221
BP10647,LV,30.33406
BP10648,LV,33.32684
BP10649,LV,31.53989
BP10650,LV,29.0118
BP10651,LV,30.3012
BP10652,LV,35.34714
BP10653,LV,28.9963
BP10654,LV,29.73924
BP10655,LV,31.5793
BP10656,LV,30.07857
BP10657,LV,36.71006
BP10658,LV,33.33966
BP10659,LV,33.64171
BP10660,LV,37.0525
BP10661,LV,43.79552
BP10662,LV,40.01681
BP10663,LV,29.97658
BP10664,LV,30.988
BP10665,LV,35.5991
BP10666,LV,32.47351
BP10667,LV,41.61521
BP10668,LV,30.97944
BP10669,LV,32.27064
BP10670,LV,38.65272
BP10671,LV,34.5116
BP10672,LV,34.36081
BP10673,LV,30.97327
BP10674,LV,39.76375
BP10675,LV,35.1773
BP10676,LV,35.53802
BP10677,LV,36.24094
BP10678,LV,35.02364
BP10679,LV,34.84865
BP10680,LV,36.63394
BP10681,LV,32.82497
BP10682,LV,31.66393
BP10683,LV,34.28759
BP10684,LV,33.36244
BP10685,LV,33.22912
BP10686,LV,31.78425
BP10687,LV,32.60183
BP10688,LV,32.12923
BP10689,LV,35.00303
BP10690,LV,34.40634
BP10691,LV,45.26853
BP10692,LV,58.4611
BP10693,LV,37.2607
BP10694,LV,33.33136
BP10695,LV,18.2023
BP10696,LV,34.08214
BP10697,LV,34.1165
BP10698,LV,35.94497
BP10699,LV,35.01176
BP10700,LV,32.61297
BP10701,LV,34.55475
BP10702,LV,29.82254
BP10703,LV,30.74501
BP10704,LV,33.83049
BP10705,LV,33.73147
BP10706,LV,32.64029
BP10707,LV,32.34846
BP10708,LV,38.22245
BP10709,LV,32.66092
BP10710,LV,34.69609
BP10711,LV,33.75422
BP10712,LV,36.37631
BP10713,LV,31.42759
BP10714,LV,37.27567
BP10715,LV,18.35445
BP10716,LV,32.9327
BP10717,LV,36.94286
BP10718,LV,29.58733
BP10719,LV,31.5116
BP10720,LV,30.20204
BP10721,LV,30.91297
BP10722,LV,29.68026
BP10723,LV,30.5451
BP10724,LV,32.73058
BP10725,LV,28.77427
BP10726,LV,32.17483
BP10727,LV,33.53661
BP10728,LV,29.32019
BP10729,LV,29.84732
BP10730,LV,31.92944
BP10731,LV,20.49355
BP10732,LV,28.52232
BP10733,LV,31.99962
BP10734,LV,20.52529
BP10735,LV,30.01278
BP10736,LV,7.8372
BP10737,LV,43.04865
BP10738,LV,29.24961
BP10739,LV,16.49493
BP10740,LV,36.88826
BP10741,LV,30.74426
BP10742,LV,40.29214
BP10743,LV,32.27199
BP10744,LV,45.42299
BP10745,LV,33.43605
BP10746,LV,30.15697
BP10747,LV,29.74028
BP10748,LV,30.17802
BP10749,LV,16.47147
BP10750,LV,32.84619
BP10751,LV,29.46612
BP10752,LV,33.06793
BP10753,LV,30.62206
BP10754,LV,33.17959
BP10755,LV,33.33474
BP10756,LV,18.52357
BP10757,LV,32.83556
BP10758,LV,31.7677
BP10759,LV,34.49169
BP10760,LV,32.28159
BP10761,LV,29.20861
BP10762,LV,34.63809
BP10763,LV,28.25215
BP10764,LV,30.64444
BP10765,LV,33.49765
BP10766,LV,30.2383
BP10767,LV,41.7543
BP10768,LV,30.45577
BP10769,LV,31.50179
BP10770,LV,29.60583
BP10771,LV,14.56926
BP10772,LV,33.19745
BP10773,LV,33.79585
BP10774,LV,34.13592
BP10775,LV,31.786
BP10776,LV,34.06046
BP10777,LV,31.70165
BP10778,LV,19.79234
BP10779,LV,30.13682
BP10780,LV,36.07658
BP10781,LV,31.53354
BP10782,LV,33.51694
BP10783,LV,30.90282
BP10784,LV,32.78438
BP10785,LV,29.97784
BP10786,LV,31.68775
BP10787,LV,32.27095
BP10788,LV,31.2069
BP10789,LV,17.44094
BP10790,LV,30.15382
BP10791,LV,29.37851
BP10792,LV,30.90883
BP10793,LV,31.4155
BP10794,LV,19.29034
BP10795,LV,34.25879
BP10796,LV,17.583
BP10797,LV,17.10216
BP10798,LV,29.28195
BP10799,LV,30.55814
BP10800,LV,41.43791
BP10801,LV,30.04808
BP10802,LV,37.51989
BP10803,LV,31.71194
BP10804,LV,20.67394
BP10805,LV,35.95558
BP10806,LV,33.33324
BP10807,LV,22.87013
BP10808,LV,36.69635
BP10809,LV,45.07149
BP10810,LV,33.06116
BP10811,LV,32.01509
BP10812,LV,33.93999
BP10813,LV,33.88313
BP10814,LV,33.10279
BP10815,LV,34.28315
BP10816,LV,32.34159
BP10817,LV,36.41845
BP10818,LV,32.49016
BP10819,LV,31.59363
BP10820,LV,33.50385
BP10821,LV,61.78279
BP10822,LV,32.2737
BP10823,LV,29.93306
BP10824,LV,31.94738
BP10825,LV,33.80433
BP10826,LV,34.0839
BP10827,LV,35.55873
BP10828,LV,39.08676
BP10829,LV,30.34011
BP10830,LV,31.75003
BP10831,LV,31.74197
BP10832,LV,31.25016
BP10833,LV,32.37586
BP10834,LV,34.18169
BP10835,LV,36.20079
BP10836,LV,33.15822
BP10837,LV,38.88531
BP10838,LV,36.29304
BP10839,LV,34.4775
BP10840,LV,33.93493
BP10841,LV,32.72415
BP10842,LV,36.34523
BP10843,LV,31.69991
BP10844,LV,34.32413
BP10845,LV,30.89215
BP10846,LV,31.70947
BP10847,LV,35.55262
BP10848,LV,31.60187
BP10849,LV,38.68763
BP10850,LV,35.76212
BP10851,LV,31.90848
BP10852,LV,32.19602
BP10853,LV,29.15422
BP10854,LV,33.98212
BP10855,LV,32.1236
BP10856,LV,33.88004
BP10857,LV,31.5294
BP10858,LV,34.74274
BP10859,LV,35.5916
BP10860,LV,36.05435
BP10861,LV,48.18794
BP10862,LV,35.00172
BP10863,LV,32.93848
BP10864,LV,35.67932
BP10865,LV,35.09573
BP10866,LV,32.57431
BP10867,LV,36.85195
BP10868,LV,17.73241
BP10869,LV,45.41648
BP10870,LV,35.97585
BP10871,LV,33.56721
BP10872,LV,37.17827
BP10873,LV,28.41759
BP10874,LV,38.7055
BP10875,LV,36.80932
BP10876,LV,33.42063
BP10877,LV,32.22878
BP10878,LV,36.47326
BP10879,LV,34.68284
BP10880,LV,35.28184
BP10881,LV,31.83138
BP10882,LV,31.39109
BP10883,LV,31.8856
BP10884,LV,37.71522
BP10885,LV,33.29282
BP10886,LV,18.33786
BP10887,LV,36.68446
BP10888,LV,16.51708
BP10889,LV,31.72908
BP10890,LV,29.29226
BP10891,LV,31.2825
BP10892,LV,36.10853
BP10893,LV,36.35144
BP10894,LV,32.85751
BP10895,LV,36.21073
BP10896,LV,34.17356
BP10897,LV,35.78608
BP10898,LV,28.93646
BP10899,LV,32.83458
BP10900,LV,17.47699
BP10901,LV,18.50323
BP10902,LV,32.86897
BP10903,LV,29.94914
BP10904,LV,39.70364
BP10905,LV,36.55941
BP10906,LV,16.68715
BP10907,LV,33.96563
BP10908,LV,29.13585
BP10909,LV,30.12096
BP10910,LV,31.55639
BP10911,LV,31.27515
BP10912,LV,17.38584
BP10913,LV,28.97938
BP10914,LV,29.14444
BP10915,LV,29.4167
BP10916,LV,16.37935
BP10917,LV,29.0706
BP10918,LV,30.50628
BP10919,LV,27.91378
BP10920,LV,31.44571
BP10921,LV,29.9379
BP10922,LV,7.90782
BP10923,LV,27.85427
BP10924,LV,32.30821
BP10925,LV,8.209
BP10926,LV,36.55956
BP10927,LV,31.15175
BP10928,LV,31.29157
BP10929,LV,35.23658
BP10930,LV,31.42913
BP10931,LV,30.86648
BP10932,LV,30.10242
BP10933,LV,32.19545
BP10934,LV,33.18593
BP10935,LV,30.80693
BP10936,LV,30.24286
BP10937,LV,17.33202
BP10938,LV,32.70201
BP10939,LV,33.27498
BP10940,LV,31.73987
BP10941,LV,48.2087
BP10942,LV,32.66851
BP10943,LV,33.07258
BP10944,LV,28.13409
BP10945,LV,31.17281
BP10946,LV,35.12594
BP10947,LV,32.41908
BP10948,LV,35.80736
BP10949,LV,32.97151
BP10950,LV,34.51907
BP10951,LV,33.5923
BP10952,LV,29.93054
BP10953,LV,32.67624
BP10954,LV,34.75094
BP10955,LV,34.74301
BP10956,LV,33.33193
BP10957,LV,18.12152
BP10958,LV,38.82474
BP10959,LV,30.27424
BP10960,LV,35.54902
BP10961,LV,31.68412
BP10962,LV,17.67528
BP10963,LV,7.77046
BP10964,LV,29.38862
BP10965,LV,27.66367
BP10966,LV,42.48787
BP10967,LV,33.77195
BP10968,LV,28.97608
BP10969,LV,29.82181
BP10970,LV,30.42674
BP10971,LV,29.38269
BP10972,LV,28.53412
BP10973,LV,7.74301
BP10974,LV,30.88902
BP10975,LV,32.87026
BP10976,LV,36.30778
BP10977,LV,33.9554
BP10978,LV,34.17236
BP10979,LV,35.11741
BP10980,LV,38.95482
BP10981,LV,19.06006
BP10982,LV,30.67
BP10983,LV,35.58841
BP10984,LV,18.6103
BP10985,LV,30.28351
BP10986,LV,33.26969
BP10987,LV,34.43021
BP10988,LV,33.61491
BP10989,LV,36.88263
BP10990,LV,43.11813
BP10991,LV,37.92337
BP10992,LV,39.32331
BP10993,LV,35.57826
BP10994,LV,35.02765
BP10995,LV,38.41478
BP10996,LV,36.12577
BP10997,LV,38.97045
BP10998,LV,31.90394
BP10999,LV,34.58243
BP11000,LV,29.26601
BP11001,LV,31.21754
BP11002,LV,36.9325
BP11003,LV,40.52307
BP11004,LV,40.65971
BP11005,LV,30.69768
BP11006,LV,35.14381
BP11007,LV,38.04361
BP11008,LV,31.46387
BP11009,LV,40.16389
BP11010,LV,37.77314
BP11011,LV,33.28988
BP11012,LV,33.95763
BP11013,LV,42.41107
BP11014,LV,33.73134
BP11015,LV,34.43774
BP11016,LV,17.75583
BP11017,LV,37.05973
BP11018,LV,35.31655
BP11019,LV,32.78216
BP11020,LV,33.83571
BP11021,LV,34.15173
BP11022,LV,28.7054
BP11023,LV,32.97611
BP11024,LV,32.54512
BP11025,LV,33.64665
BP11026,LV,35.09551
BP11027,LV,35.09828
BP11028,LV,35.12313
BP11029,LV,30.70441
BP11030,LV,19.28627
BP11031,LV,33.31143
BP11032,LV,31.32493
BP11033,LV,31.74668
BP11034,LV,28.25532
BP11035,LV,30.93794
BP11036,LV,35.12238
BP11037,LV,30.33297
BP11038,LV,31.38201
BP11039,LV,36.35113
BP11040,LV,33.99249
BP11041,LV,31.62126
BP11042,LV,31.21039
BP11043,LV,32.96961
BP11044,LV,32.45972
BP11045,LV,28.89597
BP11046,LV,35.80203
BP11047,LV,36.4581
BP11048,LV,32.14769
BP11049,LV,35.8186
BP11050,LV,33.25752
BP11051,LV,36.88425
BP11052,LV,35.30359
BP11053,LV,31.02964
BP11054,LV,29.48291
BP11055,LV,35.49268
BP11056,LV,34.62714
BP11057,LV,18.92564
BP11058,LV,16.86955
BP11059,LV,33.19781
BP11060,LV,32.40823
BP11061,LV,29.99129
BP11062,LV,32.98535
BP11063,LV,16.82003
BP11064,LV,34.19666
BP11065,LV,30.1688
BP11066,LV,32.08436
BP11067,LV,33.59205
BP11068,LV,18.04611
BP11069,LV,28.39049
BP11070,LV,32.21197
BP11071,LV,30.77168
BP11072,LV,30.83703
BP11073,LV,31.77561
BP11074,LV,31.18328
BP11075,LV,28.13291
BP11076,LV,29.88783
BP11077,LV,45.95718
BP11078,LV,34.92194
BP11079,LV,41.76991
BP11080,LV,48.77606
BP11081,LV,32.39536
BP11082,LV,31.70674
BP11083,LV,33.37082
BP11084,LV,31.72625
BP11085,LV,32.44123
BP11086,LV,31.89603
BP11087,LV,29.8258
BP11088,LV,29.28958
BP11089,LV,17.73423
BP11090,LV,30.80283
BP11091,LV,31.08098
BP11092,LV,29.10302
BP11093,LV,20.89514
BP11094,LV,34.43737
BP11095,LV,38.37326
BP11096,LV,34.58282
BP11097,LV,35.3805
BP11098,LV,32.38782
BP11099,LV,28.9506
BP11100,LV,17.2734
BP11101,LV,29.31511
BP11102,LV,28.77388
BP11103,LV,32.6619
BP11104,LV,31.74899
BP11105,LV,28.02926
BP11106,LV,33.12267
BP11107,LV,32.18421
BP11108,LV,32.72341
BP11109,LV,21.29842
BP11110,LV,30.54232
BP11111,LV,16.37112
BP11112,LV,30.67784
BP11113,LV,27.90036
BP11114,LV,32.31732
BP11115,LV,17.82572
BP11116,LV,36.36436
BP11117,LV,33.7976
BP11118,LV,29.98294
BP11119,LV,29.00798
BP11120,LV,19.55141
BP11121,LV,17.15465
BP11122,LV,32.56066
BP11123,LV,28.81247
BP11124,LV,32.99145
BP11125,LV,27.98411
BP11126,LV,28.31884
BP11127,LV,32.92299
BP11128,LV,35.28483
BP11129,LV,30.66325
BP11130,LV,28.73794
BP11131,LV,17.55284
BP11132,LV,31.45305
BP11133,LV,48.42874
BP11134,LV,20.57116
BP11135,LV,30.76469
BP11136,LV,39.30945
BP11137,LV,30.60664
BP11138,LV,36.27314
BP11139,LV,30.55362
BP11140,LV,43.27685
BP11141,LV,42.18796
BP11142,LV,30.9627
BP11143,LV,34.05439
BP11144,LV,32.41117
BP11145,LV,31.25503
BP11146,LV,36.30191
BP11147,LV,47.20718
BP11148,LV,34.71306
BP11149,LV,32.26762
BP11150,LV,34.2569
BP11151,LV,31.70889
BP11152,LV,35.07251
BP11153,LV,29.71636
BP11154,LV,38.07818
BP11155,LV,30.66875
BP11156,LV,45.82133
BP11157,LV,16.09661
BP11158,LV,33.14339
BP11159,LV,33.14454
BP11160,LV,18.01755
BP11161,LV,33.76463
BP11162,LV,31.44368
BP11163,LV,33.29596
BP11164,LV,30.42481
BP11165,LV,29.36766
BP11166,LV,34.70779
BP11167,LV,32.97209
BP11168,LV,28.81504
BP11169,LV,28.73215
BP11170,LV,27.94385
BP11171,LV,28.34423
BP11172,LV,29.76094
BP11173,LV,29.76662
BP11174,LV,30.23838
BP11175,LV,31.49207
BP11176,LV,19.26486
BP11177,LV,32.18621
BP11178,LV,31.00109
BP11179,LV,30.20548
BP11180,LV,34.72118
BP11181,LV,30.37105
BP11182,LV,32.01475
BP11183,LV,31.75906
BP11184,LV,31.38793
BP11185,LV,32.41602
BP11186,LV,18.4474
BP11187,LV,31.44841
BP11188,LV,30.19533
BP11189,LV,18.62882
BP11190,LV,37.90386
BP11191,LV,33.14251
BP11192,LV,32.38698
BP11193,LV,31.08094
BP11194,LV,32.14725
BP11195,LV,32.79751
BP11196,LV,33.84372
BP11197,LV,32.73301
BP11198,LV,35.91712
BP11199,LV,19.65462
BP11200,LV,31.68107
BP11201,LV,27.99373
BP11202,LV,32.93222
BP11203,LV,31.91964
BP11204,LV,31.47105
BP11205,LV,29.39091
BP11206,LV,18.35283
BP11207,LV,31.45528
BP11208,LV,34.53275
BP11209,LV,29.02541
BP11210,LV,31.68964
BP11211,LV,32.35909
BP11212,LV,33.47978
BP11213,LV,29.69659
BP11214,LV,30.50782
BP11215,LV,29.93306
BP11216,LV,19.41227
BP11217,LV,31.08675
BP11218,LV,32.22562
BP11219,LV,17.69853
BP11220,LV,17.79524
BP11221,LV,28.05712
BP11222,LV,46.88296
BP11223,LV,34.02941
BP11224,LV,44.53611
BP11225,LV,31.62205
BP11226,LV,32.29533
BP11227,LV,32.82325
BP11228,LV,31.31192
BP11229,LV,36.74207
BP11230,LV,35.0721
BP11231,LV,33.34916
BP11232,LV,35.42096
BP11233,LV,36.29066
BP11234,LV,35.10513
BP11235,LV,33.34812
BP11236,LV,33.71542
BP11237,LV,34.53122
BP11238,LV,38.15617
BP11239,LV,34.38607
BP11240,LV,33.03524
BP11241,LV,34.54679
BP11242,LV,36.25854
BP11243,LV,33.494
BP11244,LV,34.29457
BP11245,LV,37.40164
BP11246,LV,36.46125
BP11247,LV,35.25955
BP11248,LV,31.90312
BP11249,LV,29.34079
BP11250,LV,31.59106
BP11251,LV,56.95077
BP11252,LV,35.57763
BP11253,LV,41.29426
BP11254,LV,34.33458
BP11255,LV,17.66155
BP11256,LV,38.57709
BP11257,LV,17.1851
BP11258,LV,37.81462
BP11259,LV,30.74439
BP11260,LV,31.12512
BP11261,LV,35.81669
BP11262,LV,36.84027
BP11263,LV,34.64912
BP11264,LV,36.3047
BP11265,LV,31.1998
BP11266,LV,52.39089
BP11267,LV,39.50682
BP11268,LV,31.79655
BP11269,LV,32.22256
BP11270,LV,37.93155
BP11271,LV,36.33051
BP11272,LV,33.44448
BP11273,LV,38.96816
BP11274,LV,37.43305
BP11275,LV,33.85056
BP11276,LV,29.93965
BP11277,LV,30.62031
BP11278,LV,17.75734
BP11279,LV,33.89692
BP11280,LV,36.46478
BP11281,LV,41.31115
BP11282,LV,36.26693
BP11283,LV,38.90506
BP11284,LV,41.12878
BP11285,LV,34.57262
BP11286,LV,30.05165
BP11287,LV,33.9942
BP11288,LV,17.90712
BP11289,LV,30.42166
BP11290,LV,30.48225
BP11291,LV,41.44098
BP11292,LV,32.30373
BP11293,LV,29.85658
BP11294,LV,31.6297
BP11295,LV,32.30262
BP11296,LV,34.6637
BP11297,LV,29.25393
BP11298,LV,37.07033
BP11299,LV,30.21203
BP11300,LV,35.23415
BP11301,LV,34.35723
BP11302,LV,17.97099
BP11303,LV,29.40585
BP11304,LV,30.72534
BP11305,LV,32.89098
BP11306,LV,32.68273
BP11307,LV,31.61936
BP11308,LV,35.44027
BP11309,LV,29.95188
BP11310,LV,29.35512
BP11311,LV,29.60629
BP11312,LV,29.82232
BP11313,LV,33.6393
BP11314,LV,29.89126
BP11315,LV,31.82818
BP11316,LV,30.64147
BP11317,LV,31.33588
BP11318,LV,36.10956
BP11319,LV,33.35638
BP11320,LV,33.97687
BP11321,LV,35.54941
BP11322,LV,18.56098
BP11323,LV,38.13576
BP11324,LV,35.43124
BP11325,LV,34.56484
BP11326,LV,33.49487
BP11327,LV,30.81904
BP11328,LV,17.76836
BP11329,LV,31.69081
BP11330,LV,18.20373
BP11331,LV,35.47998
BP11332,LV,21.46964
BP11333,LV,35.64911
BP11334,LV,17.8109
BP11335,LV,31.79651
BP11336,LV,30.50557
BP11337,LV,30.84767
BP11338,LV,35.50876
BP11339,LV,34.85961
BP11340,LV,31.25537
BP11341,LV,32.68578
BP11342,LV,16.29444
BP11343,LV,34.17375
BP11344,LV,33.08277
BP11345,LV,33.79813
BP11346,LV,36.928
BP11347,LV,31.527
BP11348,LV,30.94193
BP11349,LV,31.47957
BP11350,LV,32.60928
BP11351,LV,34.55138
BP11352,LV,35.72117
BP11353,LV,17.17694
BP11354,LV,36.46541
BP11355,LV,31.75226
BP11356,LV,31.85343
BP11357,LV,33.35475
BP11358,LV,31.96026
BP11359,LV,33.74795
BP11360,LV,34.09381
BP11361,LV,42.31456
BP11362,LV,18.20334
BP11363,LV,18.38895
BP11364,LV,32.59464
BP11365,LV,31.16206
BP11366,LV,32.43557
BP11367,LV,31.50621
BP11368,LV,18.32852
BP11369,LV,31.82246
BP11370,LV,19.10813
BP11371,LV,28.77385
BP11372,LV,33.01851
BP11373,LV,32.3185
BP11374,LV,28.21803
BP11375,LV,34.96269
BP11376,LV,33.40299
BP11377,LV,31.32932
BP11378,LV,32.37753
BP11379,LV,33.99178
BP11380,LV,30.15191
BP11381,LV,31.83944
BP11382,LV,33.06405
BP11383,LV,33.35964
BP11384,LV,30.9887
BP11385,LV,32.51695
BP11386,LV,30.94215
BP11387,LV,32.88668
BP11388,LV,33.4016
BP11389,LV,33.71568
BP11390,LV,32.80896
BP11391,LV,31.02296
BP11392,LV,33.2392
BP11393,LV,32.50749
BP11394,LV,29.58408
BP11395,LV,30.19911
BP11396,LV,30.05435
BP11397,LV,33.12561
BP11398,LV,31.66573
BP11399,LV,20.64502
BP11400,LV,34.24519
BP11401,LV,16.24141
BP11402,LV,28.87022
BP11403,LV,31.67998
BP11404,LV,30.298
BP11405,LV,39.37373
BP11406,LV,32.05742
BP11407,LV,37.05857
BP11408,LV,32.38773
BP11409,LV,33.61939
BP11410,LV,31.57868
BP11411,LV,32.29426
BP11412,LV,32.40135
BP11413,LV,30.03688
BP11414,LV,37.06438
BP11415,LV,33.29298
BP11416,LV,36.61624
BP11417,LV,32.15889
BP11418,LV,33.80026
BP11419,LV,36.71981
BP11420,LV,32.93969
BP11421,LV,41.39956
BP11422,LV,49.06097
BP11423,LV,49.8744
BP11424,LV,52.70372
BP11425,LV,51.12922
BP11426,LV,49.89269
BP11427,LV,31.58411
BP11428,LV,30.16633
BP11429,LV,28.2473
BP11430,LV,18.11895
BP11431,LV,35.92606
BP11432,LV,30.31817
BP11433,LV,31.85494
BP11434,LV,32.36228
BP11435,LV,29.92422
BP11436,LV,37.5337
BP11437,LV,32.27991
BP11438,LV,29.34108
BP11439,LV,31.6564
BP11440,LV,34.20258
BP11441,LV,43.50515
BP11442,LV,35.70432
BP11443,LV,49.10234
BP11444,LV,33.59635
BP11445,LV,32.0482
BP11446,LV,36.12915
BP11447,LV,56.91126
BP11448,LV,47.80147
BP11449,LV,51.83347
BP11450,LV,38.31885
BP11451,LV,29.21428
BP11452,LV,30.33981
BP11453,LV,31.63227
BP11454,LV,32.49348
BP11455,LV,34.49962
BP11456,LV,32.8817
BP11457,LV,16.14595
BP11458,LV,32.54453
BP11459,LV,30.00169
BP11460,LV,32.15705
BP11461,LV,34.72605
BP11462,LV,37.10362
BP11463,LV,33.99077
BP11464,LV,32.3927
BP11465,LV,35.37455
BP11466,LV,36.00045
BP11467,LV,38.1929
BP11468,LV,30.8301
BP11469,LV,30.35121
BP11470,LV,32.70129
BP11471,LV,32.88329
BP11472,LV,29.90707
BP11473,LV,31.2642
BP11474,LV,16.24666
BP11475,LV,31.85584
BP11476,LV,29.70876
BP11477,LV,31.77758
BP11478,LV,28.84575
BP11479,LV,35.05911
BP11480,LV,31.88635
BP11481,LV,19.06292
BP11482,LV,33.32687
BP11483,LV,40.50431
BP11484,LV,29.70506
BP11485,LV,32.62762
BP11486,LV,29.7403
BP11487,LV,32.20646
BP11488,LV,32.57363
BP11489,LV,17.08741
BP11490,LV,32.21383
BP11491,LV,34.89268
BP11492,LV,18.01781
BP11493,LV,31.77008
BP11494,LV,4.60996
BP11495,LV,4.73197
BP11496,LV,31.80307
BP11497,LV,30.57983
BP11498,LV,29.41671
BP11499,LV,17.27054
BP11500,LV,30.72597
BP11501,LV,28.85478
BP11502,LV,16.71199
BP11503,LV,32.33545
BP11504,LV,31.53547
BP11505,LV,27.67385
BP11506,LV,16.39003
BP11507,LV,17.68917
BP11508,LV,34.16522
BP11509,LV,38.59559
BP11510,LV,30.28744
BP11511,LV,41.89233
BP11512,LV,29.41814
BP11513,LV,46.4151
BP11514,LV,34.61012
BP11515,LV,35.01913
BP11516,LV,47.65704
BP11517,LV,41.631
BP11518,LV,33.19383
BP11519,LV,35.11115
BP11520,LV,39.21084
BP11521,LV,44.60113
BP11522,LV,41.91481
BP11523,LV,36.2963
BP11524,LV,38.29466
BP11525,LV,55.26339
BP11526,LV,29.44142
BP11527,LV,16.46139
BP11528,LV,41.80275
BP11529,LV,35.51816
BP11530,LV,34.90105
BP11531,LV,33.74814
BP11532,LV,22.83269
BP11533,LV,32.86985
BP11534,LV,32.48714
BP11535,LV,34.6578
BP11536,LV,33.71452
BP11537,LV,50.09403
BP11538,LV,46.36764
BP11539,LV,35.20587
BP11540,LV,31.99301
BP11541,LV,30.85646
BP11542,LV,28.98922
BP11543,LV,17.36478
BP11544,LV,32.76642
BP11545,LV,29.83328
BP11546,LV,32.64463
BP11547,LV,29.48393
BP11548,LV,27.82661
BP11549,LV,31.18646
BP11550,LV,30.88784
BP11551,LV,32.20438
BP11552,LV,32.78014
BP11553,LV,30.46405
BP11554,LV,28.9072
BP11555,LV,19.12576
BP11556,LV,30.10461
BP11557,LV,31.15714
BP11558,LV,30.3088
BP11559,LV,33.55336
BP11560,LV,34.89826
BP11561,LV,50.14151
BP11562,LV,38.25444
BP11563,LV,29.06933
BP11564,LV,17.794
BP11565,LV,31.5039
BP11566,LV,30.32466
BP11567,LV,29.09396
BP11568,LV,30.53151
BP11569,LV,7.90422
BP11570,LV,31.32732
BP11571,LV,17.3017
BP11572,LV,8.0789
BP11573,LV,32.43051
BP11574,LV,32.76741
BP11575,LV,32.54879
BP11576,LV,28.98739
BP11577,LV,30.47427
BP11578,LV,16.26413
BP11579,LV,28.86851
BP11580,LV,32.25962
BP11581,LV,29.97916
BP11582,LV,33.44482
BP11583,LV,29.73928
BP11584,LV,32.76816
BP11585,LV,30.68596
BP11586,LV,32.20273
BP11587,LV,33.10646
BP11588,LV,34.35075
BP11589,LV,32.07904
BP11590,LV,18.81577
BP11591,LV,31.40498
BP11592,LV,30.47822
BP11593,LV,17.83301
BP11594,LV,29.7109
BP11595,LV,30.04488
BP11596,LV,29.15797
BP11597,LV,19.67637
BP11598,LV,30.3748
BP11599,LV,30.54326
BP11600,LV,16.95779
BP11601,LV,17.89178
BP11602,LV,30.47795
BP11603,LV,30.21582
BP11604,LV,33.21487
BP11605,LV,31.91232
BP11606,LV,31.71195
BP11607,LV,17.92146
BP11608,LV,29.86726
BP11609,LV,18.21658
BP11610,LV,18.33106
BP11611,LV,31.5443
BP11612,LV,31.60774
BP11613,LV,29.09963
BP11614,LV,31.77445
BP11615,LV,32.78211
BP11616,LV,32.96086
BP11617,LV,31.08928
BP11618,LV,22.2774
BP11619,LV,35.56486
BP11620,LV,17.971
BP11621,LV,18.10536
BP11622,LV,29.6623
BP11623,LV,36.94813
BP11624,LV,30.95051
BP11625,LV,16.26479
BP11626,LV,32.09055
BP11627,LV,28.86731
BP11628,LV,47.73316
BP11629,LV,30.93688
BP11630,LV,29.45895
BP11631,LV,18.60149
BP11632,LV,30.59435
BP11633,LV,28.99681
BP11634,LV,17.96226
BP11635,LV,33.71691
BP11636,LV,33.90645
BP11637,LV,50.80862
BP11638,LV,37.7507
BP11639,LV,35.36717
BP11640,LV,36.09974
BP11641,LV,33.37514
BP11642,LV,32.10925
BP11643,LV,17.32953
BP11644,LV,16.14241
BP11645,LV,30.33034
BP11646,LV,30.18053
BP11647,LV,30.81969
BP11648,LV,30.85258
BP11649,LV,34.02095
BP11650,LV,37.10701
BP11651,LV,31.42899
BP11652,LV,34.139
BP11653,LV,28.21243
BP11654,LV,17.98562
BP11655,LV,32.65404
BP11656,LV,33.83381
BP11657,LV,31.95707
BP11658,LV,20.61245
BP11659,LV,17.05618
BP11660,LV,33.69814
BP11661,LV,37.65791
BP11662,LV,33.95268
BP11663,LV,41.59446
BP11664,LV,47.0996
BP11665,LV,31.1598
BP11666,LV,40.3187
BP11667,LV,31.26871
BP11668,LV,33.54088
BP11669,LV,29.59073
BP11670,LV,47.74311
BP11671,LV,30.4142
BP11672,LV,28.94347
BP11673,LV,34.75698
BP11674,LV,31.27425
BP11675,LV,33.73773
BP11676,LV,33.35953
BP11677,LV,31.9134
BP11678,LV,29.16598
BP11679,LV,29.93175
BP11680,LV,29.12242
BP11681,LV,29.33715
BP11682,LV,38.07563
BP11683,LV,33.45813
BP11684,LV,32.87782
BP11685,LV,32.83157
BP11686,LV,34.68508
BP11687,LV,29.00969
BP11688,LV,36.74097
BP11689,LV,17.17929
BP11690,LV,29.07982
BP11691,LV,20.5684
BP11692,LV,40.67662
BP11693,LV,32.85192
BP11694,LV,34.89996
BP11695,LV,29.29296
BP11696,LV,32.68145
BP11697,LV,19.43542
BP11698,LV,35.22878
BP11699,LV,23.52301
BP11700,LV,7.96366
BP11701,LV,50.27044
BP11702,LV,34.60754
BP11703,LV,28.85284
BP11704,LV,48.19013
BP11705,LV,17.4719
BP11706,LV,28.88469
BP11707,LV,22.39438
BP11708,LV,34.50989
BP11709,LV,35.46855
BP11710,LV,31.70997
BP11711,LV,42.42364
BP11712,LV,34.11444
BP11713,LV,37.4722
BP11714,LV,39.01378
BP11715,LV,34.06005
BP11716,LV,56.38087
BP11717,LV,20.62399
BP11718,LV,45.34403
BP11719,LV,34.76607
BP11720,LV,32.39284
BP11721,LV,33.9832
BP11722,LV,41.34546
BP11723,LV,34.24019
BP11724,LV,32.37109
BP11725,LV,30.09194
BP11726,LV,31.30846
BP11727,LV,16.3609
BP11728,LV,17.34339
BP11729,LV,20.51069
BP11730,LV,32.08634
BP11731,LV,18.3854
BP11732,LV,31.99376
BP11733,LV,34.40743
BP11734,LV,29.43764
BP11735,LV,38.42232
BP11736,LV,45.4659
BP11737,LV,34.67442
BP11738,LV,44.12044
BP11739,LV,47.49166
BP11740,LV,31.07481
BP11741,LV,33.90663
BP11742,LV,33.91289
BP11743,LV,19.45695
BP11744,LV,30.86108
BP11745,LV,31.07673
BP11746,LV,32.99322
BP11747,LV,33.41692
BP11748,LV,31.05687
BP11749,LV,31.32689
BP11750,LV,30.66645
BP11751,LV,32.93157
BP11752,LV,51.60245
BP11753,LV,33.82364
BP11754,LV,17.50154
BP11755,LV,31.31321
BP11756,LV,38.70576
BP11757,LV,46.02824
BP11758,LV,41.93335
BP11759,LV,47.46598
BP11760,LV,45.87328
BP11761,LV,44.2269
BP11762,LV,16.35546
BP11763,LV,33.58882
BP11764,LV,31.02009
BP11765,LV,40.67095
BP11766,LV,54.05289
BP11767,LV,37.42888
BP11768,LV,32.09597
BP11769,LV,17.97549
BP11770,LV,34.40566
BP11771,LV,29.62072
BP11772,LV,27.96525
BP11773,LV,16.44916
BP11774,LV,28.03731
BP11775,LV,31.76153
BP11776,LV,29.19775
BP11777,LV,28.93656
BP11778,LV,20.70797
BP11779,LV,46.5602
BP11780,LV,33.00671
BP11781,LV,33.58574
BP11782,LV,30.87874
BP11783,LV,32.21407
BP11784,LV,30.90301
BP11785,LV,29.19058
BP11786,LV,34.90748
BP11787,LV,33.90712
BP11788,LV,19.98992
BP11789,LV,3.73922
BP11790,LV,39.53315
BP11791,LV,42.41495
BP11792,LV,16.23211
BP11793,LV,32.22663
BP11794,LV,31.65579
BP11795,LV,36.45534
BP11796,LV,16.2356
BP11797,LV,29.42289
BP11798,LV,33.90118
BP11799,LV,17.75415
BP11800,LV,35.19185
BP11801,LV,40.4508
BP11802,LV,30.96435
BP11803,LV,29.97093
BP11804,LV,35.54392
BP11805,LV,45.30821
BP11806,LV,31.17255
BP11807,LV,33.22779
BP11808,LV,34.7803
BP11809,LV,31.75551
BP11810,LV,32.67469
BP11811,LV,34.55562
BP11812,LV,44.91937
BP11813,LV,36.30794
BP11814,LV,42.17695
BP11815,LV,31.49692
BP11816,LV,35.34182
BP11817,LV,33.63456
BP11818,LV,38.16458
BP11819,LV,39.41342
BP11820,LV,33.35204
BP11821,LV,32.32623
BP11822,LV,29.04451
BP11823,LV,30.35123
BP11824,LV,30.06246
BP11825,LV,34.47475
BP11826,LV,31.84479
BP11827,LV,32.33579
BP11828,LV,30.3782
BP11829,LV,39.59288
BP11830,LV,44.77909
BP11831,LV,30.58373
BP11832,LV,33.41106
BP11833,LV,34.67525
BP11834,LV,42.38683
BP11835,LV,34.48907
BP11836,LV,33.39045
BP11837,LV,33.26447
BP11838,LV,31.82908
BP11839,LV,33.59853
BP11840,LV,36.84027
BP11841,LV,31.08544
BP11842,LV,29.15654
BP11843,LV,30.65615
BP11844,LV,27.83089
BP11845,LV,32.44323
BP11846,LV,32.10325
BP11847,LV,30.83555
BP11848,LV,29.45709
BP11849,LV,32.74129
BP11850,LV,31.41702
BP11851,LV,34.33492
BP11852,LV,32.33541
BP11853,LV,17.25683
BP11854,LV,35.2825
BP11855,LV,31.58125
BP11856,LV,39.48668
BP11857,LV,30.39913
BP11858,LV,35.5329
BP11859,LV,31.70455
BP11860,LV,31.7853
BP11861,LV,34.98813
BP11862,LV,40.80759
BP11863,LV,17.47835
BP11864,LV,44.32765
BP11865,LV,33.14799
BP11866,LV,33.99291
BP11867,LV,31.66399
BP11868,LV,32.72459
BP11869,LV,20.72012
BP11870,LV,30.02981
BP11871,LV,31.32215
BP11872,LV,19.5797
BP11873,LV,31.71458
BP11874,LV,48.91472
BP11875,LV,38.51613
BP11876,LV,33.20879
BP11877,LV,48.27896
BP11878,LV,33.9582
BP11879,LV,18.19918
BP11880,LV,47.99465
BP11881,LV,29.35255
BP11882,LV,32.87491
BP11883,LV,53.74975
BP11884,LV,32.92954
BP11885,LV,31.73471
BP11886,LV,29.08439
BP11887,LV,17.29774
BP11888,LV,29.11701
BP11889,LV,34.60789
BP11890,LV,31.30604
BP11891,LV,35.4352
BP11892,LV,31.587
BP11893,LV,48.2728
BP11894,LV,31.91413
BP11895,LV,33.02967
BP11896,LV,32.42495
BP11897,LV,18.35212
BP11898,LV,16.30463
BP11899,LV,31.8133
BP11900,LV,35.16703
BP11901,LV,33.53069
BP11902,LV,49.74327
BP11903,LV,50.91435
BP11904,LV,36.31525
BP11905,LV,61.31907
BP11906,LV,17.65416
BP11907,LV,31.54858
BP11908,LV,34.7043
BP11909,LV,28.81251
BP11910,LV,17.12162
BP11911,LV,17.8826
BP11912,LV,35.28257
BP11913,LV,29.01676
BP11914,LV,20.64214
BP11915,LV,29.44904
BP11916,LV,31.69696
BP11917,LV,31.14897
BP11918,LV,31.66191
BP11919,LV,31.51458
BP11920,LV,33.47122
BP11921,LV,32.67363
BP11922,LV,33.23736
BP11923,LV,36.54826
BP11924,LV,31.57615
BP11925,LV,31.92136
BP11926,LV,32.52829
BP11927,LV,36.1839
BP11928,LV,32.90417
BP11929,LV,36.89956
BP11930,LV,34.71022
BP11931,LV,30.31441
BP11932,LV,34.81974
BP11933,LV,31.49555
BP11934,LV,32.19482
BP11935,LV,7.90741
BP11936,LV,28.79171
BP11937,LV,29.1352
BP11938,LV,36.5956
BP11939,LV,32.51095
BP11940,LV,31.72517
BP11941,LV,30.12754
BP11942,LV,33.56465
BP11943,LV,33.40847
BP11944,LV,32.94081
BP11945,LV,20.39598
BP11946,LV,31.45632
BP11947,LV,27.75529
BP11948,LV,30.09992
BP11949,LV,48.73787
BP11950,LV,19.49805
BP11951,LV,28.54994
BP11952,LV,28.0895
BP11953,LV,30.50741
BP11954,LV,18.04322
BP11955,LV,29.7889
BP11956,LV,28.02758
BP11957,LV,30.64226
BP11958,LV,43.39558
BP11959,LV,33.59812
BP11960,LV,32.34122
BP11961,LV,32.78001
BP11962,LV,37.34031
BP11963,LV,22.4267
BP11964,LV,33.98951
BP11965,LV,42.21148
BP11966,LV,16.35935
BP11967,LV,34.85514
BP11968,LV,16.79107
BP11969,LV,30.37575
BP11970,LV,32.70065
BP11971,LV,19.43149
BP11972,LV,20.65081
BP11973,LV,36.09589
BP11974,LV,29.87948
BP11975,LV,32.16519
BP11976,LV,7.96517
BP11977,LV,43.93425
BP11978,LV,32.60485
BP11979,LV,39.83641
BP11980,LV,41.54126
BP11981,LV,31.50154
BP11982,LV,46.33929
BP11983,LV,17.40527
BP11984,LV,19.93764
BP11985,LV,32.23534
BP11986,LV,30.91473
BP11987,LV,31.63706
BP11988,LV,32.1208
BP11989,LV,29.12975
BP11990,LV,32.44998
BP11991,LV,32.15302
BP11992,LV,31.72259
BP11993,LV,35.74687
BP11994,LV,36.02605
BP11995,LV,29.73762
BP11996,LV,37.1846
BP11997,LV,31.62877
BP11998,LV,33.41805
BP11999,LV,35.30302
BP12000,LV,34.58976
BP12001,LV,31.94573
BP12002,LV,3.5722
BP12003,LV,29.24937
BP12004,LV,17.02264
BP12005,LV,33.25447
BP12006,LV,19.81009
BP12007,LV,29.80678
BP12008,LV,34.86173
BP12009,LV,31.61334
BP12010,LV,54.37832
BP12011,LV,30.74292
BP12012,LV,31.04845
BP12013,LV,21.37146
BP12014,LV,30.76227
BP12015,LV,7.87624
BP12016,LV,31.9275
BP12017,LV,35.94241
BP12018,LV,30.5895
BP12019,LV,30.89426
BP12020,LV,30.80022
BP12021,LV,29.56389
BP12022,LV,8.12783
BP12023,LV,31.99028
BP12024,LV,34.01365
BP12025,LV,30.51015
BP12026,LV,35.17933
BP12027,LV,35.23876
BP12028,LV,30.4195
BP12029,LV,30.25842
BP12030,LV,34.61928
BP12031,LV,33.8434
BP12032,LV,35.74771
BP12033,LV,28.61774
BP12034,LV,32.17343
BP12035,LV,32.93069
BP12036,LV,40.46976
BP12037,LV,37.37666
BP12038,LV,36.5033
BP12039,LV,37.008
BP12040,LV,34.04151
BP12041,LV,33.83416
BP12042,LV,23.12509
BP12043,LV,32.87472
BP12044,LV,31.13777
BP12045,LV,20.50758
BP12046,LV,48.14697
BP12047,LV,30.35866
BP12048,LV,17.79754
BP12049,LV,17.43734
BP12050,LV,28.93334
BP12051,LV,17.04882
BP12052,LV,19.33494
BP12053,LV,30.36022
BP12054,LV,7.73488
BP12055,LV,16.32139
BP12056,LV,31.87761
BP12057,LV,29.66024
BP12058,LV,20.75787
BP12059,LV,34.60798
BP12060,LV,35.73271
BP12061,LV,34.27428
BP12062,LV,35.53561
BP12063,LV,33.52238
BP12064,LV,35.11086
BP12065,LV,30.97529
BP12066,LV,21.6305
BP12067,LV,33.90759
BP12068,LV,40.80696
BP12069,LV,32.74942
BP12070,LV,30.10792
BP12071,LV,38.6537
BP12072,LV,39.68995
BP12073,LV,33.56116
BP12074,LV,3.52714
BP12075,LV,34.23866
BP12076,LV,36.06915
BP12077,LV,48.70667
BP12078,LV,20.58936
BP12079,LV,32.85577
BP12080,LV,16.37344
BP12081,LV,31.78442
BP12082,LV,57.29169
BP12083,LV,31.00905
BP12084,LV,8.12527
BP12085,LV,29.74539
BP12086,LV,34.12943
BP12087,LV,17.50506
BP12088,LV,27.84842
BP12089,LV,35.7761
BP12090,LV,32.06516
BP12091,LV,53.7466
BP12092,LV,35.43942
BP12093,LV,29.07367
BP12094,LV,28.0443
BP12095,LV,30.80285
BP12096,LV,30.17782
BP12097,LV,33.80771
BP12098,LV,21.22563
BP12099,LV,28.79815
BP12100,LV,32.74601
BP12101,LV,33.36695
BP12102,LV,29.91302
BP12103,LV,31.1242
BP12104,LV,39.08898
BP12105,LV,22.81136
BP12106,LV,16.10689
BP12107,LV,16.50119
BP12108,LV,29.97362
BP12109,LV,32.3946
BP12110,LV,34.26783
BP12111,LV,20.71815
BP12112,LV,36.48602
BP12113,LV,7.88423
BP12114,LV,32.06389
BP12115,LV,33.35619
BP12116,LV,36.04185
BP12117,LV,28.62516
BP12118,LV,22.11478
BP12119,LV,34.35757
BP12120,LV,39.83483
BP12121,LV,32.79492
BP12122,LV,35.15369
BP12123,LV,33.47273
BP12124,LV,33.37756
BP12125,LV,35.19031
BP12126,LV,46.24535
BP12127,LV,22.97877
BP12128,LV,32.14153
BP12129,LV,31.57592
BP12130,LV,31.50707
BP12131,LV,32.64139
BP12132,LV,43.34586
BP12133,LV,30.60584
BP12134,LV,29.42029
BP12135,LV,39.41778
BP12136,LV,28.30176
BP12137,LV,30.91028
BP12138,LV,31.64804
BP12139,LV,29.22789
BP12140,LV,30.76566
BP12141,LV,28.58767
BP12142,LV,21.65121
BP12143,LV,33.4528
BP12144,LV,34.68001
BP12145,LV,32.20847
BP12146,LV,17.5905
BP12147,LV,15.40496
BP12148,LV,4.5284
BP12149,LV,6.71163
BP12150,LV,21.00732
BP12151,LV,20.40511
BP12152,LV,28.03556
BP12153,LV,34.05696
BP12154,LV,34.14649
BP12155,LV,27.91574
BP12156,LV,42.02701
BP12157,LV,34.33212
BP12158,LV,42.38925
BP12159,LV,36.50035
BP12160,LV,29.27022
BP12161,LV,20.06516
BP12162,LV,32.40014
BP12163,LV,31.15124
BP12164,LV,19.73436
BP12165,LV,31.60174
BP12166,LV,31.96766
BP12167,LV,32.70242
BP12168,LV,17.90399
BP12169,LV,33.76452
BP12170,LV,30.76953
BP12171,LV,32.39936
BP12172,LV,30.85578
BP12173,LV,29.65921
BP12174,LV,32.82821
BP12175,LV,33.17543
BP12176,LV,29.16015
BP12177,LV,29.40378
BP12178,LV,30.95039
BP12179,LV,32.14869
BP12180,LV,32.90463
BP12181,LV,17.89178
BP12182,LV,3.5916
BP12183,LV,35.16923
BP12184,LV,36.11364
BP12185,LV,30.63189
BP12186,LV,29.77187
BP12187,LV,32.66499
BP12188,LV,31.61099
BP12189,LV,31.92798
BP12190,LV,30.72456
BP12191,LV,27.97925
BP12192,LV,31.00525
BP12193,LV,30.6172
BP12194,LV,16.4005
BP12195,LV,32.30354
BP12196,LV,33.21564
BP12197,LV,21.07156
BP12198,LV,32.1739
BP12199,LV,20.05685
BP12200,LV,27.92893
BP12201,LV,33.98038
BP12202,LV,32.24292
BP12203,LV,32.97768
BP12204,LV,17.10571
BP12205,LV,29.00989
BP12206,LV,29.88452
BP12207,LV,32.73925
BP12208,LV,33.60165
BP12209,LV,33.61526
BP12210,LV,31.20934
BP12211,LV,34.29229
BP12212,LV,20.74215
BP12213,LV,31.72122
BP12214,LV,16.70132
BP12215,LV,33.99022
BP12216,LV,30.71775
BP12217,LV,30.35679
BP12218,LV,32.21074
BP12219,LV,30.84354
BP12220,LV,32.08258
BP12221,LV,20.97761
BP12222,LV,30.65832
BP12223,LV,32.69795
BP12224,LV,28.70498
BP12225,LV,33.12088
BP12226,LV,29.74916
BP12227,LV,34.4402
BP12228,LV,37.65891
BP12229,LV,34.52776
BP12230,LV,32.16581
BP12231,LV,30.84522
BP12232,LV,33.14068
BP12233,LV,33.70346
BP12234,LV,32.8123
BP12235,LV,30.79357
BP12236,LV,36.29228
BP12237,LV,32.58283
BP12238,LV,33.60924
BP12239,LV,30.6111
BP12240,LV,29.79789
BP12241,LV,29.19622
BP12242,LV,31.80181
BP12243,LV,30.23449
BP12244,LV,34.76438
BP12245,LV,29.72479
BP12246,LV,16.4863
BP12247,LV,37.09247
BP12248,LV,30.67701
BP12249,LV,31.36701
BP12250,LV,28.08788
BP12251,LV,30.03739
BP12252,LV,30.18274
BP12253,LV,29.19146
BP12254,LV,31.69664
BP12255,LV,7.68768
BP12256,LV,30.95161
BP12257,LV,52.15352
BP12258,LV,16.24746
BP12259,LV,34.83144
BP12260,LV,31.82033
BP12261,LV,32.03959
BP12262,LV,32.11783
BP12263,LV,29.65974
BP12264,LV,21.72591
BP12265,LV,30.88659
BP12266,LV,31.3553
BP12267,LV,32.71574
BP12268,LV,31.30321
BP12269,LV,30.56303
BP12270,LV,32.80433
BP12271,LV,31.72501
BP12272,LV,18.14503
BP12273,LV,31.69174
BP12274,LV,30.922
BP12275,LV,31.06567
BP12276,LV,28.23078
BP12277,LV,18.02902
BP12278,LV,31.4236
BP12279,LV,30.90985
BP12280,LV,34.49588
BP12281,LV,17.611
BP12282,LV,29.74538
BP12283,LV,35.38752
BP12284,LV,35.02736
BP12285,LV,35.07312
BP12286,LV,32.19995
BP12287,LV,31.65067
BP12288,LV,29.93046
BP12289,LV,37.89286
BP12290,LV,34.42608
BP12291,LV,35.16055
BP12292,LV,34.94862
BP12293,LV,33.91871
BP12294,LV,35.16214
BP12295,LV,35.25239
BP12296,LV,37.9596
BP12297,LV,40.99246
BP12298,LV,19.74065
BP12299,LV,38.60329
BP12300,LV,29.59011
BP12301,LV,28.86436
BP12302,LV,37.86261
BP12303,LV,48.29937
BP12304,LV,39.54453
BP12305,LV,51.57633
BP12306,LV,16.5887
BP12307,LV,8.10792
BP12308,LV,33.29894
BP12309,LV,29.97272
BP12310,LV,7.9568
BP12311,LV,33.90698
BP12312,LV,16.99587
BP12313,LV,31.1259
BP12314,LV,32.03412
BP12315,LV,31.2214
BP12316,LV,18.13137
BP12317,LV,30.60743
BP12318,LV,32.45938
BP12319,LV,30.40382
BP12320,LV,34.87046
BP12321,LV,32.59981
BP12322,LV,29.56541
BP12323,LV,31.43891
BP12324,LV,32.66537
BP12325,LV,29.31763
BP12326,LV,31.98107
BP12327,LV,29.8059
BP12328,LV,30.82585
BP12329,LV,31.83822
BP12330,LV,33.12154
BP12331,LV,34.69879
BP12332,LV,32.81269
BP12333,LV,32.84513
BP12334,LV,30.77697
BP12335,LV,21.07077
BP12336,LV,28.83362
BP12337,LV,32.00383
BP12338,LV,31.45654
BP12339,LV,29.11719
BP12340,LV,29.79396
BP12341,LV,33.0182
BP12342,LV,21.83741
BP12343,LV,35.97872
BP12344,LV,31.26879
BP12345,LV,28.48694
BP12346,LV,29.88951
BP12347,LV,31.09559
BP12348,LV,32.12756
BP12349,LV,30.49597
BP12350,LV,34.42802
BP12351,LV,27.96393
BP12352,LV,31.63796
BP12353,LV,29.78315
BP12354,LV,33.02325
BP12355,LV,30.13131
BP12356,LV,31.26775
BP12357,LV,27.89634
BP12358,LV,30.19147
BP12359,LV,29.64214
BP12360,LV,29.88422
BP12361,LV,20.1769
BP12362,LV,19.76664
BP12363,LV,53.94459
BP12364,LV,33.97698
BP12365,LV,31.19915
BP12366,LV,19.40178
BP12367,LV,31.62778
BP12368,LV,31.75714
BP12369,LV,32.67989
BP12370,LV,33.09034
BP12371,LV,31.15644
BP12372,LV,40.48123
BP12373,LV,20.45189
BP12374,LV,16.39747
BP12375,LV,30.31396
BP12376,LV,29.30764
BP12377,LV,19.47536
BP12378,LV,29.61007
BP12379,LV,33.7392
BP12380,LV,31.9164
BP12381,LV,36.1735
BP12382,LV,32.56537
BP12383,LV,33.42582
BP12384,LV,28.5391
BP12385,LV,29.34136
BP12386,LV,29.87217
BP12387,LV,43.25514
BP12388,LV,32.16906
BP12389,LV,31.2423
BP12390,LV,29.12434
BP12391,LV,36.1426
BP12392,LV,37.44755
BP12393,LV,52.5443
BP12394,LV,28.62748
BP12395,LV,38.68256
BP12396,LV,30.81041
BP12397,LV,45.65338
BP12398,LV,20.75336
BP12399,LV,36.66833
BP12400,LV,32.65677
BP12401,LV,35.929
BP12402,LV,33.53305
BP12403,LV,32.31728
BP12404,LV,31.86099
BP12405,LV,30.37182
BP12406,LV,30.05025
BP12407,LV,32.15611
BP12408,LV,17.92096
BP12409,LV,33.73095
BP12410,LV,17.96034
BP12411,LV,33.68501
BP12412,LV,31.39005
BP12413,LV,32.17085
BP12414,LV,31.28461
BP12415,LV,31.71013
BP12416,LV,18.81555
BP12417,LV,32.08106
BP12418,LV,33.5524
BP12419,LV,31.58178
BP12420,LV,35.2858
BP12421,LV,33.51839
BP12422,LV,32.32712
BP12423,LV,55.39542
BP12424,LV,31.97518
BP12425,LV,37.84986
BP12426,LV,35.4778
BP12427,LV,37.38837
BP12428,LV,33.24494
BP12429,LV,36.71654
BP12430,LV,36.17079
BP12431,LV,39.85445
BP12432,LV,35.30708
BP12433,LV,34.78177
BP12434,LV,34.38813
BP12435,LV,34.27067
BP12436,LV,32.82882
BP12437,LV,38.02092
BP12438,LV,38.56858
BP12439,LV,39.74161
BP12440,LV,36.66295
BP12441,LV,39.39717
BP12442,LV,35.03769
BP12443,LV,39.55518
BP12444,LV,34.22253
BP12445,LV,34.44327
BP12446,LV,37.56087
BP12447,LV,20.05165
BP12448,LV,34.694
BP12449,LV,32.82367
BP12450,LV,33.70347
BP12451,LV,34.80847
BP12452,LV,30.80587
BP12453,LV,32.22978
BP12454,LV,31.82257
BP12455,LV,31.76384
BP12456,LV,33.37866
BP12457,LV,32.02939
BP12458,LV,38.16932
BP12459,LV,35.31825
BP12460,LV,35.90838
BP12461,LV,36.11121
BP12462,LV,6.37871
BP12463,LV,39.80139
BP12464,LV,17.89828
BP12465,LV,35.57657
BP12466,LV,32.96892
BP12467,LV,34.91948
BP12468,LV,18.6321
BP12469,LV,33.75686
BP12470,LV,34.98421
BP12471,Armani,17.91683
BP12472,Armani,17.23385
BP12473,Armani,27.2296
BP12474,Armani,27.17
BP12475,Armani,29.84095
BP12476,Armani,19.57594
BP12477,Armani,30.07177
BP12478,Armani,30.397
BP12479,Armani,32.12352
BP12480,Armani,18.53078
BP12481,Armani,31.36832
BP12482,Armani,3.49308
BP12483,Armani,31.56193
BP12484,Armani,31.04635
BP12485,Armani,29.8375
BP12486,Armani,33.25251
BP12487,Armani,30.98287
BP12488,Armani,31.52455
BP12489,Armani,30.34237
BP12490,Armani,17.02942
BP12491,Armani,17.97479
BP12492,Armani,17.04054
BP12493,Armani,16.86273
BP12494,Armani,28.04386
BP12495,Armani,16.49666
BP12496,Armani,28.26808
BP12497,Armani,31.86253
BP12498,Armani,28.17382
BP12499,Armani,28.10109
BP12500,Armani,28.47569
BP12501,Armani,17.24698
BP12502,Armani,31.73942
BP12503,Armani,33.62108
BP12504,Armani,31.93111
BP12505,Armani,35.71108
BP12506,Armani,15.65071
BP12507,Armani,32.58059
BP12508,Armani,34.75626
BP12509,Armani,15.83857
BP12510,Armani,16.39171
BP12511,Armani,29.52194
BP12512,Armani,37.1512
BP12513,Armani,38.41946
BP12514,Armani,27.16741
BP12515,Armani,15.41054
BP12516,Armani,28.43488
BP12517,Armani,28.97028
BP12518,Armani,17.58002
BP12519,Armani,27.99983
BP12520,Armani,15.02069
BP12521,Armani,16.82
BP12522,Armani,16.68754
BP12523,Armani,28.96661
BP12524,Armani,30.22652
BP12525,Armani,17.6672
BP12526,Armani,29.11554
BP12527,Armani,27.91225
BP12528,Armani,16.6305
BP12529,Armani,16.44643
BP12530,Armani,3.36086
BP12531,Armani,34.28481
BP12532,Armani,28.6402
BP12533,Armani,16.76381
BP12534,Armani,28.00156
BP12535,Armani,31.82968
BP12536,Armani,17.49199
BP12537,Armani,28.10744
BP12538,Armani,16.53106
BP12539,Armani,36.03996
BP12540,Armani,28.69432
BP12541,Armani,28.11378
BP12542,Armani,16.52848
BP12543,Armani,29.94319
BP12544,Armani,27.30501
BP12545,Armani,3.45213
BP12546,Armani,27.50465
BP12547,Armani,16.21989
BP12548,Armani,16.61639
BP12549,Armani,16.72089
BP12550,Armani,28.32068
BP12551,Armani,17.27502
BP12552,Armani,17.27661
BP12553,Armani,16.16648
BP12554,Armani,17.47986
BP12555,Armani,29.20131
BP12556,Armani,29.02733
BP12557,Armani,16.69042
BP12558,Armani,17.24904
BP12559,Armani,27.89013
BP12560,Armani,30.85961
BP12561,Armani,16.51976
BP12562,Armani,28.68496
BP12563,Armani,32.25519
BP12564,Armani,32.20837
BP12565,Armani,17.23318
BP12566,Armani,17.70508
BP12567,Armani,28.61076
BP12568,Armani,29.83461
BP12569,Armani,28.22176
BP12570,Armani,17.13969
BP12571,Armani,17.67313
BP12572,Armani,28.84301
BP12573,Armani,15.00176
BP12574,Armani,31.55172
BP12575,Armani,32.49249
BP12576,Armani,16.10276
BP12577,Armani,16.01471
BP12578,Armani,34.49099
BP12579,Armani,16.36483
BP12580,Armani,15.29594
BP12581,Armani,26.79269
BP12582,Armani,30.25496
BP12583,Armani,29.78473
BP12584,Armani,27.78033
BP12585,Armani,31.00819
BP12586,Armani,30.13785
BP12587,Armani,29.23647
BP12588,Armani,15.44727
BP12589,Armani,31.26586
BP12590,Armani,38.63662
BP12591,Armani,28.08686
BP12592,Armani,16.56303
BP12593,Armani,27.63769
BP12594,Armani,17.28706
BP12595,Armani,33.57597
BP12596,Armani,32.37214
BP12597,Armani,35.10153
BP12598,Armani,28.26426
BP12599,Armani,28.46723
BP12600,Armani,15.32276
BP12601,Armani,34.11439
BP12602,Armani,31.77994
BP12603,Armani,36.4435
BP12604,Armani,17.29661
BP12605,Armani,16.66489
BP12606,Armani,28.21563
BP12607,Armani,28.78957
BP12608,Armani,30.01937
BP12609,Armani,17.12557
BP12610,Armani,32.60943
BP12611,Armani,31.07487
BP12612,Armani,40.68153
BP12613,Armani,28.71951
BP12614,Armani,27.79828
BP12615,Armani,32.71001
BP12616,Armani,27.78078
BP12617,Armani,17.88035
BP12618,Armani,29.45014
BP12619,Armani,18.9676
BP12620,Armani,18.6783
BP12621,Armani,32.54873
BP12622,Armani,17.49085
BP12623,Armani,29.40161
BP12624,Armani,34.69635
BP12625,Armani,17.57006
BP12626,Armani,31.11918
BP12627,Armani,31.12372
BP12628,Armani,38.25668
BP12629,Armani,30.65279
BP12630,Armani,28.71933
BP12631,Armani,29.56457
BP12632,Armani,18.17713
BP12633,Armani,19.62582
BP12634,Armani,29.9771
BP12635,Armani,17.91638
BP12636,Armani,29.61574
BP12637,Armani,33.06849
BP12638,Armani,29.36005
BP12639,Armani,29.82606
BP12640,Armani,16.61597
BP12641,Armani,30.71103
BP12642,Armani,32.87107
BP12643,Armani,29.33924
BP12644,Armani,36.017
BP12645,Armani,32.82126
BP12646,Armani,19.98797
BP12647,Armani,26.97544
BP12648,Armani,27.00721
BP12649,Armani,6.65879
BP12650,Armani,6.98411
BP12651,Armani,33.31385
BP12652,Armani,39.35094
BP12653,Armani,37.39405
BP12654,Armani,18.62322
BP12655,Armani,29.90614
BP12656,Armani,29.16522
BP12657,Armani,16.75552
BP12658,Armani,36.16448
BP12659,Armani,16.97375
BP12660,Armani,37.05384
BP12661,Armani,29.55023
BP12662,Armani,16.18076
BP12663,Armani,32.99074
BP12664,Armani,18.69911
BP12665,Armani,37.30274
BP12666,Armani,29.05388
BP12667,Armani,29.48645
BP12668,Armani,28.13622
BP12669,Armani,26.78145
BP12670,Armani,6.69422
BP12671,Armani,15.17788
BP12672,Armani,31.51342
BP12673,Armani,18.95466
BP12674,Armani,28.33345
BP12675,Armani,29.04941
BP12676,Armani,30.15191
BP12677,Armani,15.36802
BP12678,Armani,6.74797
BP12679,Armani,3.44282
BP12680,Armani,3.71362
BP12681,Armani,18.60612
BP12682,Armani,17.08048
BP12683,Armani,29.94981
BP12684,Armani,28.54273
BP12685,Armani,28.06912
BP12686,Armani,34.24713
BP12687,Armani,35.288
BP12688,Armani,26.98804
BP12689,Armani,15.29078
BP12690,Armani,6.93448
BP12691,Armani,32.12488
BP12692,Armani,28.65055
BP12693,Armani,19.78519
BP12694,Armani,15.51532
BP12695,Armani,27.23357
BP12696,Armani,14.99527
BP12697,Armani,26.89654
BP12698,Armani,6.78664
BP12699,Armani,32.1519
BP12700,Armani,29.08494
BP12701,Armani,29.96458
BP12702,Armani,28.26715
BP12703,Armani,6.79487
BP12704,Armani,18.46596
BP12705,Armani,18.56826
BP12706,Armani,6.98411
BP12707,Armani,15.46463
BP12708,Armani,7.16677
BP12709,Armani,17.49065
BP12710,Armani,30.14851
BP12711,Armani,29.75569
BP12712,Armani,30.62535
BP12713,Armani,30.38684
BP12714,Armani,39.36624
BP12715,Armani,30.97109
BP12716,Armani,16.21585
BP12717,Armani,33.18257
BP12718,Armani,16.17818
BP12719,Armani,29.54631
BP12720,Armani,28.12496
BP12721,Armani,27.15072
BP12722,Armani,28.68262
BP12723,Armani,29.95406
BP12724,Armani,31.31054
BP12725,Armani,27.47402
BP12726,Armani,33.88995
BP12727,Armani,15.39343
BP12728,Armani,16.01471
BP12729,Armani,15.46611
BP12730,Armani,32.14023
BP12731,Armani,15.15046
BP12732,Armani,16.39544
BP12733,Armani,29.57791
BP12734,Armani,30.14323
BP12735,Armani,18.43395
BP12736,Armani,19.9876
BP12737,Armani,28.33231
BP12738,Armani,30.43077
BP12739,Armani,31.34647
BP12740,Armani,29.58026
BP12741,Armani,30.11369
BP12742,Armani,29.46782
BP12743,Armani,19.08757
BP12744,Armani,32.71021
BP12745,Armani,30.6669
BP12746,Armani,31.85232
BP12747,Armani,31.84371
BP12748,Armani,27.0009
BP12749,Armani,6.99721
BP12750,Armani,17.42674
BP12751,Armani,15.60205
BP12752,Armani,29.36723
BP12753,Armani,3.41188
BP12754,Armani,3.36086
BP12755,Armani,3.31048
BP12756,Armani,3.20753
BP12757,Armani,3.26667
BP12758,Armani,3.20753
BP12759,Armani,3.28995
BP12760,Armani,15.5528
BP12761,Armani,16.70421
BP12762,Armani,35.10808
BP12763,Armani,31.83655
BP12764,Armani,17.52568
BP12765,Armani,29.91564
BP12766,Armani,15.54329
BP12767,Armani,28.94024
BP12768,Armani,17.02324
BP12769,Armani,30.73561
BP12770,Armani,31.0257
BP12771,Armani,30.03331
BP12772,Armani,29.42768
BP12773,Armani,30.03924
BP12774,Armani,15.87073
BP12775,Armani,34.15674
BP12776,Armani,28.816
BP12777,Armani,16.40452
BP12778,Armani,6.90631
BP12779,Armani,29.55171
BP12780,Armani,41.04064
BP12781,Armani,21.24379
BP12782,Armani,29.3829
BP12783,Armani,16.49445
BP12784,Armani,3.54518
BP12785,Armani,3.58212
BP12786,Armani,4.28806
BP12787,Armani,28.7578
BP12788,Armani,27.3539
BP12789,Armani,29.24984
BP12790,Armani,29.65384
BP12791,Armani,30.15259
BP12792,Armani,19.84615
BP12793,Armani,28.6443
BP12794,Armani,6.85476
BP12795,Armani,33.02133
BP12796,Armani,28.7814
BP12797,Armani,29.64908
BP12798,Armani,31.99584
BP12799,Armani,27.95162
BP12800,Armani,29.17633
BP12801,Armani,29.87229
BP12802,Armani,29.56232
BP12803,Armani,27.2393
BP12804,Armani,3.34557
BP12805,Armani,16.47656
BP12806,Armani,18.75665
BP12807,Armani,29.76136
BP12808,Armani,40.9269
BP12809,Armani,26.73107
BP12810,Armani,37.25551
BP12811,Armani,16.1941
BP12812,Armani,28.02539
BP12813,Armani,15.38117
BP12814,Armani,29.85695
BP12815,Armani,27.13275
BP12816,Armani,47.98666
BP12817,Armani,17.79181
BP12818,Armani,31.37387
BP12819,Armani,34.42963
BP12820,Armani,17.26559
BP12821,Armani,32.64258
BP12822,Armani,29.30444
BP12823,Armani,29.6584
BP12824,Armani,35.42642
BP12825,Armani,28.67731
BP12826,Armani,35.62094
BP12827,Armani,29.07831
BP12828,Armani,32.43774
BP12829,Armani,28.72075
BP12830,Armani,28.04433
BP12831,Armani,30.84493
BP12832,Armani,31.93315
BP12833,Armani,29.41622
BP12834,Armani,36.1288
BP12835,Armani,32.26942
BP12836,Armani,32.26912
BP12837,Armani,29.86011
BP12838,Armani,30.75933
BP12839,Armani,31.12744
BP12840,Armani,28.39494
BP12841,Armani,15.84103
BP12842,Armani,29.72522
BP12843,Armani,29.67346
BP12844,Armani,27.69913
BP12845,Armani,29.54635
BP12846,Armani,30.12174
BP12847,Armani,29.83761
BP12848,Armani,30.33517
BP12849,Armani,35.18318
BP12850,Armani,30.2347
BP12851,Armani,28.31579
BP12852,Armani,30.55003
BP12853,Armani,29.24183
BP12854,Armani,18.96615
BP12855,Armani,20.69848
BP12856,Armani,15.22973
BP12857,Armani,28.38993
BP12858,Armani,27.87361
BP12859,Armani,27.7042
BP12860,Armani,18.1254
BP12861,Armani,28.00211
BP12862,Armani,28.16808
BP12863,Armani,34.78632
BP12864,Armani,29.92745
BP12865,Armani,29.69126
BP12866,Armani,16.90635
BP12867,Armani,20.21323
BP12868,Armani,28.63993
BP12869,Armani,7.08404
BP12870,Armani,29.66644
BP12871,Armani,27.76344
BP12872,Armani,6.82221
BP12873,Armani,6.90968
BP12874,Armani,28.84274
BP12875,Armani,15.44841
BP12876,Armani,18.54409
BP12877,Armani,15.05287
BP12878,Armani,31.16767
BP12879,Armani,27.28151
BP12880,Armani,15.26429
BP12881,Armani,6.88985
BP12882,Armani,19.3833
BP12883,Armani,18.41479
BP12884,Armani,18.26816
BP12885,Armani,28.25699
BP12886,Armani,22.07114
BP12887,Armani,16.95825
BP12888,Armani,33.51958
BP12889,Armani,16.7651
BP12890,Armani,36.69802
BP12891,Armani,15.28911
BP12892,Armani,27.23206
BP12893,Armani,20.82688
BP12894,Armani,15.72459
BP12895,Armani,16.39337
BP12896,Armani,18.33229
BP12897,Armani,6.62662
BP12898,Armani,26.91726
BP12899,Armani,18.26366
BP12900,Armani,30.02815
BP12901,Armani,15.61423
BP12902,Armani,31.67852
BP12903,Armani,28.03951
BP12904,Armani,17.10293
BP12905,Armani,32.12102
BP12906,Armani,30.40292
BP12907,Armani,29.77596
BP12908,Armani,15.73256
BP12909,Armani,15.66507
BP12910,Armani,16.36802
BP12911,Armani,17.92678
BP12912,Armani,26.99451
BP12913,Armani,27.89243
BP12914,Armani,18.53536
BP12915,Armani,27.28185
BP12916,Armani,18.92391
BP12917,Armani,7.05185
BP12918,Armani,15.67876
BP12919,Armani,15.50212
BP12920,Armani,27.40329
BP12921,Armani,15.46048
BP12922,Armani,7.43716
BP12923,Armani,16.29827
BP12924,Armani,27.68631
BP12925,Armani,27.15992
BP12926,Armani,28.1336
BP12927,Armani,28.22991
BP12928,Armani,28.88105
BP12929,Armani,16.86528
BP12930,Armani,30.40182
BP12931,Armani,7.28663
BP12932,Armani,27.35187
BP12933,Armani,15.54578
BP12934,Armani,27.39729
BP12935,Armani,28.1432
BP12936,Armani,29.38378
BP12937,Armani,38.79379
BP12938,Armani,30.64086
BP12939,Armani,32.66716
BP12940,Armani,28.9695
BP12941,Armani,29.8064
BP12942,Armani,19.69633
BP12943,Armani,20.43299
BP12944,Armani,15.10434
BP12945,Armani,29.85492
BP12946,Armani,28.3496
BP12947,Armani,28.44697
BP12948,Armani,7.0227
BP12949,Armani,29.40822
BP12950,Armani,27.17311
BP12951,Armani,27.49436
BP12952,Armani,30.66289
BP12953,Armani,29.91541
BP12954,Armani,29.51428
BP12955,Armani,21.81345
BP12956,Armani,17.5484
BP12957,Armani,28.30019
BP12958,Armani,29.11191
BP12959,Armani,29.2282
BP12960,Armani,15.72915
BP12961,Armani,27.27206
BP12962,Armani,28.38876
BP12963,Armani,30.21241
BP12964,Armani,33.87962
BP12965,Armani,29.10559
BP12966,Armani,20.12621
BP12967,Armani,31.94945
BP12968,Armani,29.0314
BP12969,Armani,28.3884
BP12970,Armani,28.10601
BP12971,Armani,28.24388
BP12972,Armani,30.02266
BP12973,Armani,31.26226
BP12974,Armani,17.38021
BP12975,Armani,29.83966
BP12976,Armani,32.34276
BP12977,Armani,16.84309
BP12978,Armani,30.68878
BP12979,Armani,16.43862
BP12980,Armani,20.61872
BP12981,Armani,29.20312
BP12982,Armani,31.29032
BP12983,Armani,28.20885
BP12984,Armani,28.10458
BP12985,Armani,29.59858
BP12986,Armani,18.52814
BP12987,Armani,27.13312
BP12988,Armani,27.87743
BP12989,Armani,27.9287
BP12990,Armani,16.34231
BP12991,Armani,20.41959
BP12992,Armani,16.20091
BP12993,Armani,27.18171
BP12994,Armani,31.45907
BP12995,Armani,32.1014
BP12996,Armani,31.07919
BP12997,Armani,35.05347
BP12998,Armani,36.08279
BP12999,Armani,17.34017
BP13000,Armani,3.99225
BP13001,Armani,3.52714
BP13002,Armani,3.53934
BP13003,Armani,3.64489
BP13004,Armani,3.36086
BP13005,Armani,32.31736
BP13006,Armani,19.41119
BP13007,Armani,18.20781
BP13008,Armani,30.46553
BP13009,Armani,18.11633
BP13010,Armani,31.6906
BP13011,Armani,30.35403
BP13012,Armani,28.59478
BP13013,Armani,3.56706
BP13014,Armani,3.43304
BP13015,Armani,3.89161
BP13016,Armani,3.46952
BP13017,Armani,3.3881
BP13018,Armani,17.03391
BP13019,Armani,30.15578
BP13020,Armani,29.4674
BP13021,Armani,29.17749
BP13022,Armani,18.01805
BP13023,Armani,18.4353
BP13024,Armani,29.45601
BP13025,Armani,29.09681
BP13026,Armani,31.30622
BP13027,Armani,29.60642
BP13028,Armani,28.67269
BP13029,Armani,17.52704
BP13030,Armani,28.16009
BP13031,Armani,4.16075
BP13032,Armani,45.35258
BP13033,Armani,30.00105
BP13034,Armani,17.29039
BP13035,Armani,19.70978
BP13036,Armani,15.96645
BP13037,Armani,27.4119
BP13038,Armani,15.37355
BP13039,Armani,29.92006
BP13040,Armani,28.47983
BP13041,Armani,16.42231
BP13042,Armani,15.35797
BP13043,Armani,31.30297
BP13044,Armani,6.60583
BP13045,Armani,15.06361
BP13046,Armani,6.59651
BP13047,Armani,16.60035
BP13048,Armani,15.62919
BP13049,Armani,28.16438
BP13050,Armani,15.70734
BP13051,Armani,20.14725
BP13052,Armani,6.74279
BP13053,Armani,7.19249
BP13054,Armani,27.17931
BP13055,Armani,3.58212
BP13056,Armani,3.45213
BP13057,Armani,3.31048
BP13058,Armani,3.32888
BP13059,Armani,3.20753
BP13060,Armani,3.31048
BP13061,Armani,3.23971
BP13062,Armani,3.16736
BP13063,Armani,3.28995
BP13064,Armani,29.79505
BP13065,Armani,29.56334
BP13066,Armani,30.89951
BP13067,Armani,31.67917
BP13068,Armani,27.92252
BP13069,Armani,15.5927
BP13070,Armani,7.21041
BP13071,Armani,30.69366
BP13072,Armani,21.50513
BP13073,Armani,28.29
BP13074,Armani,29.31377
BP13075,Armani,16.28
BP13076,Armani,16.68474
BP13077,Armani,27.69415
BP13078,Armani,7.24003
BP13079,Armani,27.79193
BP13080,Armani,18.71285
BP13081,Armani,29.17578
BP13082,Armani,40.22454
BP13083,Armani,32.94285
BP13084,Armani,17.54211
BP13085,Armani,31.75234
BP13086,Armani,16.7056
BP13087,Armani,4.08121
BP13088,Armani,3.31048
BP13089,Armani,3.34557
BP13090,Armani,3.46102
BP13091,Armani,31.88557
BP13092,Armani,35.42031
BP13093,Armani,29.039
BP13094,Armani,18.7857
BP13095,Armani,31.34416
BP13096,Armani,30.43539
BP13097,Armani,31.68269
BP13098,Armani,3.46952
BP13099,Armani,3.3881
BP13100,Armani,15.80571
BP13101,Armani,30.77285
BP13102,Armani,30.70576
BP13103,Armani,33.08763
BP13104,Armani,32.02503
BP13105,Armani,3.5722
BP13106,Armani,3.44282
BP13107,Armani,3.53333
BP13108,Armani,3.3881
BP13109,Armani,3.53934
BP13110,Armani,3.50739
BP13111,Armani,3.34557
BP13112,Armani,3.6178
BP13113,Armani,3.26667
BP13114,Armani,3.43304
BP13115,Armani,3.32888
BP13116,Armani,3.37497
BP13117,Armani,3.23971
BP13118,Armani,30.42211
BP13119,Armani,31.55521
BP13120,Armani,19.01846
BP13121,Armani,30.80979
BP13122,Armani,30.10232
BP13123,Armani,19.97537
BP13124,Armani,32.06326
BP13125,Armani,30.22381
BP13126,Armani,33.98762
BP13127,Armani,28.5859
BP13128,Armani,29.22589
BP13129,Armani,29.10082
BP13130,Armani,18.80448
BP13131,Armani,28.98557
BP13132,Armani,35.64744
BP13133,Armani,34.05645
BP13134,Armani,20.4491
BP13135,Armani,27.8681
BP13136,Armani,19.52833
BP13137,Armani,19.73556
BP13138,Armani,19.67623
BP13139,Armani,44.05672
BP13140,Armani,29.16254
BP13141,Armani,27.46129
BP13142,Armani,18.19387
BP13143,Armani,28.9634
BP13144,Armani,18.15136
BP13145,Armani,31.6395
BP13146,Armani,23.41627
BP13147,Armani,36.60887
BP13148,Armani,28.60473
BP13149,Armani,18.34511
BP13150,Armani,18.32655
BP13151,Armani,22.49782
BP13152,Armani,28.99899
BP13153,Armani,48.56062
BP13154,Armani,27.78571
BP13155,Armani,18.21614
BP13156,Armani,3.42275
BP13157,Armani,47.43565
BP13158,Armani,27.10805
BP13159,Armani,28.66239
BP13160,Armani,19.55813
BP13161,Armani,20.24399
BP13162,Armani,27.10684
BP13163,Armani,18.2916
BP13164,Armani,28.13445
BP13165,Armani,31.07754
BP13166,Armani,18.77999
BP13167,Armani,3.46102
BP13168,Armani,3.45213
BP13169,Armani,33.19518
BP13170,Armani,28.83884
BP13171,Armani,27.15992
BP13172,Armani,28.61592
BP13173,Armani,30.53635
BP13174,Armani,19.83898
BP13175,Armani,19.17976
BP13176,Armani,33.79396
BP13177,Armani,3.41188
BP13178,Armani,3.40036
BP13179,Armani,32.39866
BP13180,Armani,27.69648
BP13181,Armani,27.70026
BP13182,Armani,3.23971
BP13183,Armani,28.26718
BP13184,Armani,19.91701
BP13185,Armani,28.09371
BP13186,Armani,18.54984
BP13187,Armani,21.32612
BP13188,Armani,18.68827
BP13189,Armani,19.59982
BP13190,Armani,31.6167
BP13191,Armani,3.66907
BP13192,Armani,28.10309
BP13193,Armani,33.77253
BP13194,Armani,27.92251
BP13195,Armani,27.32015
BP13196,Armani,26.91264
BP13197,Armani,19.29831
BP13198,Armani,28.14653
BP13199,Armani,28.19809
BP13200,Armani,28.3359
BP13201,Armani,28.62713
BP13202,Armani,19.55515
BP13203,Armani,18.23405
BP13204,Armani,20.62571
BP13205,Armani,18.39455
BP13206,Armani,30.63064
BP13207,Armani,28.86447
BP13208,Armani,18.25068
BP13209,Armani,31.48328
BP13210,Armani,27.94709
BP13211,Armani,30.17739
BP13212,Armani,42.62692
BP13213,Armani,19.91522
BP13214,Armani,29.00545
BP13215,Armani,3.20753
BP13216,Armani,3.28995
BP13217,Armani,35.2113
BP13218,Armani,28.4204
BP13219,Armani,27.3662
BP13220,Armani,31.87768
BP13221,Armani,30.92606
BP13222,Armani,3.45213
BP13223,Armani,3.34557
BP13224,Armani,3.26667
BP13225,Armani,3.32888
BP13226,Armani,3.28995
BP13227,Armani,3.41188
BP13228,Armani,3.65207
BP13229,Armani,3.26667
BP13230,Armani,3.16736
BP13231,Armani,3.16736
BP13232,Armani,3.32888
BP13233,Armani,30.48761
BP13234,Armani,29.01228
BP13235,Armani,32.48717
BP13236,Armani,20.0729
BP13237,Armani,30.98915
BP13238,Armani,29.16144
BP13239,Armani,28.85943
BP13240,Armani,27.83256
BP13241,Armani,18.84978
BP13242,Armani,27.88221
BP13243,Armani,29.63021
BP13244,Armani,34.15791
BP13245,Armani,3.50739
BP13246,Armani,35.15455
BP13247,Armani,35.30315
BP13248,Armani,29.88776
BP13249,Armani,20.51584
BP13250,Armani,29.3963
BP13251,Armani,27.31439
BP13252,Armani,27.31853
BP13253,Armani,19.63332
BP13254,Armani,27.17336
BP13255,Armani,29.64468
BP13256,Armani,29.07604
BP13257,Armani,28.27016
BP13258,Armani,30.2411
BP13259,Armani,32.68785
BP13260,Armani,27.18432
BP13261,Armani,29.80639
BP13262,Armani,32.31076
BP13263,Armani,18.57921
BP13264,Armani,28.20349
BP13265,Armani,28.31819
BP13266,Armani,18.4479
BP13267,Armani,27.35836
BP13268,Armani,3.32888
BP13269,Armani,3.5618
BP13270,Armani,3.28995
BP13271,Armani,3.3881
BP13272,Armani,3.46952
BP13273,Armani,3.31048
BP13274,Armani,3.43304
BP13275,Armani,3.32888
BP13276,Armani,3.45213
BP13277,Armani,3.32888
BP13278,Armani,3.3881
BP13279,Armani,3.32888
BP13280,Armani,3.36086
BP13281,Armani,27.50125
BP13282,Armani,19.86731
BP13283,Armani,18.3597
BP13284,Armani,18.36488
BP13285,Armani,50.89475
BP13286,Armani,31.14322
BP13287,Armani,28.53855
BP13288,Armani,28.50767
BP13289,Armani,29.91125
BP13290,Armani,28.49454
BP13291,Armani,28.17662
BP13292,Armani,29.18061
BP13293,Armani,28.12966
BP13294,Armani,19.07789
BP13295,Armani,32.00888
BP13296,Armani,28.26151
BP13297,Armani,31.80761
BP13298,Armani,28.54515
BP13299,Armani,27.21137
BP13300,Armani,28.47521
BP13301,Armani,18.95247
BP13302,Armani,30.97892
BP13303,Armani,32.66295
BP13304,Armani,30.52172
BP13305,Armani,29.66794
BP13306,Armani,30.08369
BP13307,Armani,29.68301
BP13308,Armani,28.60592
BP13309,Armani,29.10311
BP13310,Armani,27.84971
BP13311,Armani,28.6655
BP13312,Armani,29.57603
BP13313,Armani,27.87943
BP13314,Armani,28.11621
BP13315,Armani,28.04698
BP13316,Armani,18.93151
BP13317,Armani,33.14154
BP13318,Armani,32.84874
BP13319,Armani,28.58628
BP13320,Armani,29.17109
BP13321,Armani,27.04575
BP13322,Armani,32.09181
BP13323,Armani,28.51131
BP13324,Armani,29.46375
BP13325,Armani,27.69902
BP13326,Armani,33.41811
BP13327,Armani,39.46448
BP13328,Armani,32.24107
BP13329,Armani,28.09921
BP13330,Armani,28.90777
BP13331,Armani,43.36081
BP13332,Armani,34.07668
BP13333,Armani,30.00781
BP13334,Armani,29.67783
BP13335,Armani,30.09028
BP13336,Armani,32.27024
BP13337,Armani,3.51419
BP13338,Armani,33.30581
BP13339,Armani,35.98205
BP13340,Armani,29.40753
BP13341,Armani,3.46952
BP13342,Armani,3.47769
BP13343,Armani,3.41188
BP13344,Armani,3.42275
BP13345,Armani,3.32888
BP13346,Armani,3.45213
BP13347,Armani,20.9218
BP13348,Armani,36.76074
BP13349,Armani,38.10907
BP13350,Armani,37.11398
BP13351,Armani,36.41355
BP13352,Armani,34.43338
BP13353,Armani,36.71679
BP13354,Armani,42.00689
BP13355,Armani,31.44398
BP13356,Armani,18.95873
BP13357,Armani,19.1166
BP13358,Armani,27.24703
BP13359,Armani,28.75931
BP13360,Armani,20.10114
BP13361,Armani,19.86084
BP13362,Armani,27.50648
BP13363,Armani,30.40578
BP13364,Armani,31.65853
BP13365,Armani,28.83627
BP13366,Armani,31.88546
BP13367,Armani,18.67182
BP13368,Armani,19.79497
BP13369,Armani,20.36057
BP13370,Armani,20.64913
BP13371,Armani,27.59813
BP13372,Armani,19.68788
BP13373,Armani,28.83635
BP13374,Armani,20.43057
BP13375,Armani,34.52198
BP13376,Armani,30.72793
BP13377,Armani,31.86576
BP13378,Armani,20.05767
BP13379,Armani,27.92281
BP13380,Armani,20.93596
BP13381,Armani,19.49548
BP13382,Armani,29.68595
BP13383,Armani,18.58633
BP13384,Armani,28.52528
BP13385,Armani,30.496
BP13386,Armani,18.89954
BP13387,Armani,32.01034
BP13388,Armani,19.90955
BP13389,Armani,29.81822
BP13390,Armani,29.17759
BP13391,Armani,28.46766
BP13392,Armani,28.72274
BP13393,Armani,30.01675
BP13394,Armani,29.5866
BP13395,Armani,28.3981
BP13396,Armani,32.66905
BP13397,Armani,30.5001
BP13398,Armani,29.0185
BP13399,Armani,28.55024
BP13400,Armani,28.47472
BP13401,Armani,31.50166
BP13402,Armani,20.51447
BP13403,Armani,19.05659
BP13404,Armani,27.4525
BP13405,Armani,19.8148
BP13406,Armani,27.58485
BP13407,Armani,19.83463
BP13408,Armani,18.79698
BP13409,Armani,31.22236
BP13410,Armani,28.22608
BP13411,Armani,27.9419
BP13412,Armani,18.60168
BP13413,Armani,18.79698
BP13414,Armani,29.08956
BP13415,Armani,3.45213
BP13416,Armani,3.45213
BP13417,Armani,33.0244
BP13418,Armani,30.73155
BP13419,Armani,31.29098
BP13420,Armani,18.97285
BP13421,Armani,19.18832
BP13422,Armani,18.95401
BP13423,Armani,27.37807
BP13424,Armani,31.23014
BP13425,Armani,29.26986
BP13426,Armani,30.5488
BP13427,Armani,29.21263
BP13428,Armani,3.48553
BP13429,Armani,3.53934
BP13430,Armani,3.40036
BP13431,Armani,3.36086
BP13432,Armani,3.60068
BP13433,Armani,3.80284
BP13434,Armani,3.43304
BP13435,Armani,3.66577
BP13436,Armani,3.50739
BP13437,Armani,3.52714
BP13438,Armani,3.36086
BP13439,Armani,3.34557
BP13440,Armani,3.34557
BP13441,Armani,23.00801
BP13442,Armani,29.18505
BP13443,Armani,31.17344
BP13444,Armani,19.94158
BP13445,Armani,18.85974
BP13446,Armani,19.00783
BP13447,Armani,20.04142
BP13448,Armani,19.02627
BP13449,Armani,19.04553
BP13450,Armani,27.34601
BP13451,Armani,27.38007
BP13452,Armani,28.75313
BP13453,Armani,28.63493
BP13454,Armani,37.12592
BP13455,Armani,31.97027
BP13456,Armani,28.55011
BP13457,Armani,29.17619
BP13458,Armani,32.06632
BP13459,Armani,29.92319
BP13460,Armani,28.8338
BP13461,Armani,28.1278
BP13462,Armani,19.21242
BP13463,Armani,27.3028
BP13464,Armani,27.47836
BP13465,Armani,29.76095
BP13466,Armani,28.22926
BP13467,Armani,18.87038
BP13468,Armani,18.86134
BP13469,Armani,18.82905
BP13470,Armani,18.76862
BP13471,Armani,29.73845
BP13472,Armani,32.56879
BP13473,Armani,30.43339
BP13474,Armani,20.7778
BP13475,Armani,20.83213
BP13476,Armani,28.60884
BP13477,Armani,20.30072
BP13478,Armani,3.45213
BP13479,Armani,3.37497
BP13480,Armani,3.47769
BP13481,Armani,3.46952
BP13482,Armani,3.55641
BP13483,Armani,3.34557
BP13484,Armani,29.60717
BP13485,Armani,30.81213
BP13486,Armani,28.75473
BP13487,Armani,30.4513
BP13488,Armani,30.04726
BP13489,Armani,3.74163
BP13490,Armani,3.48553
BP13491,Armani,27.4498
BP13492,Armani,28.32448
BP13493,Armani,28.10349
BP13494,Armani,3.3881
BP13495,Armani,3.37497
BP13496,Armani,3.3881
BP13497,Armani,3.41188
BP13498,Armani,3.31048
BP13499,Armani,35.55264
BP13500,Armani,38.63601
BP13501,Armani,29.45675
BP13502,Armani,28.20567
BP13503,Armani,28.45578
BP13504,Armani,28.2742
BP13505,Armani,28.74376
BP13506,Armani,27.30059
BP13507,Armani,28.1242
BP13508,Armani,31.42067
BP13509,Armani,29.78863
BP13510,Armani,20.11592
BP13511,Armani,33.44666
BP13512,Armani,18.50028
BP13513,Armani,29.45338
BP13514,Armani,28.56187
BP13515,Armani,18.76757
BP13516,Armani,27.33113
BP13517,Armani,28.99179
BP13518,Armani,27.24703
BP13519,Armani,27.29836
BP13520,Armani,19.93491
BP13521,Armani,21.04266
BP13522,Armani,29.87586
BP13523,Armani,18.59945
BP13524,Armani,28.98625
BP13525,Armani,28.38315
BP13526,Armani,28.15272
BP13527,Armani,18.6334
BP13528,Armani,18.83073
BP13529,Armani,30.02025
BP13530,Armani,18.7521
BP13531,Armani,27.88829
BP13532,Armani,28.2128
BP13533,Armani,27.33085
BP13534,Armani,30.71293
BP13535,Armani,18.78116
BP13536,Armani,18.64709
BP13537,Armani,28.99527
BP13538,Armani,19.96366
BP13539,Armani,20.73537
BP13540,Armani,27.1777
BP13541,Armani,28.56437
BP13542,Armani,3.52077
BP13543,Armani,3.37497
BP13544,Armani,3.40036
BP13545,Armani,3.44282
BP13546,Armani,27.8424
BP13547,Armani,32.5384
BP13548,Armani,33.7957
BP13549,Armani,20.18419
BP13550,Armani,28.33181
BP13551,Armani,30.13224
BP13552,Armani,32.43725
BP13553,Armani,30.62243
BP13554,Armani,31.22903
BP13555,Armani,32.08097
BP13556,Armani,18.73269
BP13557,Armani,3.32888
BP13558,Armani,3.40036
BP13559,Armani,3.58212
BP13560,Armani,3.77099
BP13561,Armani,3.44282
BP13562,Armani,3.36086
BP13563,Armani,3.41188
BP13564,Armani,3.34557
BP13565,Armani,3.37497
BP13566,Armani,33.37341
BP13567,Armani,33.48606
BP13568,Armani,27.15072
BP13569,Armani,20.71662
BP13570,Armani,29.41784
BP13571,Armani,46.53444
BP13572,Armani,19.69977
BP13573,Armani,28.20717
BP13574,Armani,27.10031
BP13575,Armani,3.41188
BP13576,Armani,28.17811
BP13577,Armani,29.07473
BP13578,Armani,28.36041
BP13579,Armani,28.0997
BP13580,Armani,3.42275
BP13581,Armani,3.28995
BP13582,Armani,3.9793
BP13583,Armani,3.34557
BP13584,Armani,29.24113
BP13585,Armani,29.06555
BP13586,Armani,28.7076
BP13587,Armani,30.17121
BP13588,Armani,18.73565
BP13589,Armani,31.79233
BP13590,Armani,28.55387
BP13591,Armani,27.40925
BP13592,Armani,30.32345
BP13593,Armani,30.26543
BP13594,Armani,29.30007
BP13595,Armani,28.28062
BP13596,Armani,18.97141
BP13597,Armani,3.31048
BP13598,Armani,27.39017
BP13599,Armani,18.82142
BP13600,Armani,28.13085
BP13601,Armani,29.82956
BP13602,Armani,28.44108
BP13603,Armani,3.42275
BP13604,Armani,3.82429
BP13605,Armani,3.28995
BP13606,Armani,3.16736
BP13607,Armani,4.07589
BP13608,Armani,29.13583
BP13609,Armani,28.86921
BP13610,Armani,33.22791
BP13611,Armani,27.41942
BP13612,Armani,28.69327
BP13613,Armani,30.2106
BP13614,Armani,27.40061
BP13615,Armani,28.3765
BP13616,Armani,29.06542
BP13617,Armani,28.31284
BP13618,Armani,18.67416
BP13619,Armani,18.69714
BP13620,Armani,28.36496
BP13621,Armani,27.4696
BP13622,Armani,30.08209
BP13623,Armani,27.04544
BP13624,Armani,28.23115
BP13625,Armani,27.38795
BP13626,Armani,27.97004
BP13627,Armani,19.16312
BP13628,Armani,29.71871
BP13629,Armani,27.17671
BP13630,Armani,28.1107
BP13631,Armani,29.27753
BP13632,Armani,28.9108
BP13633,Armani,32.00005
BP13634,Armani,18.55015
BP13635,Armani,33.26052
BP13636,Armani,28.55822
BP13637,Armani,27.36206
BP13638,Armani,29.54433
BP13639,Armani,27.22625
BP13640,Armani,19.87096
BP13641,Armani,19.71602
BP13642,Armani,3.83271
BP13643,Armani,5.58672
BP13644,Armani,3.73183
BP13645,Armani,35.44373
BP13646,Armani,18.59332
BP13647,Armani,18.46219
BP13648,Armani,28.67337
BP13649,Armani,29.24676
BP13650,Armani,29.05943
BP13651,Armani,28.88729
BP13652,Armani,19.16809
BP13653,Armani,28.89155
BP13654,Armani,29.7576
BP13655,Armani,29.06507
BP13656,Armani,18.61984
BP13657,Armani,29.86936
BP13658,Armani,29.87171
BP13659,Armani,21.26852
BP13660,Armani,3.71897
BP13661,Armani,33.16241
BP13662,Armani,3.64122
BP13663,Armani,3.45213
BP13664,Armani,3.42275
BP13665,Armani,28.43553
BP13666,Armani,28.28954
BP13667,Armani,28.13448
BP13668,Armani,27.15428
BP13669,Armani,27.40859
BP13670,Armani,29.02304
BP13671,Armani,29.68058
BP13672,Armani,20.27997
BP13673,Armani,27.32337
BP13674,Armani,29.21232
BP13675,Armani,28.63589
BP13676,Armani,3.90942
BP13677,Armani,18.92386
BP13678,Armani,29.18081
BP13679,Armani,27.41827
BP13680,Armani,18.9923
BP13681,Armani,20.82524
BP13682,Armani,27.90657
BP13683,Armani,30.12433
BP13684,Armani,29.31242
BP13685,Armani,27.24212
BP13686,Armani,29.53333
BP13687,Armani,19.73556
BP13688,Armani,30.10055
BP13689,Armani,29.05995
BP13690,Armani,29.52175
BP13691,Armani,29.45542
BP13692,Armani,27.27675
BP13693,Armani,18.84638
BP13694,Armani,3.34557
BP13695,Armani,3.37497
BP13696,Armani,3.43304
BP13697,Armani,30.03634
BP13698,Armani,29.18649
BP13699,Armani,28.41384
BP13700,Armani,28.48367
BP13701,Armani,21.53922
BP13702,Armani,29.3304
BP13703,Armani,31.36168
BP13704,Armani,30.38542
BP13705,Armani,20.86399
BP13706,Armani,30.0067
BP13707,Armani,18.77897
BP13708,Armani,29.68341
BP13709,Armani,20.79346
BP13710,Armani,30.03291
BP13711,Armani,31.79111
BP13712,Armani,3.62981
BP13713,Armani,29.03669
BP13714,Armani,30.3889
BP13715,Armani,30.54335
BP13716,Armani,27.41527
BP13717,Armani,27.06998
BP13718,Armani,30.21457
BP13719,Armani,30.1627
BP13720,Armani,3.3881
BP13721,Armani,3.49308
BP13722,Armani,3.55641
BP13723,Armani,3.26667
BP13724,Armani,3.32888
BP13725,Armani,3.66242
BP13726,Armani,3.20753
BP13727,Armani,3.28995
BP13728,Armani,28.09063
BP13729,Armani,20.71382
BP13730,Armani,21.24357
BP13731,Armani,29.79113
BP13732,Armani,30.44139
BP13733,Armani,19.11351
BP13734,Armani,28.343
BP13735,Armani,29.16684
BP13736,Armani,20.48743
BP13737,Armani,30.19044
BP13738,Armani,28.28199
BP13739,Armani,28.75861
BP13740,Armani,3.36086
BP13741,Armani,29.04018
BP13742,Armani,18.60703
BP13743,Armani,19.72652
BP13744,Armani,28.62637
BP13745,Armani,30.46105
BP13746,Armani,3.45213
BP13747,Armani,3.48553
BP13748,Armani,3.20753
BP13749,Armani,3.31048
BP13750,Armani,3.62588
BP13751,Armani,3.56706
BP13752,Armani,3.43304
BP13753,Armani,3.23971
BP13754,Armani,27.83867
BP13755,Armani,18.5083
BP13756,Armani,19.88777
BP13757,Armani,21.76218
BP13758,Armani,20.86454
BP13759,Armani,32.07541
BP13760,Armani,31.67976
BP13761,Armani,19.95215
BP13762,Armani,30.63421
BP13763,Armani,28.47119
BP13764,Armani,28.35544
BP13765,Armani,20.10061
BP13766,Armani,29.17857
BP13767,Armani,29.61724
BP13768,Armani,28.60981
BP13769,Armani,20.55842
BP13770,Armani,27.99626
BP13771,Armani,33.8888
BP13772,Armani,20.19521
BP13773,Armani,27.44679
BP13774,Armani,20.68627
BP13775,Armani,3.36086
BP13776,Armani,3.32888
BP13777,Armani,3.53934
BP13778,Armani,29.41343
BP13779,Armani,18.63913
BP13780,Armani,20.062
BP13781,Armani,29.53866
BP13782,Armani,27.47897
BP13783,Armani,18.94201
BP13784,Armani,29.12178
BP13785,Armani,3.34557
BP13786,Armani,3.53934
BP13787,Armani,3.3881
BP13788,Armani,3.42275
BP13789,Armani,20.22983
BP13790,Armani,29.98396
BP13791,Armani,29.93299
BP13792,Armani,29.34063
BP13793,Armani,27.37144
BP13794,Armani,29.10835
BP13795,Armani,20.85579
BP13796,Armani,28.68446
BP13797,Armani,20.66311
BP13798,Armani,18.59098
BP13799,Armani,28.20885
BP13800,Armani,31.67789
BP13801,Armani,29.93434
BP13802,Armani,30.34866
BP13803,Armani,19.7042
BP13804,Armani,30.8587
BP13805,Armani,3.81379
BP13806,Armani,3.3881
BP13807,Armani,3.68182
BP13808,Armani,3.3881
BP13809,Armani,3.71091
BP13810,Armani,3.32888
BP13811,Armani,3.73432
BP13812,Armani,3.31048
BP13813,Armani,3.37497
BP13814,Armani,28.1114
BP13815,Armani,30.98777
BP13816,Armani,19.99354
BP13817,Armani,18.9153
BP13818,Armani,30.48641
BP13819,Armani,18.76862
BP13820,Armani,28.5618
BP13821,Armani,28.47664
BP13822,Armani,31.29152
BP13823,Armani,28.6116
BP13824,Armani,29.74173
BP13825,Armani,30.42598
BP13826,Armani,29.34051
BP13827,Armani,31.70192
BP13828,Armani,31.25004
BP13829,Armani,20.27664
BP13830,Armani,27.29106
BP13831,Armani,37.60445
BP13832,Armani,29.62405
BP13833,Armani,35.10022
BP13834,Armani,19.06775
BP13835,Armani,28.27866
BP13836,Armani,29.36021
BP13837,Armani,18.6461
BP13838,Armani,34.11842
BP13839,Armani,21.6207
BP13840,Armani,28.31845
BP13841,Armani,36.74348
BP13842,Armani,28.63512
BP13843,Armani,32.95019
BP13844,Armani,22.23867
BP13845,Armani,32.68751
BP13846,Armani,30.05085
BP13847,Armani,27.69267
BP13848,Armani,18.95895
BP13849,Armani,29.70413
BP13850,Armani,20.10292
BP13851,Armani,31.22097
BP13852,Armani,32.85184
BP13853,Armani,28.49207
BP13854,Armani,29.30231
BP13855,Armani,27.38237
BP13856,Armani,30.21941
BP13857,Armani,29.02203
BP13858,Armani,28.28092
BP13859,Armani,29.86006
BP13860,Armani,19.40129
BP13861,Armani,29.95986
BP13862,Armani,29.25245
BP13863,Armani,20.87177
BP13864,Armani,30.91597
BP13865,Armani,29.21145
BP13866,Armani,31.06043
BP13867,Armani,20.95881
BP13868,Armani,29.9999
BP13869,Armani,19.89694
BP13870,Armani,18.93264
BP13871,Armani,29.85248
BP13872,Armani,19.98734
BP13873,Armani,33.72157
BP13874,Armani,27.95192
BP13875,Armani,20.57432
BP13876,Armani,29.09904
BP13877,Armani,31.91451
BP13878,Armani,28.23228
BP13879,Armani,21.56964
BP13880,Armani,31.18413
BP13881,Armani,28.44314
BP13882,Armani,28.76167
BP13883,Armani,32.71029
BP13884,Armani,20.27822
BP13885,Armani,29.9881
BP13886,Armani,29.07275
BP13887,Armani,27.56606
BP13888,Armani,30.98208
BP13889,Armani,28.62487
BP13890,Armani,20.93164
BP13891,Armani,19.96039
BP13892,Armani,3.68489
BP13893,Armani,3.68793
BP13894,Armani,3.55641
BP13895,Armani,3.60509
BP13896,Armani,3.42275
BP13897,Armani,3.3881
BP13898,Armani,3.26667
BP13899,Armani,3.37497
BP13900,Armani,3.3881
BP13901,Armani,29.17836
BP13902,Armani,33.65657
BP13903,Armani,29.15328
BP13904,Armani,29.53714
BP13905,Armani,30.14177
BP13906,Armani,28.42548
BP13907,Armani,28.1422
BP13908,Armani,31.04932
BP13909,Armani,18.86684
BP13910,Armani,31.22954
BP13911,Armani,28.34605
BP13912,Armani,29.88247
BP13913,Armani,29.76207
BP13914,Armani,33.15696
BP13915,Armani,27.41885
BP13916,Armani,30.05005
BP13917,Armani,3.50739
BP13918,Armani,3.82429
BP13919,Armani,3.50036
BP13920,Armani,3.55641
BP13921,Armani,3.7752
BP13922,Armani,3.56706
BP13923,Armani,3.45213
BP13924,Armani,3.44282
BP13925,Armani,3.51419
BP13926,Armani,3.82084
BP13927,Armani,3.45213
BP13928,Armani,3.32888
BP13929,Armani,3.46102
BP13930,Armani,3.54518
BP13931,Armani,3.20753
BP13932,Armani,3.45213
BP13933,Armani,3.41188
BP13934,Armani,3.32888
BP13935,Armani,3.66577
BP13936,Armani,3.52714
BP13937,Armani,18.92064
BP13938,Armani,29.20165
BP13939,Armani,29.10184
BP13940,Armani,30.34646
BP13941,Armani,28.69407
BP13942,Armani,18.87771
BP13943,Armani,44.11008
BP13944,Armani,28.69697
BP13945,Armani,31.612
BP13946,Armani,29.654
BP13947,Armani,21.7465
BP13948,Armani,20.34234
BP13949,Armani,31.59242
BP13950,Armani,29.89907
BP13951,Armani,28.33141
BP13952,Armani,29.47895
BP13953,Armani,32.75815
BP13954,Armani,28.71843
BP13955,Armani,29.99603
BP13956,Armani,19.98373
BP13957,Armani,27.41142
BP13958,Armani,30.83886
BP13959,Armani,31.04827
BP13960,Armani,18.96658
BP13961,Armani,46.94758
BP13962,Armani,31.06355
BP13963,Armani,30.08152
BP13964,Armani,29.58737
BP13965,Armani,29.20955
BP13966,Armani,30.5903
BP13967,Armani,27.18984
BP13968,Armani,4.5884
BP13969,Armani,27.82158
BP13970,Armani,4.33141
BP13971,Armani,27.66092
BP13972,Armani,18.96415
BP13973,Armani,3.63748
BP13974,Armani,18.95873
BP13975,Armani,28.21782
BP13976,Armani,31.23569
BP13977,Armani,3.37497
BP13978,Armani,30.92484
BP13979,Armani,18.78186
BP13980,Armani,50.32602
BP13981,Armani,19.98461
BP13982,Armani,31.2892
BP13983,Armani,3.28995
BP13984,Armani,3.52714
BP13985,Armani,3.28995
BP13986,Armani,35.88131
BP13987,Armani,18.27396
BP13988,Armani,36.95545
BP13989,Armani,36.34058
BP13990,Armani,28.17236
BP13991,Armani,19.83463
BP13992,Armani,29.1328
BP13993,Armani,29.65512
BP13994,Armani,18.96698
BP13995,Armani,29.83852
BP13996,Armani,29.01532
BP13997,Armani,28.49882
BP13998,Armani,3.55087
BP13999,Armani,3.6178
BP14000,Armani,3.42275
BP14001,Armani,3.60068
BP14002,Armani,3.59619
BP14003,Armani,3.41188
BP14004,Armani,3.55641
BP14005,Armani,3.94502
BP14006,Armani,3.32888
BP14007,Armani,31.24214
BP14008,Armani,28.27747
BP14009,Armani,28.34641
BP14010,Armani,30.25537
BP14011,Armani,18.76901
BP14012,Armani,20.39989
BP14013,Armani,27.2663
BP14014,Armani,20.41059
BP14015,Armani,29.12895
BP14016,Armani,29.44323
BP14017,Armani,20.05365
BP14018,Armani,31.03971
BP14019,Armani,28.37288
BP14020,Armani,20.47621
BP14021,Armani,18.87169
BP14022,Armani,27.2663
BP14023,Armani,20.11371
BP14024,Armani,3.34557
BP14025,Armani,3.34557
BP14026,Armani,3.31048
BP14027,Armani,3.32888
BP14028,Armani,3.44282
BP14029,Armani,3.65557
BP14030,Armani,3.47769
BP14031,Armani,29.85677
BP14032,Armani,29.99262
BP14033,Armani,30.66381
BP14034,Armani,32.37228
BP14035,Armani,20.57737
BP14036,Armani,18.79909
BP14037,Armani,28.33592
BP14038,Armani,26.97625
BP14039,Armani,30.65203
BP14040,Armani,18.33274
BP14041,Armani,3.50036
BP14042,Armani,32.47147
BP14043,Armani,3.60068
BP14044,Armani,3.3881
BP14045,Armani,20.04206
BP14046,Armani,28.73848
BP14047,Armani,29.7681
BP14048,Armani,30.40762
BP14049,Armani,28.17589
BP14050,Armani,30.22977
BP14051,Armani,32.02463
BP14052,Armani,29.79086
BP14053,Armani,28.40433
BP14054,Armani,18.88388
BP14055,Armani,26.9408
BP14056,Armani,30.69043
BP14057,Armani,30.8587
BP14058,Armani,28.27013
BP14059,Armani,3.42275
BP14060,Armani,29.42897
BP14061,Armani,29.4579
BP14062,Armani,3.59619
BP14063,Armani,28.28544
BP14064,Armani,20.02557
BP14065,Armani,28.43082
BP14066,Armani,30.18929
BP14067,Armani,20.75033
BP14068,Armani,20.06664
BP14069,Armani,29.14449
BP14070,Armani,3.28995
BP14071,Armani,3.20753
BP14072,Armani,3.46952
BP14073,Armani,3.3881
BP14074,Armani,3.31048
BP14075,Armani,3.71091
BP14076,Armani,3.60068
BP14077,Armani,3.70816
BP14078,Armani,3.40036
BP14079,Armani,3.41188
BP14080,Armani,3.76452
BP14081,Armani,20.0127
BP14082,Armani,24.82943
BP14083,Armani,18.94991
BP14084,Armani,28.34791
BP14085,Armani,18.79606
BP14086,Armani,27.55925
BP14087,Armani,28.2128
BP14088,Armani,18.91912
BP14089,Armani,29.27066
BP14090,Armani,28.28055
BP14091,Armani,19.94866
BP14092,Armani,19.91016
BP14093,Armani,18.6585
BP14094,Armani,18.88286
BP14095,Armani,19.73174
BP14096,Armani,18.87324
BP14097,Armani,18.80583
BP14098,Armani,18.81337
BP14099,Armani,19.81905
BP14100,Armani,20.46644
BP14101,Armani,18.4479
BP14102,Armani,29.42494
BP14103,Armani,27.73583
BP14104,Armani,31.40332
BP14105,Armani,32.82724
BP14106,Armani,19.58371
BP14107,Armani,18.83668
BP14108,Armani,27.24212
BP14109,Armani,30.30976
BP14110,Armani,29.64299
BP14111,Armani,21.03708
BP14112,Armani,20.58439
BP14113,Armani,31.49432
BP14114,Armani,27.43271
BP14115,Armani,34.352
BP14116,Armani,20.01613
BP14117,Armani,27.25718
BP14118,Armani,30.9164
BP14119,Armani,32.98028
BP14120,Armani,28.21249
BP14121,Armani,28.56673
BP14122,Armani,29.03302
BP14123,Armani,27.4133
BP14124,Armani,30.60929
BP14125,Armani,30.93171
BP14126,Armani,31.83692
BP14127,Armani,27.56306
BP14128,Armani,30.25876
BP14129,Armani,28.5101
BP14130,Armani,45.49371
BP14131,Armani,28.19273
BP14132,Armani,27.17832
BP14133,Armani,18.75868
BP14134,Armani,29.75181
BP14135,Armani,18.78282
BP14136,Armani,20.72763
BP14137,Armani,19.90665
BP14138,Armani,18.89243
BP14139,Armani,21.37149
BP14140,Armani,20.05807
BP14141,Armani,19.18911
BP14142,Armani,30.53008
BP14143,Armani,32.17662
BP14144,Armani,29.2127
BP14145,Armani,27.38265
BP14146,Armani,20.06145
BP14147,Armani,3.40036
BP14148,Armani,27.2321
BP14149,Armani,30.27826
BP14150,Armani,30.52452
BP14151,Armani,27.86163
BP14152,Armani,20.76872
BP14153,Armani,20.05806
BP14154,Armani,19.80371
BP14155,Armani,28.48767
BP14156,Armani,18.61334
BP14157,Armani,27.45223
BP14158,Armani,28.46702
BP14159,Armani,30.42771
BP14160,Armani,39.13549
BP14161,Armani,18.98844
BP14162,Armani,18.87929
BP14163,Armani,28.51826
BP14164,Armani,30.11606
BP14165,Armani,20.21607
BP14166,Armani,32.92274
BP14167,Armani,21.06916
BP14168,Armani,30.99914
BP14169,Armani,20.63231
BP14170,Armani,28.26666
BP14171,Armani,20.89061
BP14172,Armani,44.84354
BP14173,Armani,28.6767
BP14174,Armani,27.27693
BP14175,Armani,29.67003
BP14176,Armani,29.22015
BP14177,Armani,18.86094
BP14178,Armani,18.99171
BP14179,Armani,3.81734
BP14180,Armani,3.47769
BP14181,Armani,28.86946
BP14182,Armani,27.23668
BP14183,Armani,29.22542
BP14184,Armani,29.85344
BP14185,Armani,28.0415
BP14186,Armani,19.7529
BP14187,Armani,32.98045
BP14188,Armani,29.46736
BP14189,Armani,19.93914
BP14190,Armani,28.66942
BP14191,Armani,31.99515
BP14192,Armani,35.2407
BP14193,Armani,29.37255
BP14194,Armani,33.79111
BP14195,Armani,29.80678
BP14196,Armani,29.29047
BP14197,Armani,30.34998
BP14198,Armani,38.5509
BP14199,Armani,28.15217
BP14200,Armani,29.49096
BP14201,Armani,29.36351
BP14202,Armani,28.36988
BP14203,Armani,29.60973
BP14204,Armani,27.38846
BP14205,Armani,27.45891
BP14206,Armani,31.85771
BP14207,Armani,28.48366
BP14208,Armani,32.17882
BP14209,Armani,30.76756
BP14210,Armani,3.90694
BP14211,Armani,3.52077
BP14212,Armani,3.3881
BP14213,Armani,20.48564
BP14214,Armani,29.78403
BP14215,Armani,20.12174
BP14216,Armani,27.5422
BP14217,Armani,27.33937
BP14218,Armani,28.71925
BP14219,Armani,29.10747
BP14220,Armani,28.17756
BP14221,Armani,21.3053
BP14222,Armani,18.92461
BP14223,Armani,37.32353
BP14224,Armani,28.77008
BP14225,Armani,27.30474
BP14226,Armani,28.47882
BP14227,Armani,28.45092
BP14228,Armani,27.34882
BP14229,Armani,20.49213
BP14230,Armani,4.07656
BP14231,Armani,28.00857
BP14232,Armani,27.35041
BP14233,Armani,18.67596
BP14234,Armani,28.07716
BP14235,Armani,27.25199
BP14236,Armani,27.56423
BP14237,Armani,29.01338
BP14238,Armani,30.58429
BP14239,Armani,20.13581
BP14240,Armani,21.93397
BP14241,Armani,30.14934
BP14242,Armani,19.97517
BP14243,Armani,21.06039
BP14244,Armani,31.14941
BP14245,Armani,3.66242
BP14246,Armani,3.58212
BP14247,Armani,3.3881
BP14248,Armani,31.33558
BP14249,Armani,27.21973
BP14250,Armani,27.48716
BP14251,Armani,29.58157
BP14252,Armani,29.47002
BP14253,Armani,30.13308
BP14254,Armani,21.82368
BP14255,Armani,19.01511
BP14256,Armani,27.30447
BP14257,Armani,18.86061
BP14258,Armani,18.75958
BP14259,Armani,31.74122
BP14260,Armani,18.87145
BP14261,Armani,18.89239
BP14262,Armani,27.55114
BP14263,Armani,31.57816
BP14264,Armani,38.20206
BP14265,Armani,39.11531
BP14266,Armani,33.94595
BP14267,Armani,3.23971
BP14268,Armani,3.34557
BP14269,Armani,27.44867
BP14270,Armani,18.93264
BP14271,Armani,29.44423
BP14272,Armani,30.13758
BP14273,Armani,3.41188
BP14274,Armani,31.69082
BP14275,Armani,31.27487
BP14276,Armani,27.3997
BP14277,Armani,29.68259
BP14278,Armani,20.82687
BP14279,Armani,3.66577
BP14280,Armani,31.28549
BP14281,Armani,3.73432
BP14282,Armani,3.52077
BP14283,Armani,3.31048
BP14284,Armani,3.96868
BP14285,Armani,31.63188
BP14286,Armani,28.3694
BP14287,Armani,3.42275
BP14288,Armani,3.51419
BP14289,Armani,3.50036
BP14290,Armani,3.88359
BP14291,Armani,3.59619
BP14292,Armani,3.32888
BP14293,Armani,3.36086
BP14294,Armani,20.83918
BP14295,Armani,28.38238
BP14296,Armani,30.50279
BP14297,Armani,34.44723
BP14298,Armani,29.43323
BP14299,Armani,28.52838
BP14300,Armani,19.01469
BP14301,Armani,18.69477
BP14302,Armani,20.48376
BP14303,Armani,21.00772
BP14304,Armani,19.73301
BP14305,Armani,28.4315
BP14306,Armani,20.00956
BP14307,Armani,18.88858
BP14308,Armani,30.01358
BP14309,Armani,3.45213
BP14310,Armani,29.78118
BP14311,Armani,28.49139
BP14312,Armani,18.87447
BP14313,Armani,29.99226
BP14314,Armani,3.48553
BP14315,Armani,30.36465
BP14316,Armani,20.74923
BP14317,Armani,19.00359
BP14318,Armani,4.16275
BP14319,Armani,3.23971
BP14320,Armani,18.83609
BP14321,Armani,28.54031
BP14322,Armani,29.31717
BP14323,Armani,28.13622
BP14324,Armani,29.67452
BP14325,Armani,29.3754
BP14326,Armani,18.95049
BP14327,Armani,29.15714
BP14328,Armani,19.94637
BP14329,Armani,28.97836
BP14330,Armani,30.22041
BP14331,Armani,27.26715
BP14332,Armani,29.36755
BP14333,Armani,20.53359
BP14334,Armani,30.79719
BP14335,Armani,30.03501
BP14336,Armani,28.46441
BP14337,Armani,31.68447
BP14338,Armani,5.35519
BP14339,Armani,3.49308
BP14340,Armani,40.30559
BP14341,Armani,37.76702
BP14342,Armani,31.02113
BP14343,Armani,3.36086
BP14344,Armani,4.34251
BP14345,Armani,36.5397
BP14346,Armani,34.65501
BP14347,Armani,29.26699
BP14348,Armani,28.39731
BP14349,Armani,19.07503
BP14350,Armani,3.41188
BP14351,Armani,3.50739
BP14352,Armani,3.46102
BP14353,Armani,3.46952
BP14354,Armani,3.45213
BP14355,Armani,3.53934
BP14356,Armani,3.43304
BP14357,Armani,3.50036
BP14358,Armani,3.34557
BP14359,Armani,3.26667
BP14360,Armani,3.52077
BP14361,Armani,3.40036
BP14362,Armani,3.73678
BP14363,Armani,3.45213
BP14364,Armani,3.46952
BP14365,Armani,21.75772
BP14366,Armani,28.56277
BP14367,Armani,18.98654
BP14368,Armani,20.2476
BP14369,Armani,29.42291
BP14370,Armani,18.98967
BP14371,Armani,20.94373
BP14372,Armani,31.07347
BP14373,Armani,28.93994
BP14374,Armani,21.33657
BP14375,Armani,19.05305
BP14376,Armani,29.84629
BP14377,Armani,29.44642
BP14378,Armani,31.13666
BP14379,Armani,19.17795
BP14380,Armani,31.72338
BP14381,Armani,30.2256
BP14382,Armani,19.00783
BP14383,Armani,27.31325
BP14384,Armani,27.9707
BP14385,Armani,29.19914
BP14386,Armani,30.75574
BP14387,Armani,18.72518
BP14388,Armani,28.52528
BP14389,Armani,3.46102
BP14390,Armani,18.60168
BP14391,Armani,28.91722
BP14392,Armani,27.54058
BP14393,Armani,31.23038
BP14394,Armani,29.26071
BP14395,Armani,19.92045
BP14396,Armani,27.49603
BP14397,Armani,31.85097
BP14398,Armani,18.89908
BP14399,Armani,18.84595
BP14400,Armani,29.22961
BP14401,Armani,27.39546
BP14402,Armani,20.65498
BP14403,Armani,18.94878
BP14404,Armani,3.84086
BP14405,Armani,27.42114
BP14406,Armani,20.14514
BP14407,Armani,3.44282
BP14408,Armani,3.40036
BP14409,Armani,3.52714
BP14410,Armani,3.80284
BP14411,Armani,4.18158
BP14412,Armani,3.89553
BP14413,Armani,3.36086
BP14414,Armani,4.8852
BP14415,Armani,3.31048
BP14416,Armani,28.00188
BP14417,Armani,27.14496
BP14418,Armani,20.07198
BP14419,Armani,30.94981
BP14420,Armani,31.51463
BP14421,Armani,28.06051
BP14422,Armani,32.27657
BP14423,Armani,30.29412
BP14424,Armani,27.35229
BP14425,Armani,30.83286
BP14426,Armani,30.62377
BP14427,Armani,30.54477
BP14428,Armani,7.181
BP14429,Armani,19.15347
BP14430,Armani,40.4452
BP14431,Armani,15.40252
BP14432,Armani,29.24744
BP14433,Armani,27.25488
BP14434,Armani,19.89019
BP14435,Armani,27.20607
BP14436,Armani,18.52797
BP14437,Armani,29.14841
BP14438,Armani,32.2506
BP14439,Armani,31.8092
BP14440,Armani,16.29792
BP14441,Armani,17.70946
BP14442,Armani,28.49359
BP14443,Armani,29.09477
BP14444,Armani,15.72621
BP14445,Armani,29.77228
BP14446,Armani,20.65449
BP14447,Armani,28.25316
BP14448,Armani,28.1435
BP14449,Armani,28.15387
BP14450,Armani,29.38303
BP14451,Armani,31.42773
BP14452,Armani,28.69992
BP14453,Armani,30.01668
BP14454,Armani,28.4837
BP14455,Armani,28.42404
BP14456,Armani,28.04316
BP14457,Armani,18.99966
BP14458,Armani,37.06245
BP14459,Armani,33.28593
BP14460,Armani,30.9622
BP14461,Armani,29.45696
BP14462,Armani,30.34873
BP14463,Armani,20.32568
BP14464,Armani,28.71242
BP14465,Armani,29.14006
BP14466,Armani,28.40071
BP14467,Armani,33.31644
BP14468,Armani,33.06918
BP14469,Armani,28.22223
BP14470,Armani,18.74785
BP14471,Armani,18.84589
BP14472,Armani,31.07256
BP14473,Armani,30.64366
BP14474,Armani,31.94033
BP14475,Armani,29.217
BP14476,Armani,28.37934
BP14477,Armani,28.28062
BP14478,Armani,31.11724
BP14479,Armani,26.9961
BP14480,Armani,19.81316
BP14481,Armani,19.82487
BP14482,Armani,34.85704
BP14483,Armani,28.98455
BP14484,Armani,19.78131
BP14485,Armani,36.846
BP14486,Armani,31.65542
BP14487,Armani,27.20559
BP14488,Armani,19.66228
BP14489,Armani,18.95975
BP14490,Armani,18.48442
BP14491,Armani,19.19835
BP14492,Armani,29.4851
BP14493,Armani,28.31565
BP14494,Armani,31.49579
BP14495,Armani,38.56607
BP14496,Armani,33.32599
BP14497,Armani,30.60168
BP14498,Armani,28.71729
BP14499,Armani,20.07746
BP14500,Armani,28.31274
BP14501,Armani,19.82016
BP14502,Armani,29.44406
BP14503,Armani,19.84965
BP14504,Armani,29.92146
BP14505,Armani,28.9051
BP14506,Armani,29.11875
BP14507,Armani,27.74231
BP14508,Armani,33.48049
BP14509,Armani,27.55602
BP14510,Armani,27.2005
BP14511,Armani,43.16812
BP14512,Armani,27.77418
BP14513,Armani,28.85965
BP14514,Armani,27.98871
BP14515,Armani,27.10933
BP14516,Armani,27.55417
BP14517,Armani,29.21806
BP14518,Armani,28.49139
BP14519,Armani,27.51015
BP14520,Armani,29.09352
BP14521,Armani,27.23109
BP14522,Armani,29.76154
BP14523,Armani,28.43836
BP14524,Armani,19.14689
BP14525,Armani,19.80519
BP14526,Armani,28.96386
BP14527,Armani,32.8653
BP14528,Armani,28.49054
BP14529,Armani,29.18606
BP14530,Armani,36.10643
BP14531,Armani,29.45748
BP14532,Armani,35.48401
BP14533,Armani,29.03977
BP14534,Armani,29.95824
BP14535,Armani,21.10519
BP14536,Armani,20.31795
BP14537,Armani,29.35033
BP14538,Armani,29.38507
BP14539,Armani,28.91471
BP14540,Armani,26.76201
BP14541,Armani,18.56765
BP14542,Armani,20.32146
BP14543,Armani,29.47266
BP14544,Armani,29.692
BP14545,Armani,31.30602
BP14546,Armani,20.25418
BP14547,Armani,18.67771
BP14548,Armani,27.40001
BP14549,Armani,19.05424
BP14550,Armani,20.8424
BP14551,Armani,28.76082
BP14552,Armani,19.10656
BP14553,Armani,20.80313
BP14554,Armani,32.20383
BP14555,Armani,28.56124
BP14556,Armani,33.53253
BP14557,Armani,28.96508
BP14558,Armani,27.37551
BP14559,Armani,21.58904
BP14560,Armani,28.42634
BP14561,Armani,29.55512
BP14562,Armani,31.10241
BP14563,Armani,30.41642
BP14564,Armani,18.75358
BP14565,Armani,30.27725
BP14566,Armani,27.29484
BP14567,Armani,19.15755
BP14568,Armani,19.86731
BP14569,Armani,31.93414
BP14570,Armani,18.82793
BP14571,Armani,32.7122
BP14572,Armani,33.60397
BP14573,Armani,28.66157
BP14574,Armani,29.34384
BP14575,Armani,30.36882
BP14576,Armani,18.56244
BP14577,Armani,19.50007
BP14578,Armani,18.685
BP14579,Armani,3.11313
BP14580,Armani,3.68793
BP14581,Armani,3.64122
BP14582,Armani,27.44702
BP14583,Armani,28.62213
BP14584,Armani,29.85646
BP14585,Armani,29.29702
BP14586,Armani,19.85048
BP14587,Armani,18.57921
BP14588,Armani,28.01457
BP14589,Armani,31.23133
BP14590,Armani,28.19127
BP14591,Armani,31.59115
BP14592,Armani,28.15608
BP14593,Armani,28.4293
BP14594,Armani,3.36086
BP14595,Armani,3.78139
BP14596,Armani,3.71091
BP14597,Armani,27.96715
BP14598,Armani,31.98448
BP14599,Armani,30.71789
BP14600,Armani,42.85012
BP14601,Armani,31.24122
BP14602,Armani,28.99995
BP14603,Armani,31.34159
BP14604,Armani,27.56267
BP14605,Armani,27.68218
BP14606,Armani,18.59291
BP14607,Armani,27.97868
BP14608,Armani,18.87641
BP14609,Armani,28.99971
BP14610,Armani,28.25127
BP14611,Armani,18.70627
BP14612,Armani,33.67806
BP14613,Armani,29.63454
BP14614,Armani,20.0093
BP14615,Armani,27.24599
BP14616,Armani,19.81813
BP14617,Armani,18.87324
BP14618,Armani,28.21137
BP14619,Armani,18.86684
BP14620,Armani,19.14975
BP14621,Armani,30.70376
BP14622,Armani,28.10412
BP14623,Armani,27.51763
BP14624,Armani,29.66901
BP14625,Armani,20.16408
BP14626,Armani,28.29531
BP14627,Armani,31.01706
BP14628,Armani,3.7216
BP14629,Armani,17.54289
BP14630,Armani,30.19201
BP14631,Armani,16.71061
BP14632,Armani,30.90164
BP14633,Armani,30.94391
BP14634,Armani,15.99086
BP14635,Armani,18.78015
BP14636,Armani,16.80837
BP14637,Armani,29.71213
BP14638,Armani,16.51527
BP14639,Armani,6.97868
BP14640,Armani,19.70122
BP14641,Armani,3.3881
BP14642,Armani,29.48595
BP14643,Armani,29.71213
BP14644,Armani,27.14409
BP14645,Armani,34.30036
BP14646,Armani,7.22694
BP14647,Armani,29.2641
BP14648,Armani,13.91051
BP14649,Armani,28.03407
BP14650,Armani,15.76447
BP14651,Armani,29.63991
BP14652,Armani,28.0672
BP14653,Armani,16.6449
BP14654,Armani,33.05096
BP14655,Armani,28.71558
BP14656,Armani,27.68127
BP14657,Armani,20.16681
BP14658,Armani,17.00902
BP14659,Armani,16.80684
BP14660,Armani,16.84275
BP14661,Armani,31.15276
BP14662,Armani,29.52008
BP14663,Armani,29.40214
BP14664,Armani,33.6718
BP14665,Armani,29.7207
BP14666,Armani,28.83138
BP14667,Armani,19.05297
BP14668,Armani,29.97981
BP14669,Armani,15.77504
BP14670,Armani,28.39191
BP14671,Armani,18.82639
BP14672,Armani,22.0679
BP14673,Armani,28.68201
BP14674,Armani,15.77712
BP14675,Armani,15.63965
BP14676,Armani,28.53551
BP14677,Armani,28.35611
BP14678,Armani,18.9493
BP14679,Armani,15.84098
BP14680,Armani,17.19657
BP14681,Armani,28.89652
BP14682,Armani,31.24389
BP14683,Armani,29.05959
BP14684,Armani,34.31547
BP14685,Armani,31.88561
BP14686,Armani,7.35341
BP14687,Armani,19.096
BP14688,Armani,29.92566
BP14689,Armani,30.13489
BP14690,Armani,29.63591
BP14691,Armani,29.41644
BP14692,Armani,16.41744
BP14693,Armani,27.44406
BP14694,Armani,20.90254
BP14695,Armani,28.10778
BP14696,Armani,7.48303
BP14697,Armani,16.46042
BP14698,Armani,30.27591
BP14699,Armani,15.67646
BP14700,Armani,16.02317
BP14701,Armani,27.54751
BP14702,Armani,16.76807
BP14703,Armani,28.29078
BP14704,Armani,30.41419
BP14705,Armani,18.89406
BP14706,Armani,29.1554
BP14707,Armani,16.766
BP14708,Armani,33.96619
BP14709,Armani,15.78031
BP14710,Armani,19.1663
BP14711,Armani,15.55481
BP14712,Armani,30.90544
BP14713,Armani,27.24208
BP14714,Armani,39.85888
BP14715,Armani,33.82644
BP14716,Armani,27.48154
BP14717,Armani,30.51419
BP14718,Armani,27.84769
BP14719,Armani,19.06132
BP14720,Armani,29.516
BP14721,Armani,7.28348
BP14722,Armani,18.96479
BP14723,Armani,16.59598
BP14724,Armani,3.32888
BP14725,Armani,3.65207
BP14726,Armani,3.3881
BP14727,Armani,21.12646
BP14728,Armani,7.31624
BP14729,Armani,7.64058
BP14730,Armani,28.54734
BP14731,Armani,17.89156
BP14732,Armani,20.01613
BP14733,Armani,29.99535
BP14734,Armani,27.46659
BP14735,Armani,28.33775
BP14736,Armani,29.59408
BP14737,Armani,17.30467
BP14738,Armani,17.88723
BP14739,Armani,30.12735
BP14740,Armani,29.81394
BP14741,Armani,31.49428
BP14742,Armani,18.34272
BP14743,Armani,33.95573
BP14744,Armani,20.3052
BP14745,Armani,20.39182
BP14746,Armani,19.09203
BP14747,Armani,21.44931
BP14748,Armani,21.30421
BP14749,Armani,33.22277
BP14750,Armani,28.77836
BP14751,Armani,29.82925
BP14752,Armani,38.04069
BP14753,Armani,28.64028
BP14754,Armani,31.97931
BP14755,Armani,29.50581
BP14756,Armani,17.47424
BP14757,Armani,30.47004
BP14758,Armani,28.95719
BP14759,Armani,31.06577
BP14760,Armani,16.85018
BP14761,Armani,27.38369
BP14762,Armani,18.18784
BP14763,Armani,30.23522
BP14764,Armani,15.71526
BP14765,Armani,7.33158
BP14766,Armani,27.47857
BP14767,Armani,30.05995
BP14768,Armani,30.96727
BP14769,Armani,30.81049
BP14770,Armani,18.99497
BP14771,Armani,28.48658
BP14772,Armani,17.51961
BP14773,Armani,29.72494
BP14774,Armani,16.49226
BP14775,Armani,28.06266
BP14776,Armani,28.38987
BP14777,Armani,36.85823
BP14778,Armani,30.8979
BP14779,Armani,29.44832
BP14780,Armani,17.8548
BP14781,Armani,29.51174
BP14782,Armani,28.63002
BP14783,Armani,4.69049
BP14784,Armani,17.55239
BP14785,Armani,30.64049
BP14786,Armani,27.21076
BP14787,Armani,36.67162
BP14788,Armani,5.57492
BP14789,Armani,32.36994
BP14790,Armani,5.79398
BP14791,Armani,15.62801
BP14792,Armani,5.94054
BP14793,Armani,28.49076
BP14794,Armani,7.29957
BP14795,Armani,27.443
BP14796,Armani,36.84218
BP14797,Armani,37.95068
BP14798,Armani,30.36008
BP14799,Armani,32.85112
BP14800,Armani,17.31944
BP14801,Armani,16.21415
BP14802,Armani,32.86042
BP14803,Armani,30.72148
BP14804,Armani,5.86015
BP14805,Armani,30.59939
BP14806,Armani,32.69526
BP14807,Armani,16.91343
BP14808,Armani,41.36549
BP14809,Armani,31.76032
BP14810,Armani,36.18911
BP14811,Armani,16.44949
BP14812,Armani,17.77665
BP14813,Armani,17.00475
BP14814,Armani,32.32227
BP14815,Armani,17.83693
BP14816,Armani,15.84507
BP14817,Armani,28.23101
BP14818,Armani,17.45563
BP14819,Armani,18.96954
BP14820,Armani,28.9746
BP14821,Armani,33.24603
BP14822,Armani,28.86463
BP14823,Armani,3.37497
BP14824,Armani,3.34557
BP14825,Armani,3.34557
BP14826,Armani,3.42275
BP14827,Armani,3.23971
BP14828,Armani,3.32888
BP14829,Armani,3.42275
BP14830,Armani,29.07731
BP14831,Armani,15.85934
BP14832,Armani,30.26177
BP14833,Armani,28.95862
BP14834,Armani,33.57442
BP14835,Armani,30.62377
BP14836,Armani,30.30574
BP14837,Armani,16.7683
BP14838,Armani,30.14034
BP14839,Armani,33.05896
BP14840,Armani,15.66705
BP14841,Armani,19.29507
BP14842,Armani,31.63487
BP14843,Armani,16.67312
BP14844,Armani,32.965
BP14845,Armani,28.51817
BP14846,Armani,28.77746
BP14847,Armani,3.28995
BP14848,Armani,30.91562
BP14849,Armani,27.4331
BP14850,Armani,30.79816
BP14851,Armani,30.6674
BP14852,Armani,33.72188
BP14853,Armani,33.84609
BP14854,Armani,31.12187
BP14855,Armani,28.21801
BP14856,Armani,15.80836
BP14857,Armani,29.22547
BP14858,Armani,15.70675
BP14859,Armani,29.17097
BP14860,Armani,21.01442
BP14861,Armani,28.3138
BP14862,Armani,30.05168
BP14863,Armani,20.30701
BP14864,Armani,28.28772
BP14865,Armani,27.75494
BP14866,Armani,16.8501
BP14867,Armani,31.91384
BP14868,Armani,18.92028
BP14869,Armani,28.42532
BP14870,Armani,32.24076
BP14871,Armani,16.63381
BP14872,Armani,15.68963
BP14873,Armani,20.06664
BP14874,Armani,32.86914
BP14875,Armani,28.33104
BP14876,Armani,29.42157
BP14877,Armani,19.137
BP14878,Armani,6.94241
BP14879,Armani,30.73369
BP14880,Armani,27.93842
BP14881,Armani,27.6046
BP14882,Armani,27.42915
BP14883,Armani,16.06935
BP14884,Armani,17.54912
BP14885,Armani,31.15771
BP14886,Armani,20.21313
BP14887,Armani,19.0791
BP14888,Armani,7.34944
BP14889,Armani,30.00393
BP14890,Armani,36.71841
BP14891,Armani,29.95992
BP14892,Armani,7.66601
BP14893,Armani,29.43475
BP14894,Armani,30.27234
BP14895,Armani,7.57157
BP14896,Armani,19.20017
BP14897,Armani,15.9568
BP14898,Armani,31.09567
BP14899,Armani,29.34523
BP14900,Armani,29.56134
BP14901,Armani,29.64818
BP14902,Armani,16.01872
BP14903,Armani,19.13327
BP14904,Armani,30.2118
BP14905,Armani,22.61109
BP14906,Armani,34.42078
BP14907,Armani,28.49745
BP14908,Armani,37.30569
BP14909,Armani,32.1116
BP14910,Armani,20.87384
BP14911,Armani,27.30775
BP14912,Armani,28.39464
BP14913,Armani,20.86849
BP14914,Armani,28.28413
BP14915,Armani,27.4589
BP14916,Armani,27.28151
BP14917,Armani,17.04767
BP14918,Armani,27.3396
BP14919,Armani,6.97418
BP14920,Armani,15.49809
BP14921,Armani,30.04087
BP14922,Armani,32.28572
BP14923,Armani,18.99562
BP14924,Armani,7.51243
BP14925,Armani,28.54829
BP14926,Armani,20.23386
BP14927,Armani,16.23439
BP14928,Armani,16.10672
BP14929,Armani,17.20782
BP14930,Armani,3.46952
BP14931,Armani,3.55641
BP14932,Armani,29.7537
BP14933,Armani,7.11891
BP14934,Armani,18.75272
BP14935,Armani,20.11436
BP14936,Armani,28.2302
BP14937,Armani,7.26295
BP14938,Armani,17.62546
BP14939,Armani,33.65818
BP14940,Armani,34.20815
BP14941,Armani,7.27224
BP14942,Armani,5.16947
BP14943,Armani,17.13327
BP14944,Armani,18.85576
BP14945,Armani,31.92923
BP14946,Armani,27.65467
BP14947,Armani,20.26878
BP14948,Armani,3.34557
BP14949,Armani,16.83836
BP14950,Armani,7.45726
BP14951,Armani,32.19094
BP14952,Armani,31.47248
BP14953,Armani,17.27122
BP14954,Armani,7.1289
BP14955,Armani,17.99339
BP14956,Armani,28.36502
BP14957,Armani,3.28995
BP14958,Armani,27.80341
BP14959,Armani,16.58368
BP14960,Armani,28.2982
BP14961,Armani,29.85552
BP14962,Armani,27.88958
BP14963,Armani,18.42622
BP14964,Armani,6.92071
BP14965,Armani,29.91394
BP14966,Armani,28.42149
BP14967,Armani,7.4835
BP14968,Armani,39.02187
BP14969,Armani,35.70558
BP14970,Armani,35.59713
BP14971,Armani,3.23971
BP14972,Armani,3.56706
BP14973,Armani,7.49211
BP14974,Armani,7.00498
BP14975,Armani,20.87092
BP14976,Armani,36.10742
BP14977,Armani,15.92658
BP14978,Armani,16.10283
BP14979,Armani,15.98949
BP14980,Armani,29.70546
BP14981,Armani,18.64931
BP14982,Armani,31.76032
BP14983,Armani,31.42909
BP14984,Armani,20.06579
BP14985,Armani,18.96678
BP14986,Armani,6.02776
BP14987,Armani,27.93603
BP14988,Armani,7.26385
BP14989,Armani,30.88538
BP14990,Armani,26.97625
BP14991,Armani,15.71056
BP14992,Armani,15.36008
BP14993,Armani,7.57104
BP14994,Armani,22.78105
BP14995,Armani,32.62526
BP14996,Armani,32.19861
BP14997,Armani,3.36086
BP14998,Armani,15.85434
BP14999,Armani,18.97803
BP15000,Armani,7.59315
BP15001,Armani,20.62399
BP15002,Armani,7.29195
BP15003,Armani,18.97014
BP15004,Armani,16.1387
BP15005,Armani,27.01035
BP15006,Armani,29.81948
BP15007,Armani,3.16736
BP15008,Armani,3.66577
BP15009,Armani,31.69635
BP15010,Armani,33.37211
BP15011,Armani,7.52887
BP15012,Armani,29.89534
BP15013,Armani,27.48484
BP15014,Armani,34.04581
BP15015,Armani,20.20012
BP15016,Armani,19.82174
BP15017,Armani,30.57196
BP15018,Armani,28.43164
BP15019,Armani,7.53012
BP15020,Armani,18.75872
BP15021,Armani,15.9446
BP15022,Armani,16.93126
BP15023,Armani,27.62919
BP15024,Armani,7.54867
BP15025,Armani,28.76365
BP15026,Armani,20.03411
BP15027,Armani,28.52404
BP15028,Armani,17.12904
BP15029,Armani,3.49308
BP15030,Armani,15.97176
BP15031,Armani,37.47019
BP15032,Armani,28.07716
BP15033,Armani,3.34557
BP15034,Armani,29.51387
BP15035,Armani,15.98422
BP15036,Armani,7.21296
BP15037,Armani,28.15053
BP15038,Armani,16.46511
BP15039,Armani,3.31048
BP15040,Armani,30.23757
BP15041,Armani,15.70729
BP15042,Armani,7.31169
BP15043,Armani,29.12511
BP15044,Armani,19.06687
BP15045,Armani,15.65265
BP15046,Armani,28.30131
BP15047,Armani,27.37551
BP15048,Armani,20.05984
BP15049,Armani,3.53934
BP15050,Armani,3.28995
BP15051,Armani,30.89397
BP15052,Armani,19.14715
BP15053,Armani,27.40637
BP15054,Armani,3.46102
BP15055,Armani,5.89214
BP15056,Armani,7.11275
BP15057,Armani,19.02677
BP15058,Armani,18.99873
BP15059,Armani,19.35252
BP15060,Armani,28.3699
BP15061,Armani,7.13946
BP15062,Armani,19.06132
BP15063,Armani,3.37497
BP15064,Armani,3.44282
BP15065,Armani,3.41188
BP15066,Armani,19.07133
BP15067,Armani,18.25068
BP15068,Armani,7.41564
BP15069,Armani,6.9283
BP15070,Armani,35.7087
BP15071,Armani,3.43304
BP15072,Armani,27.53842
BP15073,Armani,28.65195
BP15074,Armani,19.14828
BP15075,Armani,17.32402
BP15076,Armani,7.24735
BP15077,Armani,20.34179
BP15078,Armani,7.47107
BP15079,Armani,20.27462
BP15080,Armani,31.65042
BP15081,Armani,17.35621
BP15082,Armani,17.12223
BP15083,Armani,16.02255
BP15084,Armani,3.91907
BP15085,Armani,7.28892
BP15086,Armani,27.1106
BP15087,Armani,27.67989
BP15088,Armani,30.03017
BP15089,Armani,15.89905
BP15090,Armani,27.83576
BP15091,Armani,31.00774
BP15092,Armani,15.88533
BP15093,Armani,16.87436
BP15094,Armani,30.29392
BP15095,Armani,28.36476
BP15096,Armani,27.65326
BP15097,Armani,20.44205
BP15098,Armani,3.55641
BP15099,Armani,30.46308
BP15100,Armani,28.44201
BP15101,Armani,7.38827
BP15102,Armani,3.52077
BP15103,Armani,22.03934
BP15104,Armani,31.31404
BP15105,Armani,31.67271
BP15106,Armani,3.23971
BP15107,Armani,17.78357
BP15108,Armani,18.74052
BP15109,Armani,27.34408
BP15110,Armani,7.25595
BP15111,Armani,15.48865
BP15112,Armani,28.83348
BP15113,Armani,31.01193
BP15114,Armani,27.37144
BP15115,Armani,28.66084
BP15116,Armani,29.37418
BP15117,Armani,16.69325
BP15118,Armani,28.28092
BP15119,Armani,6.21372
BP15120,Armani,31.49689
BP15121,Armani,29.05027
BP15122,Armani,29.8439
BP15123,Armani,32.27581
BP15124,Armani,33.81975
BP15125,Armani,30.16644
BP15126,Armani,28.15959
BP15127,Armani,19.17847
BP15128,Armani,31.49757
BP15129,Armani,19.28504
BP15130,Armani,31.35334
BP15131,Armani,16.40256
BP15132,Armani,34.91883
BP15133,Armani,18.99267
BP15134,Armani,6.95734
BP15135,Armani,29.89131
BP15136,Armani,7.39612
BP15137,Armani,16.65658
BP15138,Armani,35.93916
BP15139,Armani,16.64778
BP15140,Armani,33.95112
BP15141,Armani,34.08701
BP15142,Armani,21.74696
BP15143,Armani,29.60935
BP15144,Armani,33.14124
BP15145,Armani,19.97866
BP15146,Armani,28.91097
BP15147,Armani,33.53756
BP15148,Armani,31.68883
BP15149,Armani,29.85977
BP15150,Armani,17.3983
BP15151,Armani,21.33442
BP15152,Armani,19.09397
BP15153,Armani,19.15912
BP15154,Armani,27.85526
BP15155,Armani,27.61648
BP15156,Armani,29.30624
BP15157,Armani,29.48315
BP15158,Armani,30.97416
BP15159,Armani,28.81027
BP15160,Armani,18.85391
BP15161,Armani,28.94071
BP15162,Armani,28.91272
BP15163,Armani,28.69917
BP15164,Armani,20.46299
BP15165,Armani,29.67088
BP15166,Armani,15.93958
BP15167,Armani,30.46378
BP15168,Armani,17.34498
BP15169,Armani,17.29379
BP15170,Armani,29.8597
BP15171,Armani,31.39828
BP15172,Armani,30.39622
BP15173,Armani,19.25894
BP15174,Armani,19.15131
BP15175,Armani,15.58267
BP15176,Armani,28.96119
BP15177,Armani,29.10704
BP15178,Armani,30.8275
BP15179,Armani,32.25696
BP15180,Armani,17.65956
BP15181,Armani,16.78093
BP15182,Armani,27.48518
BP15183,Armani,31.13549
BP15184,Armani,29.72524
BP15185,Armani,32.71216
BP15186,Armani,19.17375
BP15187,Armani,27.83432
BP15188,Armani,27.61357
BP15189,Armani,28.87902
BP15190,Armani,15.75082
BP15191,Armani,33.38004
BP15192,Armani,28.45852
BP15193,Armani,31.04907
BP15194,Armani,28.65632
BP15195,Armani,34.71005
BP15196,Armani,16.91004
BP15197,Armani,15.52052
BP15198,Armani,16.31509
BP15199,Armani,33.13175
BP15200,Armani,16.90822
BP15201,Armani,19.11401
BP15202,Armani,31.52953
BP15203,Armani,28.33183
BP15204,Armani,27.49905
BP15205,Armani,30.62014
BP15206,Armani,27.85336
BP15207,Armani,19.10963
BP15208,Armani,27.59164
BP15209,Armani,27.64664
BP15210,Armani,28.40061
BP15211,Armani,15.83
BP15212,Armani,30.76713
BP15213,Armani,29.11821
BP15214,Armani,6.73964
BP15215,Armani,31.92087
BP15216,Armani,37.91394
BP15217,Armani,18.60426
BP15218,Armani,18.63994
BP15219,Armani,30.37067
BP15220,Armani,29.3388
BP15221,Armani,32.55917
BP15222,Armani,16.80032
BP15223,Armani,31.87103
BP15224,Armani,30.22765
BP15225,Armani,28.85751
BP15226,Armani,15.84515
BP15227,Armani,7.40696
BP15228,Armani,28.6488
BP15229,Armani,30.00048
BP15230,Armani,29.92313
BP15231,Armani,32.03933
BP15232,Armani,28.68657
BP15233,Armani,29.88515
BP15234,Armani,19.31148
BP15235,Armani,7.35274
BP15236,Armani,7.23346
BP15237,Armani,27.67281
BP15238,Armani,20.73976
BP15239,Armani,7.32859
BP15240,Armani,21.34308
BP15241,Armani,5.89214
BP15242,Armani,38.45479
BP15243,Armani,35.52924
BP15244,Armani,29.0662
BP15245,Armani,30.72776
BP15246,Armani,15.78935
BP15247,Armani,28.99747
BP15248,Armani,18.59237
BP15249,Armani,27.72964
BP15250,Armani,16.42146
BP15251,Armani,16.04536
BP15252,Armani,16.68672
BP15253,Armani,28.44603
BP15254,Armani,30.62105
BP15255,Armani,31.54367
BP15256,Armani,7.54545
BP15257,Armani,31.33476
BP15258,Armani,18.56263
BP15259,Armani,29.37521
BP15260,Armani,27.36281
BP15261,Armani,7.44703
BP15262,Armani,27.3393
BP15263,Armani,5.71572
BP15264,Armani,16.66998
BP15265,Armani,28.51332
BP15266,Armani,28.3608
BP15267,Armani,32.17588
BP15268,Armani,29.94775
BP15269,Armani,6.30925
BP15270,Armani,33.1628
BP15271,Armani,16.50345
BP15272,Armani,33.02897
BP15273,Armani,15.52205
BP15274,Armani,32.44747
BP15275,Armani,27.49531
BP15276,Armani,16.81961
BP15277,Armani,7.4078
BP15278,Armani,27.46382
BP15279,Armani,30.90335
BP15280,Armani,30.19044
BP15281,Armani,27.51285
BP15282,Armani,30.23705
BP15283,Armani,28.46408
BP15284,Armani,30.65275
BP15285,Armani,31.03639
BP15286,Armani,31.83699
BP15287,Armani,21.406
BP15288,Armani,28.79672
BP15289,Armani,18.02635
BP15290,Armani,34.429
BP15291,Armani,18.1112
BP15292,Armani,16.66698
BP15293,Armani,27.54907
BP15294,Armani,28.67259
BP15295,Armani,3.32888
BP15296,Armani,29.88741
BP15297,Armani,30.97152
BP15298,Armani,29.43751
BP15299,Armani,21.1099
BP15300,Armani,15.9301
BP15301,Armani,28.23311
BP15302,Armani,7.50355
BP15303,Armani,7.09043
BP15304,Armani,19.93668
BP15305,Armani,35.27753
BP15306,Armani,29.91735
BP15307,Armani,31.26923
BP15308,Armani,31.4368
BP15309,Armani,28.97617
BP15310,Armani,32.28489
BP15311,Armani,27.53911
BP15312,Armani,30.33851
BP15313,Armani,31.44162
BP15314,Armani,16.6356
BP15315,Armani,7.10297
BP15316,Armani,5.57492
BP15317,Armani,27.40548
BP15318,Armani,5.79398
BP15319,Armani,3.46102
BP15320,Armani,3.50036
BP15321,Armani,28.8405
BP15322,Armani,27.68416
BP15323,Armani,16.37593
BP15324,Armani,7.26936
BP15325,Armani,28.33775
BP15326,Armani,27.46082
BP15327,Armani,7.30548
BP15328,Armani,27.44421
BP15329,Armani,18.95761
BP15330,Armani,28.01165
BP15331,Armani,17.67292
BP15332,Armani,32.54543
BP15333,Armani,31.9357
BP15334,Armani,15.59825
BP15335,Armani,29.0086
BP15336,Armani,18.804
BP15337,Armani,18.6651
BP15338,Armani,3.40036
BP15339,Armani,3.50036
BP15340,Armani,20.25371
BP15341,Armani,3.52077
BP15342,Armani,3.37497
BP15343,Armani,3.41188
BP15344,Armani,29.54655
BP15345,Armani,32.99506
BP15346,Armani,32.83092
BP15347,Armani,27.13882
BP15348,Armani,31.37198
BP15349,Armani,20.92641
BP15350,Armani,29.35872
BP15351,Armani,28.68982
BP15352,Armani,31.73912
BP15353,Armani,15.69141
BP15354,Armani,15.42217
BP15355,Armani,27.01892
BP15356,Armani,7.03909
BP15357,Armani,28.50927
BP15358,Armani,20.02043
BP15359,Armani,3.53934
BP15360,Armani,27.46816
BP15361,Armani,30.58303
BP15362,Armani,16.97068
BP15363,Armani,30.72882
BP15364,Armani,3.37497
BP15365,Armani,28.35448
BP15366,Armani,26.88831
BP15367,Armani,16.78055
BP15368,Armani,15.50317
BP15369,Armani,3.37497
BP15370,Armani,31.99763
BP15371,Armani,16.58224
BP15372,Armani,16.67863
BP15373,Armani,7.51816
BP15374,Armani,3.47769
BP15375,Armani,15.47934
BP15376,Armani,17.37467
BP15377,Armani,30.56016
BP15378,Armani,3.40036
BP15379,Armani,19.51148
BP15380,Armani,29.32798
BP15381,Armani,30.36881
BP15382,Armani,3.40036
BP15383,Armani,3.40036
BP15384,Armani,3.31048
BP15385,Armani,18.68088
BP15386,Armani,7.28781
BP15387,Armani,29.69192
BP15388,Armani,28.69583
BP15389,Armani,15.56258
BP15390,Armani,31.51863
BP15391,Armani,17.11364
BP15392,Armani,30.04851
BP15393,Armani,29.6868
BP15394,Armani,28.31064
BP15395,Armani,30.46846
BP15396,Armani,29.13455
BP15397,Armani,28.79638
BP15398,Armani,15.47457
BP15399,Armani,16.6329
BP15400,Armani,29.9639
BP15401,Armani,17.26628
BP15402,Armani,15.57696
BP15403,Armani,30.53161
BP15404,Armani,27.07038
BP15405,Armani,28.01544
BP15406,Armani,28.03454
BP15407,Armani,15.46159
BP15408,Armani,16.24067
BP15409,Armani,30.77025
BP15410,Armani,27.9443
BP15411,Armani,27.4199
BP15412,Armani,30.92179
BP15413,Armani,34.66957
BP15414,Armani,3.37497
BP15415,Armani,3.3881
BP15416,Armani,16.30636
BP15417,Armani,17.24411
BP15418,Armani,31.38685
BP15419,Armani,28.38491
BP15420,Armani,15.89807
BP15421,Armani,18.04094
BP15422,Armani,31.83379
BP15423,Armani,16.66296
BP15424,Armani,15.91275
BP15425,Armani,16.03241
BP15426,Armani,31.59916
BP15427,Armani,31.27843
BP15428,Armani,16.67679
BP15429,Armani,28.50049
BP15430,Armani,29.39236
BP15431,Armani,28.68263
BP15432,Armani,29.19964
BP15433,Armani,27.45719
BP15434,Armani,16.73377
BP15435,Armani,15.78848
BP15436,Armani,3.46952
BP15437,Armani,17.11915
BP15438,Armani,15.58399
BP15439,Armani,29.50208
BP15440,Armani,17.68197
BP15441,Armani,30.74255
BP15442,Armani,16.59334
BP15443,Armani,16.327
BP15444,Armani,15.74197
BP15445,Armani,28.76461
BP15446,Armani,17.76493
BP15447,Armani,17.16806
BP15448,Armani,16.91598
BP15449,Armani,17.54224
BP15450,Armani,27.21658
BP15451,Armani,28.25686
BP15452,Armani,15.64822
BP15453,Armani,3.37497
BP15454,Armani,3.42275
BP15455,Armani,18.09961
BP15456,Armani,28.6691
BP15457,Armani,16.63103
BP15458,Armani,16.61675
BP15459,Armani,19.17081
BP15460,Armani,28.32465
BP15461,Armani,19.95359
BP15462,Armani,31.49914
BP15463,Armani,21.25891
BP15464,Armani,3.61364
BP15465,Armani,29.53647
BP15466,Armani,16.97143
BP15467,Armani,32.84034
BP15468,Armani,3.5722
BP15469,Armani,34.8081
BP15470,Armani,28.83115
BP15471,Armani,15.99612
BP15472,Armani,28.56522
BP15473,Armani,36.21063
BP15474,Armani,3.52077
BP15475,Armani,3.48553
BP15476,Armani,3.58212
BP15477,Armani,3.50036
BP15478,Armani,3.42275
BP15479,Armani,29.46906
BP15480,Armani,18.81631
BP15481,Armani,29.17729
BP15482,Armani,27.25221
BP15483,Armani,31.03642
BP15484,Armani,17.16841
BP15485,Armani,15.85416
BP15486,Armani,7.69968
BP15487,Armani,3.41188
BP15488,Armani,3.3881
BP15489,Armani,3.44282
BP15490,Armani,3.36086
BP15491,Armani,3.36086
BP15492,Armani,3.44282
BP15493,Armani,3.41188
BP15494,Armani,28.13886
BP15495,Armani,27.78982
BP15496,Armani,21.75058
BP15497,Armani,15.55422
BP15498,Armani,31.87532
BP15499,Armani,33.06756
BP15500,Armani,27.62656
BP15501,Armani,16.45049
BP15502,Armani,40.14516
BP15503,Armani,35.90804
BP15504,Armani,16.46026
BP15505,Armani,16.86873
BP15506,Armani,17.11263
BP15507,Armani,28.40989
BP15508,Armani,17.38104
BP15509,Armani,33.88939
BP15510,Armani,30.05098
BP15511,Armani,17.14458
BP15512,Armani,19.0507
BP15513,Armani,31.62416
BP15514,Armani,31.43802
BP15515,Armani,32.8569
BP15516,Armani,27.39872
BP15517,Armani,27.53917
BP15518,Armani,15.62068
BP15519,Armani,27.30059
BP15520,Armani,19.0075
BP15521,Armani,16.78279
BP15522,Armani,31.51009
BP15523,Armani,38.26806
BP15524,Armani,18.63713
BP15525,Armani,31.03363
BP15526,Armani,31.08124
BP15527,Armani,30.46178
BP15528,Armani,28.47489
BP15529,Armani,29.17927
BP15530,Armani,30.87266
BP15531,Armani,29.16494
BP15532,Armani,30.47683
BP15533,Armani,29.88515
BP15534,Armani,21.4699
BP15535,Armani,28.75437
BP15536,Armani,30.46934
BP15537,Armani,16.02725
BP15538,Armani,33.42974
BP15539,Armani,30.18018
BP15540,Armani,29.37947
BP15541,Armani,28.54901
BP15542,Armani,15.6422
BP15543,Armani,3.3881
BP15544,Armani,30.55902
BP15545,Armani,20.89484
BP15546,Armani,30.68371
BP15547,Armani,30.09497
BP15548,Armani,30.52412
BP15549,Armani,3.36086
BP15550,Armani,29.232
BP15551,Armani,27.32497
BP15552,Armani,28.15836
BP15553,Armani,20.34336
BP15554,Armani,30.71834
BP15555,Armani,27.70645
BP15556,Armani,30.71097
BP15557,Armani,30.09034
BP15558,Armani,29.65881
BP15559,Armani,16.10222
BP15560,Armani,28.65788
BP15561,Armani,20.21859
BP15562,Armani,27.58826
BP15563,Armani,30.48283
BP15564,Armani,31.12007
BP15565,Armani,31.71718
BP15566,Armani,28.62504
BP15567,Armani,31.14381
BP15568,Armani,29.63248
BP15569,Armani,30.0121
BP15570,Armani,28.26728
BP15571,Armani,19.04912
BP15572,Armani,31.1528
BP15573,Armani,28.27811
BP15574,Armani,7.32488
BP15575,Armani,27.47076
BP15576,Armani,18.9622
BP15577,Armani,30.34403
BP15578,Armani,31.56459
BP15579,Armani,7.60199
BP15580,Armani,16.76122
BP15581,Armani,19.22132
BP15582,Armani,16.66393
BP15583,Armani,29.95291
BP15584,Armani,17.15057
BP15585,Armani,28.33863
BP15586,Armani,27.70681
BP15587,Armani,3.42275
BP15588,Armani,30.34852
BP15589,Armani,27.57784
BP15590,Armani,15.81502
BP15591,Armani,19.07043
BP15592,Armani,3.55641
BP15593,Armani,30.13785
BP15594,Armani,29.8839
BP15595,Armani,30.59708
BP15596,Armani,16.49529
BP15597,Armani,16.81456
BP15598,Armani,7.49912
BP15599,Armani,18.90642
BP15600,Armani,19.96606
BP15601,Armani,31.41678
BP15602,Armani,7.56506
BP15603,Armani,35.95363
BP15604,Armani,27.44029
BP15605,Armani,29.80298
BP15606,Armani,27.61554
BP15607,Armani,15.62614
BP15608,Armani,27.73934
BP15609,Armani,7.47489
BP15610,Armani,15.92257
BP15611,Armani,27.64521
BP15612,Armani,27.41389
BP15613,Armani,27.63059
BP15614,Armani,27.70929
BP15615,Armani,15.61377
BP15616,Armani,35.05342
BP15617,Armani,29.4918
BP15618,Armani,15.84895
BP15619,Armani,18.80429
BP15620,Armani,3.51419
BP15621,Armani,3.85642
BP15622,Armani,3.75335
BP15623,Armani,3.48553
BP15624,Armani,31.22005
BP15625,Armani,29.75852
BP15626,Armani,27.76171
BP15627,Armani,3.47769
BP15628,Armani,28.49619
BP15629,Armani,28.96498
BP15630,Armani,3.50036
BP15631,Armani,3.46102
BP15632,Armani,3.71897
BP15633,Armani,3.54518
BP15634,Armani,3.6787
BP15635,Armani,3.48553
BP15636,Armani,3.60068
BP15637,Armani,3.97259
BP15638,Armani,3.60509
BP15639,Armani,3.9514
BP15640,Armani,3.44282
BP15641,Armani,29.56459
BP15642,Armani,31.37719
BP15643,Armani,15.87122
BP15644,Armani,15.93079
BP15645,Armani,3.64489
BP15646,Armani,21.09975
BP15647,Armani,3.28995
BP15648,Armani,3.28995
BP15649,Armani,3.7242
BP15650,Armani,32.81409
BP15651,Armani,15.75706
BP15652,Armani,29.9339
BP15653,Armani,31.6477
BP15654,Armani,3.56706
BP15655,Armani,33.67738
BP15656,Armani,41.44869
BP15657,Armani,3.46102
BP15658,Armani,27.76664
BP15659,Armani,31.0394
BP15660,Armani,31.13011
BP15661,Armani,31.83439
BP15662,Armani,3.41188
BP15663,Armani,3.49308
BP15664,Armani,28.34007
BP15665,Armani,31.73292
BP15666,Armani,29.05518
BP15667,Armani,16.7236
BP15668,Armani,32.67657
BP15669,Armani,28.19843
BP15670,Armani,27.62436
BP15671,Armani,42.51547
BP15672,Armani,29.4115
BP15673,Armani,42.66314
BP15674,Armani,30.62165
BP15675,Armani,33.43039
BP15676,Armani,3.23971
BP15677,Armani,29.7409
BP15678,Armani,50.15411
BP15679,Armani,5.36603
BP15680,Armani,3.88629
BP15681,Armani,3.89161
BP15682,Armani,15.78492
BP15683,Armani,30.6854
BP15684,Armani,28.66279
BP15685,Armani,32.60875
BP15686,Armani,35.46445
BP15687,Armani,4.87385
BP15688,Armani,43.63917
BP15689,Armani,3.55641
BP15690,Armani,3.56706
BP15691,Armani,3.64489
BP15692,Armani,32.73174
BP15693,Armani,29.6545
BP15694,Armani,30.77643
BP15695,Armani,20.59586
BP15696,Armani,29.73383
BP15697,Armani,3.53934
BP15698,Armani,3.48553
BP15699,Armani,42.83949
BP15700,Armani,34.18729
BP15701,Armani,4.89824
BP15702,Armani,31.88435
BP15703,Armani,32.29488
BP15704,Armani,33.25623
BP15705,Armani,34.22518
BP15706,Armani,44.11556
BP15707,Armani,29.82342
BP15708,Armani,33.02127
BP15709,Armani,32.37174
BP15710,Armani,3.58691
BP15711,Armani,5.18283
BP15712,Armani,63.13801
BP15713,Armani,5.2868
BP15714,Armani,39.46484
BP15715,Burberry,32.75728
BP15716,Burberry,28.40192
BP15717,Burberry,29.5663
BP15718,Burberry,31.77904
BP15719,Burberry,18.03613
BP15720,Burberry,32.40612
BP15721,Burberry,19.36162
BP15722,Burberry,36.20519
BP15723,Burberry,41.90912
BP15724,Burberry,33.55352
BP15725,Burberry,31.25863
BP15726,Burberry,61.16285
BP15727,Burberry,33.46295
BP15728,Burberry,30.99981
BP15729,Burberry,42.11041
BP15730,Burberry,57.1193
BP15731,Burberry,54.36877
BP15732,Burberry,35.29591
BP15733,Burberry,35.05601
BP15734,Burberry,31.98282
BP15735,Burberry,35.01139
BP15736,Burberry,19.73979
BP15737,Burberry,42.73922
BP15738,Burberry,54.57521
BP15739,Burberry,53.57803
BP15740,Burberry,42.59163
BP15741,Burberry,52.87302
BP15742,Burberry,45.11415
BP15743,Burberry,47.74494
BP15744,Burberry,34.28836
BP15745,Burberry,32.61615
BP15746,Burberry,49.2033
BP15747,Burberry,34.42425
BP15748,Burberry,29.6226
BP15749,Burberry,29.2114
BP15750,Burberry,29.45362
BP15751,Burberry,41.47881
BP15752,Burberry,30.23898
BP15753,Burberry,16.75563
BP15754,Burberry,28.41883
BP15755,Burberry,32.32262
BP15756,Burberry,28.01165
BP15757,Burberry,36.33723
BP15758,Burberry,30.84444
BP15759,Burberry,30.53449
BP15760,Burberry,30.83908
BP15761,Burberry,28.01282
BP15762,Burberry,29.72787
BP15763,Burberry,7.05374
BP15764,Burberry,19.95421
BP15765,Burberry,36.79283
BP15766,Burberry,7.03867
BP15767,Burberry,39.62548
BP15768,Burberry,47.67772
BP15769,Burberry,15.7923
BP15770,Burberry,19.94469
BP15771,Burberry,16.16594
BP15772,Burberry,29.401
BP15773,Burberry,28.9865
BP15774,Burberry,19.76293
BP15775,Burberry,30.09724
BP15776,Burberry,30.16201
BP15777,Burberry,30.64496
BP15778,Burberry,35.49134
BP15779,Burberry,30.53827
BP15780,Burberry,16.47498
BP15781,Burberry,30.77235
BP15782,Burberry,45.0079
BP15783,Burberry,17.52301
BP15784,Burberry,28.41901
BP15785,Burberry,32.95273
BP15786,Burberry,28.99246
BP15787,Burberry,18.06602
BP15788,Burberry,34.83979
BP15789,Burberry,18.03919
BP15790,Burberry,17.08832
BP15791,Burberry,31.58556
BP15792,Burberry,30.72776
BP15793,Burberry,36.82102
BP15794,Burberry,37.97584
BP15795,Burberry,35.29318
BP15796,Burberry,42.91508
BP15797,Burberry,31.39121
BP15798,Burberry,45.26576
BP15799,Burberry,32.94721
BP15800,Burberry,30.4244
BP15801,Burberry,17.69322
BP15802,Burberry,7.3815
BP15803,Burberry,18.73565
BP15804,Burberry,42.20946
BP15805,Burberry,15.61492
BP15806,Burberry,34.39973
BP15807,Burberry,26.86499
BP15808,Burberry,29.07631
BP15809,Burberry,6.82221
BP15810,Burberry,7.17185
BP15811,Burberry,15.39742
BP15812,Burberry,18.68388
BP15813,Burberry,15.50118
BP15814,Burberry,18.88425
BP15815,Burberry,29.77788
BP15816,Burberry,27.25082
BP15817,Burberry,7.07646
BP15818,Burberry,27.86414
BP15819,Burberry,17.14409
BP15820,Burberry,28.00332
BP15821,Burberry,27.3294
BP15822,Burberry,7.00465
BP15823,Burberry,19.54784
BP15824,Burberry,28.69981
BP15825,Burberry,7.09452
BP15826,Burberry,40.35782
BP15827,Burberry,19.84365
BP15828,Burberry,19.05236
BP15829,Burberry,37.36315
BP15830,Burberry,38.48979
BP15831,Burberry,39.82533
BP15832,Burberry,21.59657
BP15833,Burberry,28.7681
BP15834,Burberry,35.49963
BP15835,Burberry,16.43161
BP15836,Burberry,30.82789
BP15837,Burberry,27.17248
BP15838,Burberry,33.62816
BP15839,Burberry,32.09225
BP15840,Burberry,15.60794
BP15841,Burberry,29.38366
BP15842,Burberry,32.15214
BP15843,Burberry,33.11812
BP15844,Burberry,15.50742
BP15845,Burberry,52.03825
BP15846,Burberry,15.48651
BP15847,Burberry,15.52445
BP15848,Burberry,31.43193
BP15849,Burberry,31.98932
BP15850,Burberry,36.61185
BP15851,Burberry,29.6248
BP15852,Burberry,34.17545
BP15853,Burberry,17.81099
BP15854,Burberry,32.19566
BP15855,Burberry,34.25526
BP15856,Burberry,50.30427
BP15857,Burberry,31.58544
BP15858,Burberry,34.41541
BP15859,Burberry,33.14642
BP15860,Burberry,28.96896
BP15861,Burberry,34.01971
BP15862,Burberry,28.21221
BP15863,Burberry,18.88685
BP15864,Burberry,28.63993
BP15865,Burberry,28.45604
BP15866,Burberry,7.02196
BP15867,Burberry,7.04304
BP15868,Burberry,32.57888
BP15869,Burberry,29.16323
BP15870,Burberry,28.99682
BP15871,Burberry,18.79698
BP15872,Burberry,20.57283
BP15873,Burberry,35.84099
BP15874,Burberry,30.85326
BP15875,Burberry,38.42357
BP15876,Burberry,18.71347
BP15877,Burberry,21.10146
BP15878,Burberry,22.49667
BP15879,Burberry,18.91152
BP15880,Burberry,27.24795
BP15881,Burberry,18.70417
BP15882,Burberry,28.25304
BP15883,Burberry,18.49595
BP15884,Burberry,31.2979
BP15885,Burberry,18.84589
BP15886,Burberry,26.99325
BP15887,Burberry,21.99681
BP15888,Burberry,35.66939
BP15889,Burberry,44.43906
BP15890,Burberry,30.14803
BP15891,Burberry,29.31982
BP15892,Burberry,15.86713
BP15893,Burberry,33.79603
BP15894,Burberry,18.05981
BP15895,Burberry,21.19191
BP15896,Burberry,15.624
BP15897,Burberry,34.06376
BP15898,Burberry,36.78615
BP15899,Burberry,30.25269
BP15900,Burberry,32.87946
BP15901,Burberry,30.51087
BP15902,Burberry,31.96903
BP15903,Burberry,30.83512
BP15904,Burberry,29.63202
BP15905,Burberry,31.39913
BP15906,Burberry,33.24169
BP15907,Burberry,16.76039
BP15908,Burberry,6.74797
BP15909,Burberry,27.02582
BP15910,Burberry,27.20967
BP15911,Burberry,6.82653
BP15912,Burberry,27.88221
BP15913,Burberry,20.25229
BP15914,Burberry,41.4864
BP15915,Burberry,30.04401
BP15916,Burberry,27.57973
BP15917,Burberry,35.08758
BP15918,Burberry,29.793
BP15919,Burberry,30.25512
BP15920,Burberry,28.25906
BP15921,Burberry,17.23558
BP15922,Burberry,29.42392
BP15923,Burberry,16.5938
BP15924,Burberry,28.08399
BP15925,Burberry,29.61868
BP15926,Burberry,32.23277
BP15927,Burberry,27.72354
BP15928,Burberry,16.39642
BP15929,Burberry,27.15072
BP15930,Burberry,16.92296
BP15931,Burberry,32.93527
BP15932,Burberry,30.02846
BP15933,Burberry,51.85386
BP15934,Burberry,33.23951
BP15935,Burberry,29.96849
BP15936,Burberry,18.65932
BP15937,Burberry,31.86143
BP15938,Burberry,15.4115
BP15939,Burberry,28.77297
BP15940,Burberry,29.50575
BP15941,Burberry,29.41088
BP15942,Burberry,29.99381
BP15943,Burberry,30.40695
BP15944,Burberry,30.5262
BP15945,Burberry,32.26897
BP15946,Burberry,32.17524
BP15947,Burberry,28.77757
BP15948,Burberry,32.54929
BP15949,Burberry,19.21207
BP15950,Burberry,28.19935
BP15951,Burberry,31.1282
BP15952,Burberry,33.86437
BP15953,Burberry,32.69302
BP15954,Burberry,30.98043
BP15955,Burberry,32.75624
BP15956,Burberry,27.55866
BP15957,Burberry,32.53806
BP15958,Burberry,31.56763
BP15959,Burberry,37.04554
BP15960,Burberry,29.33892
BP15961,Burberry,28.61369
BP15962,Burberry,17.85232
BP15963,Burberry,31.12839
BP15964,Burberry,33.22072
BP15965,Burberry,30.1191
BP15966,Burberry,32.85905
BP15967,Burberry,29.82367
BP15968,Burberry,28.15388
BP15969,Burberry,28.56723
BP15970,Burberry,7.31644
BP15971,Burberry,30.11775
BP15972,Burberry,34.08074
BP15973,Burberry,30.41851
BP15974,Burberry,26.92454
BP15975,Burberry,27.96865
BP15976,Burberry,38.69046
BP15977,Burberry,36.99495
BP15978,Burberry,31.40774
BP15979,Burberry,31.43139
BP15980,Burberry,34.18172
BP15981,Burberry,44.86266
BP15982,Burberry,51.44441
BP15983,Burberry,47.82698
BP15984,Burberry,41.39088
BP15985,Burberry,34.92401
BP15986,Burberry,33.93018
BP15987,Burberry,45.90857
BP15988,Burberry,31.83612
BP15989,Burberry,45.61587
BP15990,Burberry,29.81157
BP15991,Burberry,48.48407
BP15992,Burberry,35.74907
BP15993,Burberry,33.33689
BP15994,Burberry,32.53619
BP15995,Burberry,46.25823
BP15996,Burberry,46.60757
BP15997,Burberry,32.01261
BP15998,Burberry,36.84103
BP15999,Burberry,48.25194
BP16000,Burberry,46.19946
BP16001,Burberry,45.7181
BP16002,Burberry,34.86859
BP16003,Burberry,46.73361
BP16004,Burberry,45.83073
BP16005,Burberry,49.29771
BP16006,Burberry,41.61607
BP16007,Burberry,32.6742
BP16008,Burberry,31.18676
BP16009,Burberry,33.27904
BP16010,Burberry,33.3609
BP16011,Burberry,49.94489
BP16012,Burberry,19.24707
BP16013,Burberry,29.43754
BP16014,Burberry,29.40184
BP16015,Burberry,30.59732
BP16016,Burberry,30.58408
BP16017,Burberry,37.6778
BP16018,Burberry,30.61988
BP16019,Burberry,7.15681
BP16020,Burberry,28.74846
BP16021,Burberry,27.91686
BP16022,Burberry,36.05773
BP16023,Burberry,49.84256
BP16024,Burberry,31.80721
BP16025,Burberry,36.7312
BP16026,Burberry,31.27539
BP16027,Burberry,33.64361
BP16028,Burberry,17.92386
BP16029,Burberry,29.76342
BP16030,Burberry,37.32427
BP16031,Burberry,39.09421
BP16032,Burberry,40.88926
BP16033,Burberry,39.20465
BP16034,Burberry,33.31828
BP16035,Burberry,39.68086
BP16036,Burberry,52.00572
BP16037,Burberry,39.37222
BP16038,Burberry,33.89368
BP16039,Burberry,32.73435
BP16040,Burberry,32.40745
BP16041,Burberry,40.1177
BP16042,Burberry,37.02134
BP16043,Burberry,36.24592
BP16044,Burberry,61.3521
BP16045,Burberry,34.85972
BP16046,Burberry,29.69664
BP16047,Burberry,34.07744
BP16048,Burberry,32.95726
BP16049,Burberry,31.92971
BP16050,Burberry,34.28035
BP16051,Burberry,32.39193
BP16052,Burberry,29.66228
BP16053,Burberry,5.40958
BP16054,Burberry,5.43286
BP16055,Burberry,35.71576
BP16056,Burberry,30.65698
BP16057,Burberry,29.27821
BP16058,Burberry,17.41519
BP16059,Burberry,30.90915
BP16060,Burberry,27.30529
BP16061,Burberry,31.79094
BP16062,Burberry,29.39045
BP16063,Burberry,30.92549
BP16064,Burberry,32.12935
BP16065,Burberry,28.91379
BP16066,Burberry,29.57273
BP16067,Burberry,15.74735
BP16068,Burberry,33.11486
BP16069,Burberry,29.27781
BP16070,Burberry,28.95983
BP16071,Burberry,18.86139
BP16072,Burberry,30.48833
BP16073,Burberry,30.27414
BP16074,Burberry,30.97032
BP16075,Burberry,29.47585
BP16076,Burberry,47.81338
BP16077,Burberry,38.37245
BP16078,Burberry,17.58165
BP16079,Burberry,19.99922
BP16080,Burberry,15.39901
BP16081,Burberry,35.88373
BP16082,Burberry,32.12324
BP16083,Burberry,34.51223
BP16084,Burberry,31.3694
BP16085,Burberry,54.21145
BP16086,Burberry,17.94552
BP16087,Burberry,30.81474
BP16088,Burberry,33.47427
BP16089,Burberry,29.6365
BP16090,Burberry,31.63503
BP16091,Burberry,32.3301
BP16092,Burberry,33.97789
BP16093,Burberry,29.39712
BP16094,Burberry,34.65121
BP16095,Burberry,33.73081
BP16096,Burberry,30.55497
BP16097,Burberry,32.83009
BP16098,Burberry,46.82801
BP16099,Burberry,34.53592
BP16100,Burberry,38.73396
BP16101,Burberry,47.49559
BP16102,Burberry,33.93289
BP16103,Burberry,6.20235
BP16104,Burberry,38.40066
BP16105,Burberry,40.34871
BP16106,Burberry,37.87802
BP16107,Burberry,50.72419
BP16108,Burberry,32.32671
BP16109,Burberry,28.34106
BP16110,Burberry,18.51016
BP16111,Burberry,30.87512
BP16112,Burberry,29.86489
BP16113,Burberry,29.59011
BP16114,Burberry,28.848
BP16115,Burberry,35.42663
BP16116,Burberry,27.3537
BP16117,Burberry,32.69838
BP16118,Burberry,29.97321
BP16119,Burberry,29.75044
BP16120,Burberry,28.13289
BP16121,Burberry,20.82211
BP16122,Burberry,20.97716
BP16123,Burberry,29.38522
BP16124,Burberry,29.24625
BP16125,Burberry,19.2595
BP16126,Burberry,31.131
BP16127,Burberry,20.85149
BP16128,Burberry,21.90815
BP16129,Burberry,15.2993
BP16130,Burberry,29.21137
BP16131,Burberry,7.17509
BP16132,Burberry,21.72611
BP16133,Burberry,29.58081
BP16134,Burberry,29.05747
BP16135,Burberry,31.38735
BP16136,Burberry,30.89952
BP16137,Burberry,39.45681
BP16138,Burberry,18.73565
BP16139,Burberry,30.19604
BP16140,Burberry,18.77897
BP16141,Burberry,30.60789
BP16142,Burberry,31.49209
BP16143,Burberry,30.47811
BP16144,Burberry,33.59928
BP16145,Burberry,30.20077
BP16146,Burberry,30.95028
BP16147,Burberry,29.13935
BP16148,Burberry,40.31694
BP16149,Burberry,31.2882
BP16150,Burberry,29.22616
BP16151,Burberry,15.39606
BP16152,Burberry,16.65597
BP16153,Burberry,34.95734
BP16154,Burberry,33.33242
BP16155,Burberry,27.16397
BP16156,Burberry,15.43855
BP16157,Burberry,31.69969
BP16158,Burberry,34.39089
BP16159,Burberry,32.47634
BP16160,Burberry,29.86005
BP16161,Burberry,28.87302
BP16162,Burberry,32.33774
BP16163,Burberry,31.79852
BP16164,Burberry,20.47594
BP16165,Burberry,34.03655
BP16166,Burberry,44.92276
BP16167,Burberry,36.68301
BP16168,Burberry,38.53682
BP16169,Burberry,35.20212
BP16170,Burberry,29.33828
BP16171,Burberry,34.2482
BP16172,Burberry,29.6534
BP16173,Burberry,32.78456
BP16174,Burberry,30.51797
BP16175,Burberry,16.13637
BP16176,Burberry,31.73372
BP16177,Burberry,16.45399
BP16178,Burberry,16.77192
BP16179,Burberry,30.50617
BP16180,Burberry,7.00802
BP16181,Burberry,6.93483
BP16182,Burberry,37.33407
BP16183,Burberry,26.93816
BP16184,Burberry,33.21233
BP16185,Burberry,32.46017
BP16186,Burberry,27.15803
BP16187,Burberry,30.11541
BP16188,Burberry,3.37497
BP16189,Burberry,29.81618
BP16190,Burberry,6.88597
BP16191,Burberry,32.72087
BP16192,Burberry,16.24736
BP16193,Burberry,7.24145
BP16194,Burberry,35.29776
BP16195,Burberry,27.97628
BP16196,Burberry,19.10896
BP16197,Burberry,31.17792
BP16198,Burberry,28.57867
BP16199,Burberry,16.56737
BP16200,Burberry,34.8618
BP16201,Burberry,32.32107
BP16202,Burberry,33.7255
BP16203,Burberry,19.69496
BP16204,Burberry,29.90502
BP16205,Burberry,6.85855
BP16206,Burberry,33.51655
BP16207,Burberry,29.67658
BP16208,Burberry,27.40491
BP16209,Burberry,31.57437
BP16210,Burberry,18.78269
BP16211,Burberry,16.84205
BP16212,Burberry,28.45632
BP16213,Burberry,48.3429
BP16214,Burberry,30.17474
BP16215,Burberry,29.61272
BP16216,Burberry,28.95269
BP16217,Burberry,31.34445
BP16218,Burberry,20.51762
BP16219,Burberry,28.38736
BP16220,Burberry,31.53537
BP16221,Burberry,19.18994
BP16222,Burberry,7.00539
BP16223,Burberry,32.77217
BP16224,Burberry,36.64321
BP16225,Burberry,29.2189
BP16226,Burberry,7.29502
BP16227,Burberry,17.73196
BP16228,Burberry,7.21405
BP16229,Burberry,31.44749
BP16230,Burberry,34.05278
BP16231,Burberry,27.89355
BP16232,Burberry,15.50317
BP16233,Burberry,18.74324
BP16234,Burberry,27.41252
BP16235,Burberry,15.48848
BP16236,Burberry,16.23954
BP16237,Burberry,16.02015
BP16238,Burberry,27.38877
BP16239,Burberry,27.35886
BP16240,Burberry,27.87478
BP16241,Burberry,27.94702
BP16242,Burberry,16.01149
BP16243,Burberry,28.76117
BP16244,Burberry,27.13926
BP16245,Burberry,32.98335
BP16246,Burberry,30.14273
BP16247,Burberry,32.68909
BP16248,Burberry,28.95208
BP16249,Burberry,32.48149
BP16250,Burberry,31.57833
BP16251,Burberry,32.83122
BP16252,Burberry,33.38554
BP16253,Burberry,16.19086
BP16254,Burberry,31.2028
BP16255,Burberry,32.86602
BP16256,Burberry,20.97321
BP16257,Burberry,7.0271
BP16258,Burberry,31.35332
BP16259,Burberry,18.79883
BP16260,Burberry,18.65139
BP16261,Burberry,7.74656
BP16262,Burberry,40.73207
BP16263,Burberry,28.39689
BP16264,Burberry,19.84832
BP16265,Burberry,28.84669
BP16266,Burberry,37.34299
BP16267,Burberry,30.37181
BP16268,Burberry,30.75724
BP16269,Burberry,20.32409
BP16270,Burberry,18.55693
BP16271,Burberry,27.98871
BP16272,Burberry,31.46151
BP16273,Burberry,31.66552
BP16274,Burberry,20.87393
BP16275,Burberry,28.48726
BP16276,Burberry,15.73858
BP16277,Burberry,43.48418
BP16278,Burberry,36.91481
BP16279,Burberry,30.47905
BP16280,Burberry,33.36148
BP16281,Burberry,31.78376
BP16282,Burberry,20.73927
BP16283,Burberry,33.97856
BP16284,Burberry,18.9335
BP16285,Burberry,30.84577
BP16286,Burberry,29.4485
BP16287,Burberry,32.88857
BP16288,Burberry,17.82933
BP16289,Burberry,27.21662
BP16290,Burberry,28.2071
BP16291,Burberry,27.95778
BP16292,Burberry,34.83169
BP16293,Burberry,28.55207
BP16294,Burberry,28.40152
BP16295,Burberry,16.20642
BP16296,Burberry,15.65887
BP16297,Burberry,27.30913
BP16298,Burberry,30.25264
BP16299,Burberry,31.23468
BP16300,Burberry,29.02973
BP16301,Burberry,20.27341
BP16302,Burberry,28.84126
BP16303,Burberry,29.16792
BP16304,Burberry,28.61371
BP16305,Burberry,16.59937
BP16306,Burberry,31.58149
BP16307,Burberry,15.77793
BP16308,Burberry,27.59696
BP16309,Burberry,29.36762
BP16310,Burberry,7.6017
BP16311,Burberry,7.17664
BP16312,Burberry,21.36068
BP16313,Burberry,15.88905
BP16314,Burberry,30.2745
BP16315,Burberry,16.78414
BP16316,Burberry,18.96914
BP16317,Burberry,30.90183
BP16318,Burberry,15.96645
BP16319,Burberry,27.34157
BP16320,Burberry,28.2742
BP16321,Burberry,16.96603
BP16322,Burberry,30.64303
BP16323,Burberry,15.58666
BP16324,Burberry,22.09417
BP16325,Burberry,27.29332
BP16326,Burberry,28.97623
BP16327,Burberry,28.53537
BP16328,Burberry,27.95723
BP16329,Burberry,17.14847
BP16330,Burberry,29.72332
BP16331,Burberry,17.48707
BP16332,Burberry,28.44751
BP16333,Burberry,15.50235
BP16334,Burberry,15.50834
BP16335,Burberry,30.0636
BP16336,Burberry,31.28571
BP16337,Burberry,18.98653
BP16338,Burberry,19.97866
BP16339,Burberry,7.36355
BP16340,Burberry,28.35776
BP16341,Burberry,7.36062
BP16342,Burberry,31.70811
BP16343,Burberry,7.11132
BP16344,Burberry,18.44711
BP16345,Burberry,29.69076
BP16346,Burberry,16.47857
BP16347,Burberry,29.88546
BP16348,Burberry,29.93748
BP16349,Burberry,29.47495
BP16350,Burberry,29.6411
BP16351,Burberry,16.77576
BP16352,Burberry,34.35147
BP16353,Burberry,30.18717
BP16354,Burberry,27.55997
BP16355,Burberry,29.00196
BP16356,Burberry,20.10155
BP16357,Burberry,15.56968
BP16358,Burberry,28.12049
BP16359,Burberry,31.21759
BP16360,Burberry,30.35193
BP16361,Burberry,32.57898
BP16362,Burberry,27.38959
BP16363,Burberry,27.31472
BP16364,Burberry,35.88824
BP16365,Burberry,28.59635
BP16366,Burberry,21.05734
BP16367,Burberry,16.48687
BP16368,Burberry,27.31773
BP16369,Burberry,31.69316
BP16370,Burberry,15.53965
BP16371,Burberry,15.87501
BP16372,Burberry,4.09845
BP16373,Burberry,32.38829
BP16374,Burberry,28.95129
BP16375,Burberry,32.43451
BP16376,Burberry,33.77084
BP16377,Burberry,30.77468
BP16378,Burberry,28.81475
BP16379,Burberry,27.70929
BP16380,Burberry,31.34446
BP16381,Burberry,31.32768
BP16382,Burberry,15.86605
BP16383,Burberry,19.96347
BP16384,Burberry,37.00288
BP16385,Burberry,19.83444
BP16386,Burberry,20.35474
BP16387,Burberry,18.98198
BP16388,Burberry,30.04698
BP16389,Burberry,7.09268
BP16390,Burberry,28.48952
BP16391,Burberry,15.79653
BP16392,Burberry,27.85328
BP16393,Burberry,30.25175
BP16394,Burberry,18.77382
BP16395,Burberry,27.68148
BP16396,Burberry,27.95778
BP16397,Burberry,29.44195
BP16398,Burberry,28.46888
BP16399,Burberry,28.73523
BP16400,Burberry,18.7521
BP16401,Burberry,28.96964
BP16402,Burberry,27.17589
BP16403,Burberry,18.57206
BP16404,Burberry,28.07698
BP16405,Burberry,28.89545
BP16406,Burberry,16.48475
BP16407,Burberry,27.53329
BP16408,Burberry,15.66463
BP16409,Burberry,6.86261
BP16410,Burberry,28.67
BP16411,Burberry,28.13538
BP16412,Burberry,28.60723
BP16413,Burberry,33.28913
BP16414,Burberry,29.86967
BP16415,Burberry,32.76389
BP16416,Burberry,30.0203
BP16417,Burberry,32.18167
BP16418,Burberry,18.77688
BP16419,Burberry,7.08014
BP16420,Burberry,17.1674
BP16421,Burberry,39.76934
BP16422,Burberry,17.0718
BP16423,Burberry,27.37551
BP16424,Burberry,15.50118
BP16425,Burberry,7.69333
BP16426,Burberry,27.36268
BP16427,Burberry,7.59747
BP16428,Burberry,18.62015
BP16429,Burberry,30.02026
BP16430,Burberry,27.42247
BP16431,Burberry,6.78664
BP16432,Burberry,28.51724
BP16433,Burberry,21.18687
BP16434,Burberry,27.43017
BP16435,Burberry,17.08297
BP16436,Burberry,29.39727
BP16437,Burberry,27.25199
BP16438,Burberry,20.04023
BP16439,Burberry,15.5545
BP16440,Burberry,29.39494
BP16441,Burberry,28.48262
BP16442,Burberry,15.10143
BP16443,Burberry,29.60138
BP16444,Burberry,6.64656
BP16445,Burberry,18.95873
BP16446,Burberry,7.19041
BP16447,Burberry,18.96317
BP16448,Burberry,31.45377
BP16449,Burberry,28.42326
BP16450,Burberry,7.14043
BP16451,Burberry,31.34627
BP16452,Burberry,29.05502
BP16453,Burberry,30.33931
BP16454,Burberry,58.34408
BP16455,Burberry,17.09543
BP16456,Burberry,37.8466
BP16457,Burberry,56.24069
BP16458,Burberry,33.48002
BP16459,Burberry,30.91381
BP16460,Burberry,27.95789
BP16461,Burberry,17.02502
BP16462,Burberry,35.62052
BP16463,Burberry,31.74891
BP16464,Burberry,32.85366
BP16465,Burberry,35.53678
BP16466,Burberry,34.15719
BP16467,Burberry,32.7508
BP16468,Burberry,33.11711
BP16469,Burberry,33.44662
BP16470,Burberry,41.15411
BP16471,Burberry,49.92404
BP16472,Burberry,37.89161
BP16473,Burberry,42.39375
BP16474,Burberry,38.47304
BP16475,Burberry,37.62267
BP16476,Burberry,33.44386
BP16477,Burberry,57.48232
BP16478,Burberry,45.76748
BP16479,Burberry,27.42507
BP16480,Burberry,30.38957
BP16481,Burberry,32.09653
BP16482,Burberry,27.4213
BP16483,Burberry,17.32039
BP16484,Burberry,30.22089
BP16485,Burberry,7.07963
BP16486,Burberry,20.65829
BP16487,Burberry,30.30856
BP16488,Burberry,32.94667
BP16489,Burberry,29.82574
BP16490,Burberry,30.24399
BP16491,Burberry,15.59329
BP16492,Burberry,28.24826
BP16493,Burberry,30.73239
BP16494,Burberry,29.39167
BP16495,Burberry,33.11361
BP16496,Burberry,37.36915
BP16497,Burberry,18.84154
BP16498,Burberry,27.67823
BP16499,Burberry,27.53873
BP16500,Burberry,29.1275
BP16501,Burberry,30.43129
BP16502,Burberry,18.57924
BP16503,Burberry,28.77484
BP16504,Burberry,28.81394
BP16505,Burberry,7.34315
BP16506,Burberry,30.05562
BP16507,Burberry,31.46385
BP16508,Burberry,31.97008
BP16509,Burberry,19.14323
BP16510,Burberry,29.8949
BP16511,Burberry,7.0923
BP16512,Burberry,30.22488
BP16513,Burberry,28.98557
BP16514,Burberry,33.52406
BP16515,Burberry,28.80394
BP16516,Burberry,28.9574
BP16517,Burberry,27.70574
BP16518,Burberry,28.37909
BP16519,Burberry,32.18487
BP16520,Burberry,32.57227
BP16521,Burberry,16.71573
BP16522,Burberry,34.22623
BP16523,Burberry,27.60145
BP16524,Burberry,31.87054
BP16525,Burberry,33.99858
BP16526,Burberry,15.90983
BP16527,Burberry,17.53104
BP16528,Burberry,19.20266
BP16529,Burberry,29.37518
BP16530,Burberry,31.75839
BP16531,Burberry,30.32931
BP16532,Burberry,17.15936
BP16533,Burberry,32.36384
BP16534,Burberry,21.37969
BP16535,Burberry,6.96605
BP16536,Burberry,30.78872
BP16537,Burberry,15.55863
BP16538,Burberry,35.76499
BP16539,Burberry,18.88879
BP16540,Burberry,18.78047
BP16541,Burberry,27.25718
BP16542,Burberry,15.48276
BP16543,Burberry,7.04986
BP16544,Burberry,28.7296
BP16545,Burberry,18.78015
BP16546,Burberry,18.99349
BP16547,Burberry,7.33834
BP16548,Burberry,7.00539
BP16549,Burberry,29.65551
BP16550,Burberry,30.90491
BP16551,Burberry,34.2552
BP16552,Burberry,29.316
BP16553,Burberry,31.42497
BP16554,Burberry,29.22968
BP16555,Burberry,28.50654
BP16556,Burberry,27.93046
BP16557,Burberry,28.35148
BP16558,Burberry,20.07596
BP16559,Burberry,7.44576
BP16560,Burberry,27.05152
BP16561,Burberry,27.23656
BP16562,Burberry,16.56468
BP16563,Burberry,27.3591
BP16564,Burberry,31.86978
BP16565,Burberry,15.4411
BP16566,Burberry,27.13654
BP16567,Burberry,30.00995
BP16568,Burberry,15.86749
BP16569,Burberry,15.3833
BP16570,Burberry,31.38655
BP16571,Burberry,30.09387
BP16572,Burberry,15.81673
BP16573,Burberry,22.10501
BP16574,Burberry,29.95674
BP16575,Burberry,30.17143
BP16576,Burberry,7.15601
BP16577,Burberry,7.17629
BP16578,Burberry,28.38777
BP16579,Burberry,20.57817
BP16580,Burberry,16.62588
BP16581,Burberry,16.25237
BP16582,Burberry,7.20627
BP16583,Burberry,18.59963
BP16584,Burberry,20.01513
BP16585,Burberry,16.55517
BP16586,Burberry,27.93442
BP16587,Burberry,18.75462
BP16588,Burberry,15.36071
BP16589,Burberry,27.36053
BP16590,Burberry,17.59261
BP16591,Burberry,20.00865
BP16592,Burberry,17.95511
BP16593,Burberry,27.47153
BP16594,Burberry,33.98396
BP16595,Burberry,15.61478
BP16596,Burberry,27.89454
BP16597,Burberry,19.75808
BP16598,Burberry,30.77805
BP16599,Burberry,32.76725
BP16600,Burberry,30.0198
BP16601,Burberry,28.65728
BP16602,Burberry,15.76875
BP16603,Burberry,27.73313
BP16604,Burberry,20.16571
BP16605,Burberry,28.99949
BP16606,Burberry,30.8563
BP16607,Burberry,28.97673
BP16608,Burberry,30.6238
BP16609,Burberry,27.33937
BP16610,Burberry,7.25784
BP16611,Burberry,20.04599
BP16612,Burberry,20.12199
BP16613,Burberry,29.04036
BP16614,Burberry,18.47094
BP16615,Burberry,27.03184
BP16616,Burberry,16.70771
BP16617,Burberry,27.28979
BP16618,Burberry,27.35836
BP16619,Burberry,15.67777
BP16620,Burberry,27.44094
BP16621,Burberry,19.90232
BP16622,Burberry,18.68373
BP16623,Burberry,16.6662
BP16624,Burberry,28.14187
BP16625,Burberry,4.21296
BP16626,Burberry,30.51945
BP16627,Burberry,30.03967
BP16628,Burberry,29.4653
BP16629,Burberry,7.09885
BP16630,Burberry,29.60054
BP16631,Burberry,29.19998
BP16632,Burberry,31.63466
BP16633,Burberry,7.22732
BP16634,Burberry,17.4191
BP16635,Burberry,28.20724
BP16636,Burberry,30.61794
BP16637,Burberry,32.22445
BP16638,Burberry,28.61979
BP16639,Burberry,28.58271
BP16640,Burberry,7.28551
BP16641,Burberry,30.43111
BP16642,Burberry,16.80806
BP16643,Burberry,28.72181
BP16644,Burberry,29.16916
BP16645,Burberry,30.10511
BP16646,Burberry,29.16645
BP16647,Burberry,15.22047
BP16648,Burberry,7.58382
BP16649,Burberry,16.66697
BP16650,Burberry,28.72825
BP16651,Burberry,31.90212
BP16652,Burberry,39.26618
BP16653,Burberry,41.91573
BP16654,Burberry,7.78945
BP16655,Burberry,18.85032
BP16656,Burberry,27.29897
BP16657,Burberry,29.53736
BP16658,Burberry,29.07831
BP16659,Burberry,18.99742
BP16660,Burberry,22.35426
BP16661,Burberry,27.37865
BP16662,Burberry,19.23022
BP16663,Burberry,29.07282
BP16664,Burberry,31.04405
BP16665,Burberry,20.36214
BP16666,Burberry,29.4917
BP16667,Burberry,5.00533
BP16668,Burberry,7.66717
BP16669,Burberry,19.03518
BP16670,Burberry,41.06246
BP16671,Burberry,19.97016
BP16672,Burberry,30.28172
BP16673,Burberry,42.16152
BP16674,Burberry,32.84291
BP16675,Burberry,30.63544
BP16676,Burberry,20.33789
BP16677,Burberry,31.06955
BP16678,Burberry,29.67033
BP16679,Burberry,16.23639
BP16680,Burberry,27.80038
BP16681,Burberry,27.80518
BP16682,Burberry,31.72544
BP16683,Burberry,15.48159
BP16684,Burberry,21.01474
BP16685,Burberry,7.05742
BP16686,Burberry,19.02052
BP16687,Burberry,20.85846
BP16688,Burberry,7.25676
BP16689,Burberry,31.12135
BP16690,Burberry,27.72969
BP16691,Burberry,15.76288
BP16692,Burberry,22.57986
BP16693,Burberry,19.02493
BP16694,Burberry,29.90478
BP16695,Burberry,19.47023
BP16696,Burberry,21.68113
BP16697,Burberry,15.58267
BP16698,Burberry,27.41358
BP16699,Burberry,18.80064
BP16700,Burberry,29.00463
BP16701,Burberry,27.50949
BP16702,Burberry,15.89307
BP16703,Burberry,28.62069
BP16704,Burberry,27.54486
BP16705,Burberry,29.94903
BP16706,Burberry,28.14851
BP16707,Burberry,19.03899
BP16708,Burberry,27.36281
BP16709,Burberry,29.91948
BP16710,Burberry,18.81108
BP16711,Burberry,17.46272
BP16712,Burberry,32.36027
BP16713,Burberry,7.17509
BP16714,Burberry,15.52533
BP16715,Burberry,27.58872
BP16716,Burberry,15.60394
BP16717,Burberry,16.95083
BP16718,Burberry,27.0717
BP16719,Burberry,16.83227
BP16720,Burberry,20.27425
BP16721,Burberry,16.88882
BP16722,Burberry,7.27692
BP16723,Burberry,15.64498
BP16724,Burberry,18.96286
BP16725,Burberry,19.88009
BP16726,Burberry,15.50942
BP16727,Burberry,27.28136
BP16728,Burberry,19.84965
BP16729,Burberry,29.1036
BP16730,Burberry,28.61058
BP16731,Burberry,29.28118
BP16732,Burberry,27.46619
BP16733,Burberry,16.81413
BP16734,Burberry,29.21142
BP16735,Burberry,30.04376
BP16736,Burberry,15.93082
BP16737,Burberry,31.4392
BP16738,Burberry,15.74486
BP16739,Burberry,31.83414
BP16740,Burberry,7.26295
BP16741,Burberry,7.45096
BP16742,Burberry,17.14565
BP16743,Burberry,28.9984
BP16744,Burberry,29.87636
BP16745,Burberry,19.11362
BP16746,Burberry,28.51214
BP16747,Burberry,16.57931
BP16748,Burberry,17.78297
BP16749,Burberry,28.70064
BP16750,Burberry,30.90362
BP16751,Burberry,20.83086
BP16752,Burberry,28.32362
BP16753,Burberry,28.65155
BP16754,Burberry,29.30629
BP16755,Burberry,27.54883
BP16756,Burberry,29.53157
BP16757,Burberry,15.99704
BP16758,Burberry,22.11714
BP16759,Burberry,28.46414
BP16760,Burberry,16.79498
BP16761,Burberry,20.87782
BP16762,Burberry,31.25185
BP16763,Burberry,27.45448
BP16764,Burberry,7.69084
BP16765,Burberry,18.83668
BP16766,Burberry,19.00101
BP16767,Burberry,27.6198
BP16768,Burberry,19.12147
BP16769,Burberry,17.00416
BP16770,Burberry,16.63372
BP16771,Burberry,7.1472
BP16772,Burberry,29.30629
BP16773,Burberry,30.82538
BP16774,Burberry,27.11528
BP16775,Burberry,15.56928
BP16776,Burberry,15.77697
BP16777,Burberry,28.15272
BP16778,Burberry,6.9702
BP16779,Burberry,15.68669
BP16780,Burberry,16.91938
BP16781,Burberry,18.83
BP16782,Burberry,30.71976
BP16783,Burberry,31.4532
BP16784,Burberry,7.41934
BP16785,Burberry,20.36374
BP16786,Burberry,29.05899
BP16787,Burberry,7.23437
BP16788,Burberry,31.53939
BP16789,Burberry,31.11615
BP16790,Burberry,36.57909
BP16791,Burberry,30.99235
BP16792,Burberry,29.43864
BP16793,Burberry,16.21789
BP16794,Burberry,29.56801
BP16795,Burberry,29.92485
BP16796,Burberry,30.32791
BP16797,Burberry,30.95391
BP16798,Burberry,17.0257
BP16799,Burberry,16.30268
BP16800,Burberry,19.85187
BP16801,Burberry,7.26181
BP16802,Burberry,20.62174
BP16803,Burberry,21.52571
BP16804,Burberry,31.33954
BP16805,Burberry,15.69316
BP16806,Burberry,30.77719
BP16807,Burberry,16.16608
BP16808,Burberry,6.91304
BP16809,Burberry,18.84305
BP16810,Burberry,19.76096
BP16811,Burberry,16.09595
BP16812,Burberry,27.9076
BP16813,Burberry,29.17552
BP16814,Burberry,28.95208
BP16815,Burberry,17.63223
BP16816,Burberry,30.79533
BP16817,Burberry,35.67161
BP16818,Burberry,26.95157
BP16819,Burberry,15.44504
BP16820,Burberry,28.37022
BP16821,Burberry,30.11021
BP16822,Burberry,27.1023
BP16823,Burberry,40.58243
BP16824,Burberry,22.06662
BP16825,Burberry,15.47122
BP16826,Burberry,16.14807
BP16827,Burberry,27.09976
BP16828,Burberry,27.2393
BP16829,Burberry,28.43957
BP16830,Burberry,7.07258
BP16831,Burberry,20.01535
BP16832,Burberry,28.02226
BP16833,Burberry,16.03722
BP16834,Burberry,15.54199
BP16835,Burberry,26.98036
BP16836,Burberry,30.99908
BP16837,Burberry,29.59306
BP16838,Burberry,18.85085
BP16839,Burberry,16.16554
BP16840,Burberry,16.73365
BP16841,Burberry,20.4455
BP16842,Burberry,16.31034
BP16843,Burberry,20.16563
BP16844,Burberry,15.99369
BP16845,Burberry,29.38183
BP16846,Burberry,19.1071
BP16847,Burberry,33.56701
BP16848,Burberry,31.24591
BP16849,Burberry,27.97167
BP16850,Burberry,15.82125
BP16851,Burberry,19.04788
BP16852,Burberry,31.41265
BP16853,Burberry,29.18476
BP16854,Burberry,20.42056
BP16855,Burberry,28.84954
BP16856,Burberry,31.50112
BP16857,Burberry,31.30816
BP16858,Burberry,7.0763
BP16859,Burberry,15.6695
BP16860,Burberry,28.16011
BP16861,Burberry,16.81941
BP16862,Burberry,29.44598
BP16863,Burberry,16.52783
BP16864,Burberry,28.32086
BP16865,Burberry,27.37865
BP16866,Burberry,16.74232
BP16867,Burberry,29.75219
BP16868,Burberry,30.57706
BP16869,Burberry,29.27476
BP16870,Burberry,6.98658
BP16871,Burberry,7.12592
BP16872,Burberry,28.997
BP16873,Burberry,28.35194
BP16874,Burberry,18.747
BP16875,Burberry,15.39774
BP16876,Burberry,31.1633
BP16877,Burberry,18.78372
BP16878,Burberry,20.68369
BP16879,Burberry,27.6663
BP16880,Burberry,30.8353
BP16881,Burberry,6.9366
BP16882,Burberry,30.71394
BP16883,Burberry,28.44812
BP16884,Burberry,18.84873
BP16885,Burberry,29.60104
BP16886,Burberry,19.24855
BP16887,Burberry,30.01412
BP16888,Burberry,32.29248
BP16889,Burberry,33.27491
BP16890,Burberry,27.28346
BP16891,Burberry,7.18333
BP16892,Burberry,18.98582
BP16893,Burberry,16.36122
BP16894,Burberry,20.8165
BP16895,Burberry,7.04051
BP16896,Burberry,28.33891
BP16897,Burberry,7.09407
BP16898,Burberry,27.31324
BP16899,Burberry,27.41827
BP16900,Burberry,7.26295
BP16901,Burberry,15.86693
BP16902,Burberry,29.96469
BP16903,Burberry,15.7237
BP16904,Burberry,15.87477
BP16905,Burberry,20.54741
BP16906,Burberry,28.69013
BP16907,Burberry,32.74256
BP16908,Burberry,30.65266
BP16909,Burberry,29.44263
BP16910,Burberry,32.50026
BP16911,Burberry,28.79894
BP16912,Burberry,30.53733
BP16913,Burberry,35.5308
BP16914,Burberry,31.00711
BP16915,Burberry,27.37426
BP16916,Burberry,31.65343
BP16917,Burberry,20.75147
BP16918,Burberry,15.73348
BP16919,Burberry,7.11199
BP16920,Burberry,31.26671
BP16921,Burberry,33.09392
BP16922,Burberry,30.28732
BP16923,Burberry,30.29388
BP16924,Burberry,16.59683
BP16925,Burberry,28.43242
BP16926,Burberry,27.65917
BP16927,Burberry,18.5152
BP16928,Burberry,29.2598
BP16929,Burberry,7.07411
BP16930,Burberry,27.16023
BP16931,Burberry,28.24576
BP16932,Burberry,20.58202
BP16933,Burberry,28.33312
BP16934,Burberry,7.32998
BP16935,Burberry,30.19981
BP16936,Burberry,3.50739
BP16937,Burberry,28.51535
BP16938,Burberry,29.83005
BP16939,Burberry,7.35873
BP16940,Burberry,30.13825
BP16941,Burberry,27.92864
BP16942,Burberry,28.97346
BP16943,Burberry,18.65887
BP16944,Burberry,18.4495
BP16945,Burberry,27.33259
BP16946,Burberry,27.92227
BP16947,Burberry,28.14472
BP16948,Burberry,15.29792
BP16949,Burberry,27.13309
BP16950,Burberry,29.10483
BP16951,Burberry,6.81095
BP16952,Burberry,19.85048
BP16953,Burberry,29.08131
BP16954,Burberry,6.89388
BP16955,Burberry,30.17903
BP16956,Burberry,28.52548
BP16957,Burberry,16.89212
BP16958,Burberry,42.66524
BP16959,Burberry,34.51372
BP16960,Burberry,31.60199
BP16961,Burberry,27.9133
BP16962,Burberry,30.12354
BP16963,Burberry,20.66112
BP16964,Burberry,32.866
BP16965,Burberry,32.49039
BP16966,Burberry,20.1065
BP16967,Burberry,30.99997
BP16968,Burberry,29.2305
BP16969,Burberry,29.40968
BP16970,Burberry,28.35194
BP16971,Burberry,30.43889
BP16972,Burberry,30.71597
BP16973,Burberry,28.22197
BP16974,Burberry,15.60189
BP16975,Burberry,18.63518
BP16976,Burberry,28.82543
BP16977,Burberry,7.17119
BP16978,Burberry,31.13155
BP16979,Burberry,30.45173
BP16980,Burberry,15.42462
BP16981,Burberry,16.3034
BP16982,Burberry,28.29648
BP16983,Burberry,28.83349
BP16984,Burberry,28.61058
BP16985,Burberry,28.50376
BP16986,Burberry,28.86326
BP16987,Burberry,29.03513
BP16988,Burberry,19.05305
BP16989,Burberry,28.52921
BP16990,Burberry,28.34625
BP16991,Burberry,31.16749
BP16992,Burberry,30.43533
BP16993,Burberry,18.9417
BP16994,Burberry,30.139
BP16995,Burberry,19.56924
BP16996,Burberry,27.29549
BP16997,Burberry,18.5398
BP16998,Burberry,28.50923
BP16999,Burberry,29.69937
BP17000,Burberry,29.00777
BP17001,Burberry,18.91597
BP17002,Burberry,20.27485
BP17003,Burberry,30.9203
BP17004,Burberry,32.28104
BP17005,Burberry,17.42624
BP17006,Burberry,30.41207
BP17007,Burberry,17.50401
BP17008,Burberry,28.39731
BP17009,Burberry,33.7334
BP17010,Burberry,27.03598
BP17011,Burberry,16.32807
BP17012,Burberry,28.59914
BP17013,Burberry,28.64888
BP17014,Burberry,6.61606
BP17015,Burberry,29.31665
BP17016,Burberry,27.07793
BP17017,Burberry,28.26298
BP17018,Burberry,29.23004
BP17019,Burberry,28.21664
BP17020,Burberry,29.26065
BP17021,Burberry,29.66745
BP17022,Burberry,33.14424
BP17023,Burberry,30.92899
BP17024,Burberry,32.49482
BP17025,Burberry,36.2951
BP17026,Burberry,33.36495
BP17027,Burberry,31.13921
BP17028,Burberry,34.37093
BP17029,Burberry,17.32989
BP17030,Burberry,19.9474
BP17031,Burberry,15.57973
BP17032,Burberry,27.26647
BP17033,Burberry,18.97821
BP17034,Burberry,30.47837
BP17035,Burberry,35.25631
BP17036,Burberry,19.98442
BP17037,Burberry,28.56832
BP17038,Burberry,31.77936
BP17039,Burberry,22.58653
BP17040,Burberry,30.99142
BP17041,Burberry,7.11193
BP17042,Burberry,18.69683
BP17043,Burberry,28.27741
BP17044,Burberry,29.67518
BP17045,Burberry,28.38914
BP17046,Burberry,29.8764
BP17047,Burberry,29.89901
BP17048,Burberry,28.27193
BP17049,Burberry,18.86445
BP17050,Burberry,30.23628
BP17051,Burberry,33.2706
BP17052,Burberry,31.21206
BP17053,Burberry,17.28786
BP17054,Burberry,29.30075
BP17055,Burberry,28.83218
BP17056,Burberry,28.15115
BP17057,Burberry,27.26505
BP17058,Burberry,29.63518
BP17059,Burberry,30.77776
BP17060,Burberry,27.87743
BP17061,Burberry,30.62672
BP17062,Burberry,28.30503
BP17063,Burberry,27.97992
BP17064,Burberry,28.18893
BP17065,Burberry,31.95129
BP17066,Burberry,35.97922
BP17067,Burberry,27.44309
BP17068,Burberry,31.41652
BP17069,Burberry,29.57758
BP17070,Burberry,16.7545
BP17071,Burberry,20.27519
BP17072,Burberry,28.137
BP17073,Burberry,29.83648
BP17074,Burberry,33.15505
BP17075,Burberry,30.17015
BP17076,Burberry,29.35156
BP17077,Burberry,31.75204
BP17078,Burberry,32.1193
BP17079,Burberry,30.35034
BP17080,Burberry,31.78856
BP17081,Burberry,30.97024
BP17082,Burberry,29.83212
BP17083,Burberry,28.70356
BP17084,Burberry,7.41461
BP17085,Burberry,21.68722
BP17086,Burberry,33.61619
BP17087,Burberry,33.45633
BP17088,Burberry,32.312
BP17089,Burberry,35.19061
BP17090,Burberry,26.60452
BP17091,Burberry,20.60761
BP17092,Burberry,30.67773
BP17093,Burberry,28.90708
BP17094,Burberry,27.93263
BP17095,Burberry,28.47823
BP17096,Burberry,30.58168
BP17097,Burberry,30.24798
BP17098,Burberry,29.04133
BP17099,Burberry,30.5934
BP17100,Burberry,20.40657
BP17101,Burberry,28.06785
BP17102,Burberry,28.46737
BP17103,Burberry,20.15021
BP17104,Burberry,20.07049
BP17105,Burberry,19.81813
BP17106,Burberry,28.29552
BP17107,Burberry,28.76016
BP17108,Burberry,19.7318
BP17109,Burberry,21.88083
BP17110,Burberry,18.63524
BP17111,Burberry,18.72265
BP17112,Burberry,19.81014
BP17113,Burberry,19.85285
BP17114,Burberry,18.85034
BP17115,Burberry,35.41325
BP17116,Burberry,18.81641
BP17117,Burberry,30.05419
BP17118,Burberry,21.56597
BP17119,Burberry,18.88564
BP17120,Burberry,32.00926
BP17121,Burberry,30.77919
BP17122,Burberry,30.12091
BP17123,Burberry,34.35678
BP17124,Burberry,32.50814
BP17125,Burberry,30.3769
BP17126,Burberry,27.2328
BP17127,Burberry,34.45454
BP17128,Burberry,29.6476
BP17129,Burberry,31.68428
BP17130,Burberry,33.57769
BP17131,Burberry,28.33207
BP17132,Burberry,31.15067
BP17133,Burberry,28.53157
BP17134,Burberry,32.69468
BP17135,Burberry,19.64799
BP17136,Burberry,20.63882
BP17137,Burberry,29.02079
BP17138,Burberry,33.30047
BP17139,Burberry,20.82812
BP17140,Burberry,29.00718
BP17141,Burberry,29.94243
BP17142,Burberry,32.8485
BP17143,Burberry,30.98304
BP17144,Burberry,22.4438
BP17145,Burberry,29.09638
BP17146,Burberry,30.67376
BP17147,Burberry,20.18037
BP17148,Burberry,32.97317
BP17149,Burberry,28.31337
BP17150,Burberry,31.6241
BP17151,Burberry,30.61674
BP17152,Burberry,29.94915
BP17153,Burberry,29.17824
BP17154,Burberry,19.85552
BP17155,Burberry,15.77186
BP17156,Burberry,18.99171
BP17157,Burberry,30.12068
BP17158,Burberry,34.13498
BP17159,Burberry,21.64712
BP17160,Burberry,28.60878
BP17161,Burberry,31.6321
BP17162,Burberry,35.6869
BP17163,Burberry,32.33931
BP17164,Burberry,36.1646
BP17165,Burberry,21.3138
BP17166,Burberry,46.82137
BP17167,Burberry,29.87486
BP17168,Burberry,31.75822
BP17169,Burberry,39.7618
BP17170,Burberry,30.04589
BP17171,Burberry,28.22265
BP17172,Burberry,32.95356
BP17173,Burberry,30.55828
BP17174,Burberry,32.52878
BP17175,Burberry,45.06096
BP17176,Burberry,32.29324
BP17177,Burberry,29.75868
BP17178,Burberry,31.95688
BP17179,Burberry,32.40294
BP17180,Burberry,28.84443
BP17181,Burberry,34.1961
BP17182,Burberry,30.54714
BP17183,Burberry,31.96303
BP17184,Burberry,27.67148
BP17185,Burberry,31.35064
BP17186,Burberry,33.15625
BP17187,Burberry,31.55393
BP17188,Burberry,34.21818
BP17189,Burberry,33.78081
BP17190,Burberry,30.64689
BP17191,Burberry,32.09062
BP17192,Burberry,29.66169
BP17193,Burberry,36.11017
BP17194,Burberry,31.40426
BP17195,Burberry,31.36748
BP17196,Burberry,28.57876
BP17197,Burberry,31.6946
BP17198,Burberry,19.30074
BP17199,Burberry,27.61432
BP17200,Burberry,16.14455
BP17201,Burberry,34.21857
BP17202,Burberry,30.5247
BP17203,Burberry,30.1425
BP17204,Burberry,29.69234
BP17205,Burberry,32.43551
BP17206,Burberry,30.14527
BP17207,Burberry,30.53529
BP17208,Burberry,19.9297
BP17209,Burberry,29.42733
BP17210,Burberry,28.05055
BP17211,Burberry,33.24802
BP17212,Burberry,33.41544
BP17213,Burberry,32.64728
BP17214,Burberry,29.26159
BP17215,Burberry,38.53262
BP17216,Burberry,33.71223
BP17217,Burberry,34.07891
BP17218,Burberry,42.48904
BP17219,Burberry,44.39563
BP17220,Burberry,31.28909
BP17221,Burberry,31.02203
BP17222,Burberry,31.35229
BP17223,Burberry,30.96455
BP17224,Burberry,39.49688
BP17225,Burberry,34.35012
BP17226,Burberry,32.9874
BP17227,Burberry,32.79238
BP17228,Burberry,32.95306
BP17229,Burberry,30.84484
BP17230,Burberry,32.39554
BP17231,Burberry,17.17535
BP17232,Burberry,31.54123
BP17233,Burberry,31.38212
BP17234,Burberry,30.56697
BP17235,Burberry,29.73383
BP17236,Burberry,29.29112
BP17237,Burberry,29.2319
BP17238,Burberry,29.71372
BP17239,Burberry,28.21888
BP17240,Burberry,15.80236
BP17241,Burberry,30.43188
BP17242,Burberry,30.8171
BP17243,Burberry,35.6473
BP17244,Burberry,29.8513
BP17245,Burberry,28.19478
BP17246,Burberry,29.63551
BP17247,Burberry,7.17119
BP17248,Burberry,28.39147
BP17249,Burberry,30.37744
BP17250,Burberry,33.47904
BP17251,Burberry,31.13009
BP17252,Burberry,30.71245
BP17253,Burberry,30.75406
BP17254,Burberry,33.10364
BP17255,Burberry,20.12545
BP17256,Burberry,15.55863
BP17257,Burberry,16.25846
BP17258,Burberry,17.50648
BP17259,Burberry,22.19846
BP17260,Burberry,31.36407
BP17261,Burberry,28.41791
BP17262,Burberry,15.59131
BP17263,Burberry,28.37752
BP17264,Burberry,29.11036
BP17265,Burberry,15.56247
BP17266,Burberry,7.49579
BP17267,Burberry,16.62524
BP17268,Burberry,16.9353
BP17269,Burberry,15.71632
BP17270,Burberry,29.32392
BP17271,Burberry,28.07698
BP17272,Burberry,29.10918
BP17273,Burberry,16.77683
BP17274,Burberry,30.96131
BP17275,Burberry,31.37386
BP17276,Burberry,17.39654
BP17277,Burberry,28.97252
BP17278,Burberry,30.1297
BP17279,Burberry,15.73348
BP17280,Burberry,28.83138
BP17281,Burberry,7.45832
BP17282,Burberry,29.18644
BP17283,Burberry,19.96433
BP17284,Burberry,27.70131
BP17285,Burberry,27.27306
BP17286,Burberry,16.94127
BP17287,Burberry,16.87587
BP17288,Burberry,15.7599
BP17289,Burberry,32.30152
BP17290,Burberry,29.29468
BP17291,Burberry,31.10802
BP17292,Burberry,29.91529
BP17293,Burberry,18.64438
BP17294,Burberry,35.26143
BP17295,Burberry,29.84117
BP17296,Burberry,15.67911
BP17297,Burberry,27.31148
BP17298,Burberry,46.85909
BP17299,Burberry,32.24973
BP17300,Burberry,30.36623
BP17301,Burberry,28.55993
BP17302,Burberry,28.33402
BP17303,Burberry,7.76123
BP17304,Burberry,29.9247
BP17305,Burberry,29.06319
BP17306,Burberry,18.69125
BP17307,Burberry,31.47097
BP17308,Burberry,27.58921
BP17309,Burberry,28.45057
BP17310,Burberry,19.11347
BP17311,Burberry,17.50858
BP17312,Burberry,28.72662
BP17313,Burberry,27.23357
BP17314,Burberry,32.55862
BP17315,Burberry,15.80011
BP17316,Burberry,15.50118
BP17317,Burberry,16.49299
BP17318,Burberry,45.53535
BP17319,Burberry,32.52614
BP17320,Burberry,29.61723
BP17321,Burberry,29.25409
BP17322,Burberry,29.2029
BP17323,Burberry,15.9779
BP17324,Burberry,30.11504
BP17325,Burberry,31.82422
BP17326,Burberry,29.39357
BP17327,Burberry,31.38307
BP17328,Burberry,30.16681
BP17329,Burberry,33.90421
BP17330,Burberry,27.62262
BP17331,Burberry,31.38552
BP17332,Burberry,27.52882
BP17333,Burberry,42.72761
BP17334,Burberry,43.20316
BP17335,Burberry,33.55052
BP17336,Burberry,49.97176
BP17337,Burberry,30.8068
BP17338,Burberry,28.36705
BP17339,Burberry,29.36231
BP17340,Burberry,31.49888
BP17341,Burberry,27.45638
BP17342,Burberry,31.00302
BP17343,Burberry,29.30673
BP17344,Burberry,28.75235
BP17345,Burberry,30.64997
BP17346,Burberry,27.22703
BP17347,Burberry,31.02497
BP17348,Burberry,17.2874
BP17349,Burberry,34.83416
BP17350,Burberry,28.34554
BP17351,Burberry,23.37439
BP17352,Burberry,7.50947
BP17353,Burberry,27.29884
BP17354,Burberry,7.19941
BP17355,Burberry,27.24235
BP17356,Burberry,29.93548
BP17357,Burberry,18.99349
BP17358,Burberry,27.40925
BP17359,Burberry,28.61693
BP17360,Burberry,19.90647
BP17361,Burberry,18.54718
BP17362,Burberry,16.84307
BP17363,Burberry,29.21814
BP17364,Burberry,18.68245
BP17365,Burberry,7.64845
BP17366,Burberry,29.24972
BP17367,Burberry,32.79456
BP17368,Burberry,19.84662
BP17369,Burberry,29.75811
BP17370,Burberry,28.77757
BP17371,Burberry,18.83158
BP17372,Burberry,27.49274
BP17373,Burberry,17.19528
BP17374,Burberry,34.53812
BP17375,Burberry,18.49595
BP17376,Burberry,18.80622
BP17377,Burberry,29.27433
BP17378,Burberry,15.56603
BP17379,Burberry,30.76047
BP17380,Burberry,7.19394
BP17381,Burberry,7.01295
BP17382,Burberry,17.26203
BP17383,Burberry,6.93666
BP17384,Burberry,21.32601
BP17385,Burberry,30.16293
BP17386,Burberry,29.79897
BP17387,Burberry,31.8118
BP17388,Burberry,27.61883
BP17389,Burberry,20.86671
BP17390,Burberry,30.43038
BP17391,Burberry,27.39973
BP17392,Burberry,30.35902
BP17393,Burberry,15.82131
BP17394,Burberry,19.74025
BP17395,Burberry,19.83071
BP17396,Burberry,29.16864
BP17397,Burberry,28.32262
BP17398,Burberry,16.60254
BP17399,Burberry,18.93708
BP17400,Burberry,19.86609
BP17401,Burberry,31.7401
BP17402,Burberry,16.54361
BP17403,Burberry,27.3189
BP17404,Burberry,27.39693
BP17405,Burberry,29.1628
BP17406,Burberry,28.3694
BP17407,Burberry,32.22113
BP17408,Burberry,7.20885
BP17409,Burberry,32.23878
BP17410,Burberry,30.23917
BP17411,Burberry,27.16165
BP17412,Burberry,18.75408
BP17413,Burberry,29.67798
BP17414,Burberry,28.72966
BP17415,Burberry,6.9398
BP17416,Burberry,28.79056
BP17417,Burberry,19.94147
BP17418,Burberry,15.57132
BP17419,Burberry,28.39681
BP17420,Burberry,28.38868
BP17421,Burberry,28.13291
BP17422,Burberry,15.43152
BP17423,Burberry,29.77068
BP17424,Burberry,15.66228
BP17425,Burberry,7.29377
BP17426,Burberry,30.90751
BP17427,Burberry,28.74723
BP17428,Burberry,15.57776
BP17429,Burberry,15.1769
BP17430,Burberry,27.02959
BP17431,Burberry,29.57637
BP17432,Burberry,28.46309
BP17433,Burberry,29.35298
BP17434,Burberry,15.52445
BP17435,Burberry,28.06992
BP17436,Burberry,30.28661
BP17437,Burberry,30.70381
BP17438,Burberry,28.53342
BP17439,Burberry,19.34551
BP17440,Burberry,7.62905
BP17441,Burberry,29.70192
BP17442,Burberry,28.6106
BP17443,Burberry,28.51672
BP17444,Burberry,32.66354
BP17445,Burberry,30.54527
BP17446,Burberry,28.49055
BP17447,Burberry,29.36255
BP17448,Burberry,29.6629
BP17449,Burberry,29.98512
BP17450,Burberry,30.758
BP17451,Burberry,18.7854
BP17452,Burberry,19.02888
BP17453,Burberry,17.4943
BP17454,Burberry,27.3859
BP17455,Burberry,16.74935
BP17456,Burberry,15.56039
BP17457,Burberry,29.89605
BP17458,Burberry,37.82755
BP17459,Burberry,34.34927
BP17460,Burberry,18.48186
BP17461,Burberry,34.43169
BP17462,Burberry,28.16259
BP17463,Burberry,31.25559
BP17464,Burberry,29.3405
BP17465,Burberry,30.53352
BP17466,Burberry,29.38178
BP17467,Burberry,28.17785
BP17468,Burberry,27.09722
BP17469,Burberry,16.24593
BP17470,Burberry,17.86974
BP17471,Burberry,34.20527
BP17472,Burberry,33.62013
BP17473,Burberry,16.67973
BP17474,Burberry,40.0957
BP17475,Burberry,46.75281
BP17476,Burberry,39.9663
BP17477,Burberry,39.84029
BP17478,Burberry,42.98411
BP17479,Burberry,36.35915
BP17480,Burberry,33.0814
BP17481,Burberry,31.41235
BP17482,Burberry,33.40495
BP17483,Burberry,17.99502
BP17484,Burberry,30.69707
BP17485,Burberry,29.75276
BP17486,Burberry,38.84856
BP17487,Burberry,31.98956
BP17488,Burberry,31.51548
BP17489,Burberry,27.73927
BP17490,Burberry,19.17528
BP17491,Burberry,31.65294
BP17492,Burberry,18.63198
BP17493,Burberry,6.99267
BP17494,Burberry,27.07793
BP17495,Burberry,27.3294
BP17496,Burberry,28.62143
BP17497,Burberry,29.32256
BP17498,Burberry,31.57572
BP17499,Burberry,31.17025
BP17500,Burberry,7.11664
BP17501,Burberry,15.75597
BP17502,Burberry,16.2338
BP17503,Burberry,15.38117
BP17504,Burberry,28.73283
BP17505,Burberry,18.88214
BP17506,Burberry,27.02885
BP17507,Burberry,19.93936
BP17508,Burberry,28.57041
BP17509,Burberry,28.21495
BP17510,Burberry,16.14304
BP17511,Burberry,15.34414
BP17512,Burberry,19.33733
BP17513,Burberry,45.52451
BP17514,Burberry,41.64085
BP17515,Burberry,32.80458
BP17516,Burberry,29.93813
BP17517,Burberry,29.02781
BP17518,Burberry,27.46425
BP17519,Burberry,27.45448
BP17520,Burberry,15.47546
BP17521,Burberry,27.13797
BP17522,Burberry,15.71351
BP17523,Burberry,46.06433
BP17524,Burberry,29.11598
BP17525,Burberry,19.50515
BP17526,Burberry,33.51179
BP17527,Burberry,29.22841
BP17528,Burberry,22.20695
BP17529,Burberry,30.4495
BP17530,Burberry,19.98835
BP17531,Burberry,35.18881
BP17532,Burberry,30.42536
BP17533,Burberry,32.79646
BP17534,Burberry,30.81597
BP17535,Burberry,28.53829
BP17536,Burberry,58.41843
BP17537,Burberry,35.10778
BP17538,Burberry,38.29831
BP17539,Burberry,29.71338
BP17540,Burberry,48.11185
BP17541,Burberry,24.2355
BP17542,Burberry,30.2765
BP17543,Burberry,31.56755
BP17544,Burberry,32.63209
BP17545,Burberry,20.44311
BP17546,Burberry,28.69327
BP17547,Burberry,15.83303
BP17548,Burberry,21.59376
BP17549,Burberry,15.66451
BP17550,Burberry,38.93388
BP17551,Burberry,29.17137
BP17552,Burberry,18.90699
BP17553,Burberry,30.50632
BP17554,Burberry,47.40473
BP17555,Burberry,46.75512
BP17556,Burberry,22.13441
BP17557,Burberry,6.9467
BP17558,Burberry,16.27479
BP17559,Burberry,22.40287
BP17560,Burberry,27.44309
BP17561,Burberry,19.1051
BP17562,Burberry,28.7351
BP17563,Burberry,18.93386
BP17564,Burberry,30.35819
BP17565,Burberry,34.24564
BP17566,Burberry,32.73687
BP17567,Burberry,18.80429
BP17568,Burberry,18.5861
BP17569,Burberry,7.06927
BP17570,Burberry,29.78698
BP17571,Burberry,6.81449
BP17572,Burberry,33.99384
BP17573,Burberry,16.34746
BP17574,Burberry,19.06188
BP17575,Burberry,28.23396
BP17576,Burberry,32.36324
BP17577,Burberry,28.56098
BP17578,Burberry,30.7615
BP17579,Burberry,7.08014
BP17580,Burberry,37.92994
BP17581,Burberry,15.65887
BP17582,Burberry,7.44703
BP17583,Burberry,18.7749
BP17584,Burberry,15.53211
BP17585,Burberry,29.44644
BP17586,Burberry,28.19465
BP17587,Burberry,31.12696
BP17588,Burberry,45.50481
BP17589,Burberry,28.26193
BP17590,Burberry,33.95487
BP17591,Burberry,32.55441
BP17592,Burberry,29.06017
BP17593,Burberry,37.11814
BP17594,Burberry,29.80362
BP17595,Burberry,7.33163
BP17596,Burberry,16.42548
BP17597,Burberry,33.36599
BP17598,Burberry,28.28768
BP17599,Burberry,28.10188
BP17600,Burberry,38.72456
BP17601,Burberry,32.9507
BP17602,Burberry,18.6335
BP17603,Burberry,30.66331
BP17604,Burberry,28.57699
BP17605,Burberry,21.27544
BP17606,Burberry,31.41842
BP17607,Burberry,31.3661
BP17608,Burberry,15.56779
BP17609,Burberry,18.73252
BP17610,Burberry,7.32935
BP17611,Burberry,15.63601
BP17612,Burberry,27.38026
BP17613,Burberry,15.71954
BP17614,Burberry,48.01394
BP17615,Burberry,47.88641
BP17616,Burberry,30.21588
BP17617,Burberry,18.78977
BP17618,Burberry,16.54754
BP17619,Burberry,16.43691
BP17620,Burberry,28.22298
BP17621,Burberry,29.67169
BP17622,Burberry,15.75419
BP17623,Burberry,15.35597
BP17624,Burberry,29.14574
BP17625,Burberry,21.31022
BP17626,Burberry,28.2522
BP17627,Burberry,7.49643
BP17628,Burberry,28.04448
BP17629,Burberry,34.54844
BP17630,Burberry,16.12329
BP17631,Burberry,37.87957
BP17632,Burberry,21.40078
BP17633,Burberry,27.84644
BP17634,Burberry,17.02396
BP17635,Burberry,22.45819
BP17636,Burberry,37.04515
BP17637,Burberry,27.8059
BP17638,Burberry,29.63793
BP17639,Burberry,27.81521
BP17640,Burberry,7.01582
BP17641,Burberry,27.41646
BP17642,Burberry,7.14286
BP17643,Burberry,15.65401
BP17644,Burberry,18.51373
BP17645,Burberry,18.7521
BP17646,Burberry,31.10721
BP17647,Burberry,20.428
BP17648,Burberry,27.12977
BP17649,Burberry,28.65896
BP17650,Burberry,33.69062
BP17651,Burberry,6.74842
BP17652,Burberry,29.99797
BP17653,Burberry,28.63659
BP17654,Burberry,45.54764
BP17655,Burberry,7.17664
BP17656,Burberry,15.23112
BP17657,Burberry,31.96488
BP17658,Burberry,16.33948
BP17659,Burberry,19.09458
BP17660,Burberry,15.27239
BP17661,Burberry,20.64196
BP17662,Burberry,7.12351
BP17663,Burberry,27.33085
BP17664,Burberry,43.45537
BP17665,Burberry,43.59518
BP17666,Burberry,44.14213
BP17667,Burberry,44.13286
BP17668,Burberry,7.00592
BP17669,Burberry,32.34283
BP17670,Burberry,28.46579
BP17671,Burberry,18.66459
BP17672,Burberry,29.01849
BP17673,Burberry,31.62859
BP17674,Burberry,29.46159
BP17675,Burberry,15.72937
BP17676,Burberry,32.46088
BP17677,Burberry,27.20013
BP17678,Burberry,7.30409
BP17679,Burberry,15.74486
BP17680,Burberry,17.27473
BP17681,Burberry,15.49692
BP17682,Burberry,18.85974
BP17683,Burberry,31.76863
BP17684,Burberry,15.81622
BP17685,Burberry,7.24342
BP17686,Burberry,44.73987
BP17687,Burberry,28.6688
BP17688,Burberry,18.73463
BP17689,Burberry,17.09143
BP17690,Burberry,32.21878
BP17691,Burberry,17.21636
BP17692,Burberry,20.9892
BP17693,Burberry,18.83668
BP17694,Burberry,17.22157
BP17695,Burberry,16.19745
BP17696,Burberry,28.99198
BP17697,Burberry,35.07972
BP17698,Burberry,30.63485
BP17699,Burberry,36.2067
BP17700,Burberry,17.14415
BP17701,Burberry,29.28322
BP17702,Burberry,18.96412
BP17703,Burberry,34.1425
BP17704,Burberry,28.53455
BP17705,Burberry,28.35387
BP17706,Burberry,20.14823
BP17707,Burberry,16.28632
BP17708,Burberry,16.58124
BP17709,Burberry,27.50777
BP17710,Burberry,28.69365
BP17711,Burberry,20.60651
BP17712,Burberry,30.87651
BP17713,Burberry,49.45311
BP17714,Burberry,30.47272
BP17715,Burberry,48.04749
BP17716,Burberry,33.45963
BP17717,Burberry,31.53228
BP17718,Burberry,32.81134
BP17719,Burberry,15.68146
BP17720,Burberry,7.22516
BP17721,Burberry,21.42819
BP17722,Burberry,16.55156
BP17723,Burberry,29.51304
BP17724,Burberry,27.18022
BP17725,Burberry,29.55549
BP17726,Burberry,18.83075
BP17727,Burberry,27.39291
BP17728,Burberry,7.09407
BP17729,Burberry,28.13651
BP17730,Burberry,16.7563
BP17731,Burberry,15.4178
BP17732,Burberry,16.36122
BP17733,Burberry,32.32469
BP17734,Burberry,28.69985
BP17735,Burberry,28.24479
BP17736,Burberry,29.18212
BP17737,Burberry,16.24909
BP17738,Burberry,31.41683
BP17739,Burberry,27.69905
BP17740,Burberry,15.62046
BP17741,Burberry,17.68917
BP17742,Burberry,30.65211
BP17743,Burberry,20.39527
BP17744,Burberry,7.5311
BP17745,Burberry,29.96454
BP17746,Burberry,40.82189
BP17747,Burberry,29.95238
BP17748,Burberry,43.56287
BP17749,Burberry,40.33768
BP17750,Burberry,42.29125
BP17751,Burberry,42.16387
BP17752,Burberry,43.60754
BP17753,Burberry,46.65165
BP17754,Burberry,44.68622
BP17755,Burberry,32.37955
BP17756,Burberry,44.73396
BP17757,Burberry,44.02789
BP17758,Burberry,29.79016
BP17759,Burberry,31.15471
BP17760,Burberry,32.42021
BP17761,Burberry,18.83945
BP17762,Burberry,29.33077
BP17763,Burberry,28.5996
BP17764,Burberry,42.17132
BP17765,Burberry,28.04296
BP17766,Burberry,28.07406
BP17767,Burberry,7.12169
BP17768,Burberry,29.03287
BP17769,Burberry,26.96814
BP17770,Burberry,28.62862
BP17771,Burberry,20.05349
BP17772,Burberry,26.86499
BP17773,Burberry,31.69617
BP17774,Burberry,38.36596
BP17775,Burberry,44.09412
BP17776,Burberry,15.92173
BP17777,Burberry,7.27187
BP17778,Burberry,17.42372
BP17779,Burberry,26.96886
BP17780,Burberry,27.8347
BP17781,Burberry,29.59314
BP17782,Burberry,30.03436
BP17783,Burberry,42.66369
BP17784,Burberry,20.39253
BP17785,Burberry,18.79102
BP17786,Burberry,32.42892
BP17787,Burberry,15.36143
BP17788,Burberry,7.1002
BP17789,Burberry,44.08226
BP17790,Burberry,18.92696
BP17791,Burberry,18.696
BP17792,Burberry,47.56628
BP17793,Burberry,46.52395
BP17794,Burberry,20.32415
BP17795,Burberry,33.00579
BP17796,Burberry,20.51313
BP17797,Burberry,31.36646
BP17798,Burberry,41.59133
BP17799,Burberry,6.93281
BP17800,Burberry,29.44357
BP17801,Burberry,31.78661
BP17802,Burberry,33.26781
BP17803,Burberry,7.23413
BP17804,Burberry,16.92622
BP17805,Burberry,7.31509
BP17806,Burberry,7.3834
BP17807,Burberry,32.03035
BP17808,Burberry,17.12962
BP17809,Burberry,32.02383
BP17810,Burberry,7.33563
BP17811,Burberry,33.32491
BP17812,Burberry,28.38244
BP17813,Burberry,47.57632
BP17814,Burberry,33.67864
BP17815,Burberry,19.3486
BP17816,Burberry,28.12234
BP17817,Burberry,18.52883
BP17818,Burberry,28.24388
BP17819,Burberry,28.25196
BP17820,Burberry,46.83896
BP17821,Burberry,28.45323
BP17822,Burberry,18.78047
BP17823,Burberry,15.53464
BP17824,Burberry,18.78372
BP17825,Burberry,18.54723
BP17826,Burberry,15.69575
BP17827,Burberry,15.4411
BP17828,Burberry,46.58777
BP17829,Burberry,15.45167
BP17830,Burberry,30.79484
BP17831,Burberry,34.2392
BP17832,Burberry,32.63385
BP17833,Burberry,32.96102
BP17834,Burberry,29.8157
BP17835,Burberry,48.62351
BP17836,Burberry,28.12048
BP17837,Burberry,29.6628
BP17838,Burberry,19.25064
BP17839,Burberry,7.44133
BP17840,Burberry,16.19248
BP17841,Burberry,7.07917
BP17842,Burberry,29.09703
BP17843,Burberry,7.29478
BP17844,Burberry,15.87494
BP17845,Burberry,19.21879
BP17846,Burberry,28.49102
BP17847,Burberry,20.0301
BP17848,Burberry,19.09902
BP17849,Burberry,16.65193
BP17850,Burberry,28.1977
BP17851,Burberry,29.86136
BP17852,Burberry,7.27261
BP17853,Burberry,21.19806
BP17854,Burberry,19.33501
BP17855,Burberry,27.79018
BP17856,Burberry,7.00425
BP17857,Burberry,30.06583
BP17858,Burberry,16.47479
BP17859,Burberry,6.93583
BP17860,Burberry,27.96188
BP17861,Burberry,15.53102
BP17862,Burberry,6.775
BP17863,Burberry,18.31289
BP17864,Burberry,15.47934
BP17865,Burberry,15.32564
BP17866,Burberry,30.57436
BP17867,Burberry,7.38027
BP17868,Burberry,15.81784
BP17869,Burberry,29.04057
BP17870,Burberry,27.13654
BP17871,Burberry,28.25233
BP17872,Burberry,7.15141
BP17873,Burberry,31.087
BP17874,Burberry,7.21769
BP17875,Burberry,7.01185
BP17876,Burberry,29.39545
BP17877,Burberry,15.67911
BP17878,Burberry,30.18783
BP17879,Burberry,29.23978
BP17880,Burberry,30.09804
BP17881,Burberry,15.40094
BP17882,Burberry,18.67148
BP17883,Burberry,28.99084
BP17884,Burberry,28.3944
BP17885,Burberry,16.53621
BP17886,Burberry,28.2913
BP17887,Burberry,33.29818
BP17888,Burberry,16.20359
BP17889,Burberry,27.26649
BP17890,Burberry,31.87683
BP17891,Burberry,42.14963
BP17892,Burberry,30.57745
BP17893,Burberry,30.85542
BP17894,Burberry,27.91011
BP17895,Burberry,16.08527
BP17896,Burberry,32.53627
BP17897,Burberry,34.14146
BP17898,Burberry,28.12523
BP17899,Burberry,42.80533
BP17900,Burberry,30.36303
BP17901,Burberry,15.70001
BP17902,Burberry,28.00466
BP17903,Burberry,15.80116
BP17904,Burberry,16.3401
BP17905,Burberry,15.60916
BP17906,Burberry,29.15466
BP17907,Burberry,16.29242
BP17908,Burberry,27.37663
BP17909,Burberry,34.04959
BP17910,Burberry,27.39578
BP17911,Burberry,28.22921
BP17912,Burberry,7.40865
BP17913,Burberry,18.92064
BP17914,Burberry,26.78574
BP17915,Burberry,28.79773
BP17916,Burberry,29.65689
BP17917,Burberry,35.59406
BP17918,Burberry,22.43749
BP17919,Burberry,29.61265
BP17920,Burberry,18.91096
BP17921,Burberry,29.06627
BP17922,Burberry,30.30306
BP17923,Burberry,43.87402
BP17924,Burberry,30.55356
BP17925,Burberry,16.54491
BP17926,Burberry,22.76002
BP17927,Burberry,21.06605
BP17928,Burberry,28.91915
BP17929,Burberry,31.02615
BP17930,Burberry,21.04905
BP17931,Burberry,18.96467
BP17932,Burberry,7.21326
BP17933,Burberry,28.48376
BP17934,Burberry,31.92636
BP17935,Burberry,29.06262
BP17936,Burberry,33.08039
BP17937,Burberry,27.87981
BP17938,Burberry,36.49067
BP17939,Burberry,33.34955
BP17940,Burberry,52.64126
BP17941,Burberry,19.01183
BP17942,Burberry,17.08473
BP17943,Burberry,7.22705
BP17944,Burberry,29.11637
BP17945,Burberry,29.03549
BP17946,Burberry,31.69784
BP17947,Burberry,29.736
BP17948,Burberry,19.9446
BP17949,Burberry,29.22109
BP17950,Burberry,27.19892
BP17951,Burberry,15.65315
BP17952,Burberry,28.07438
BP17953,Burberry,27.3415
BP17954,Burberry,27.80468
BP17955,Burberry,20.86574
BP17956,Burberry,7.48801
BP17957,Burberry,15.73162
BP17958,Burberry,15.88302
BP17959,Burberry,28.54919
BP17960,Burberry,20.70648
BP17961,Burberry,19.92538
BP17962,Burberry,15.51295
BP17963,Burberry,31.49226
BP17964,Burberry,16.68169
BP17965,Burberry,16.94232
BP17966,Burberry,27.83256
BP17967,Burberry,27.88602
BP17968,Burberry,15.33756
BP17969,Burberry,16.7707
BP17970,Burberry,6.9163
BP17971,Burberry,16.40728
BP17972,Burberry,15.21272
BP17973,Burberry,18.93646
BP17974,Burberry,29.08905
BP17975,Burberry,32.36421
BP17976,Burberry,18.64438
BP17977,Burberry,30.51546
BP17978,Burberry,18.62567
BP17979,Burberry,3.55087
BP17980,Burberry,27.72746
BP17981,Burberry,18.76757
BP17982,Burberry,20.39652
BP17983,Burberry,18.81514
BP17984,Burberry,28.52921
BP17985,Burberry,15.50964
BP17986,Burberry,29.20532
BP17987,Burberry,6.95249
BP17988,Burberry,31.8429
BP17989,Burberry,28.08871
BP17990,Burberry,18.81917
BP17991,Burberry,31.58039
BP17992,Burberry,29.67747
BP17993,Burberry,18.65193
BP17994,Burberry,18.60022
BP17995,Burberry,19.67743
BP17996,Burberry,7.01818
BP17997,Burberry,15.54224
BP17998,Burberry,15.34615
BP17999,Burberry,28.52253
BP18000,Burberry,21.87015
BP18001,Burberry,30.55029
BP18002,Burberry,29.33292
BP18003,Burberry,27.82808
BP18004,Burberry,32.88958
BP18005,Burberry,26.72886
BP18006,Burberry,7.16158
BP18007,Burberry,6.86518
BP18008,Burberry,34.14676
BP18009,Burberry,6.83196
BP18010,Burberry,16.60341
BP18011,Burberry,18.95619
BP18012,Burberry,34.40469
BP18013,Burberry,46.61892
BP18014,Burberry,7.35492
BP18015,Burberry,19.90633
BP18016,Burberry,27.47495
BP18017,Burberry,27.59636
BP18018,Burberry,19.09821
BP18019,Burberry,31.06576
BP18020,Burberry,29.14399
BP18021,Burberry,20.00503
BP18022,Burberry,15.56928
BP18023,Burberry,27.25241
BP18024,Burberry,7.24887
BP18025,Burberry,39.32669
BP18026,Burberry,15.35144
BP18027,Burberry,29.8745
BP18028,Burberry,35.94756
BP18029,Burberry,15.61423
BP18030,Burberry,7.2739
BP18031,Burberry,15.85222
BP18032,Burberry,19.89241
BP18033,Burberry,18.79467
BP18034,Burberry,15.52234
BP18035,Burberry,26.88188
BP18036,Burberry,27.15654
BP18037,Burberry,28.67492
BP18038,Burberry,7.20318
BP18039,Burberry,48.29269
BP18040,Burberry,16.47886
BP18041,Burberry,15.65906
BP18042,Burberry,16.77148
BP18043,Burberry,27.5723
BP18044,Burberry,28.31116
BP18045,Burberry,17.03202
BP18046,Burberry,30.97595
BP18047,Burberry,15.67408
BP18048,Burberry,28.58627
BP18049,Burberry,26.85511
BP18050,Burberry,18.40046
BP18051,Burberry,40.37645
BP18052,Burberry,7.56562
BP18053,Burberry,21.2363
BP18054,Burberry,30.27935
BP18055,Burberry,18.71347
BP18056,Burberry,28.36962
BP18057,Burberry,7.58935
BP18058,Burberry,28.22038
BP18059,Burberry,7.648
BP18060,Burberry,19.90633
BP18061,Burberry,30.56664
BP18062,Burberry,29.74471
BP18063,Burberry,32.0448
BP18064,Burberry,16.90718
BP18065,Burberry,20.09173
BP18066,Burberry,31.00743
BP18067,Burberry,28.45291
BP18068,Burberry,27.58463
BP18069,Burberry,16.57891
BP18070,Burberry,7.16406
BP18071,Burberry,29.36735
BP18072,Burberry,6.99773
BP18073,Burberry,19.96646
BP18074,Burberry,27.07137
BP18075,Burberry,28.9532
BP18076,Burberry,29.60168
BP18077,Burberry,15.36655
BP18078,Burberry,19.81905
BP18079,Burberry,7.30097
BP18080,Burberry,3.50036
BP18081,Burberry,27.97293
BP18082,Burberry,17.14295
BP18083,Burberry,19.1237
BP18084,Burberry,29.16829
BP18085,Burberry,31.11488
BP18086,Burberry,28.06135
BP18087,Burberry,28.37403
BP18088,Burberry,30.6507
BP18089,Burberry,19.10897
BP18090,Burberry,20.00951
BP18091,Burberry,15.16744
BP18092,Burberry,6.80917
BP18093,Burberry,19.80371
BP18094,Burberry,27.8347
BP18095,Burberry,29.85244
BP18096,Burberry,27.6705
BP18097,Burberry,7.37492
BP18098,Burberry,18.83779
BP18099,Burberry,29.04177
BP18100,Burberry,29.50385
BP18101,Burberry,30.47053
BP18102,Burberry,29.74306
BP18103,Burberry,15.82172
BP18104,Burberry,6.64379
BP18105,Burberry,15.3233
BP18106,Burberry,27.33113
BP18107,Burberry,15.90044
BP18108,Burberry,42.93002
BP18109,Burberry,19.84662
BP18110,Burberry,28.17756
BP18111,Burberry,16.31034
BP18112,Burberry,18.52597
BP18113,Burberry,15.25974
BP18114,Burberry,7.18775
BP18115,Burberry,6.72957
BP18116,Burberry,18.55737
BP18117,Burberry,20.44811
BP18118,Burberry,18.45389
BP18119,Burberry,7.56521
BP18120,Burberry,18.69924
BP18121,Burberry,27.50787
BP18122,Burberry,7.158
BP18123,Burberry,28.43425
BP18124,Burberry,7.24235
BP18125,Burberry,7.7672
BP18126,Burberry,35.57197
BP18127,Burberry,7.02499
BP18128,Burberry,18.60168
BP18129,Burberry,18.79361
BP18130,Burberry,28.09388
BP18131,Burberry,28.44734
BP18132,Burberry,30.45922
BP18133,Burberry,6.45765
BP18134,Burberry,19.79841
BP18135,Burberry,7.61493
BP18136,Burberry,18.65233
BP18137,Burberry,15.65906
BP18138,Burberry,28.86058
BP18139,Burberry,50.9525
BP18140,Burberry,27.19076
BP18141,Burberry,30.16701
BP18142,Burberry,19.87204
BP18143,Burberry,21.38881
BP18144,Burberry,27.16308
BP18145,Burberry,31.11122
BP18146,Burberry,6.9922
BP18147,Burberry,18.57222
BP18148,Burberry,15.86092
BP18149,Burberry,16.76472
BP18150,Burberry,19.64293
BP18151,Burberry,29.19102
BP18152,Burberry,18.6767
BP18153,Burberry,27.8598
BP18154,Burberry,30.98253
BP18155,Burberry,19.64347
BP18156,Burberry,17.58006
BP18157,Burberry,30.11742
BP18158,Burberry,17.39356
BP18159,Burberry,15.24768
BP18160,Burberry,15.78959
BP18161,Burberry,28.05156
BP18162,Burberry,20.3361
BP18163,Burberry,27.47091
BP18164,Burberry,27.51773
BP18165,Burberry,29.3958
BP18166,Burberry,18.98667
BP18167,Burberry,15.58078
BP18168,Burberry,29.28111
BP18169,Burberry,7.14043
BP18170,Burberry,36.71952
BP18171,Burberry,28.64165
BP18172,Burberry,7.26282
BP18173,Burberry,33.72511
BP18174,Burberry,27.85277
BP18175,Burberry,19.16038
BP18176,Burberry,7.47119
BP18177,Burberry,28.75629
BP18178,Burberry,15.62801
BP18179,Burberry,29.96986
BP18180,Burberry,29.23141
BP18181,Burberry,29.62978
BP18182,Burberry,29.74636
BP18183,Burberry,7.24337
BP18184,Burberry,29.71958
BP18185,Burberry,50.9562
BP18186,Burberry,31.55604
BP18187,Burberry,22.28598
BP18188,Burberry,16.29732
BP18189,Burberry,44.35198
BP18190,Burberry,29.05943
BP18191,Burberry,32.53258
BP18192,Burberry,29.76766
BP18193,Burberry,31.92513
BP18194,Burberry,7.36812
BP18195,Burberry,33.82936
BP18196,Burberry,44.75976
BP18197,Burberry,29.40337
BP18198,Burberry,41.85766
BP18199,Burberry,40.20364
BP18200,Burberry,40.00224
BP18201,Burberry,49.09959
BP18202,Burberry,36.60472
BP18203,Burberry,31.23873
BP18204,Burberry,28.82869
BP18205,Burberry,41.60031
BP18206,Burberry,29.70483
BP18207,Burberry,35.9981
BP18208,Burberry,36.24275
BP18209,Burberry,41.80247
BP18210,Burberry,21.00586
BP18211,Burberry,20.76209
BP18212,Burberry,40.63496
BP18213,Burberry,4.7509
BP18214,Burberry,30.03318
BP18215,Burberry,46.95722
BP18216,Burberry,28.9614
BP18217,Burberry,40.44578
BP18218,Burberry,29.44072
BP18219,Burberry,28.4374
BP18220,Burberry,31.21248
BP18221,Burberry,27.84385
BP18222,Burberry,21.57388
BP18223,Burberry,30.00681
BP18224,Burberry,27.82039
BP18225,Burberry,7.29377
BP18226,Burberry,35.10215
BP18227,Burberry,49.11451
BP18228,Burberry,49.39194
BP18229,Burberry,46.90815
BP18230,Burberry,31.188
BP18231,Burberry,28.11299
BP18232,Burberry,27.36053
BP18233,Burberry,47.43436
BP18234,Burberry,30.99796
BP18235,Burberry,16.07512
BP18236,Burberry,27.48006
BP18237,Burberry,28.97875
BP18238,Burberry,22.83934
BP18239,Burberry,16.00151
BP18240,Burberry,31.55179
BP18241,Burberry,27.9997
BP18242,Burberry,20.64349
BP18243,Burberry,28.52751
BP18244,Burberry,19.95301
BP18245,Burberry,28.85201
BP18246,Burberry,7.74094
BP18247,Burberry,29.75559
BP18248,Burberry,18.83945
BP18249,Burberry,30.1877
BP18250,Burberry,20.925
BP18251,Burberry,19.37391
BP18252,Burberry,7.0227
BP18253,Burberry,33.2281
BP18254,Burberry,43.04524
BP18255,Burberry,28.59817
BP18256,Burberry,44.73595
BP18257,Burberry,15.49588
BP18258,Burberry,18.65047
BP18259,Burberry,17.111
BP18260,Burberry,28.12269
BP18261,Burberry,16.49606
BP18262,Burberry,28.22534
BP18263,Burberry,18.87025
BP18264,Burberry,16.17173
BP18265,Burberry,30.36497
BP18266,Burberry,15.57089
BP18267,Burberry,20.21048
BP18268,Burberry,30.33773
BP18269,Burberry,19.01902
BP18270,Burberry,7.57048
BP18271,Burberry,28.58082
BP18272,Burberry,44.04111
BP18273,Burberry,6.98517
BP18274,Burberry,34.74068
BP18275,Burberry,33.68097
BP18276,Burberry,32.71697
BP18277,Burberry,16.47185
BP18278,Burberry,31.74114
BP18279,Burberry,16.90924
BP18280,Burberry,16.53179
BP18281,Burberry,7.25231
BP18282,Burberry,19.10157
BP18283,Burberry,18.83158
BP18284,Burberry,7.214
BP18285,Burberry,16.62527
BP18286,Burberry,7.29195
BP18287,Burberry,27.48495
BP18288,Burberry,28.52674
BP18289,Burberry,42.75843
BP18290,Burberry,29.46501
BP18291,Burberry,33.20812
BP18292,Burberry,34.63189
BP18293,Burberry,6.99494
BP18294,Burberry,7.44562
BP18295,Burberry,20.51118
BP18296,Burberry,19.36638
BP18297,Burberry,7.11769
BP18298,Burberry,30.57237
BP18299,Burberry,22.92736
BP18300,Burberry,15.69141
BP18301,Burberry,44.77645
BP18302,Burberry,32.67201
BP18303,Burberry,30.0666
BP18304,Burberry,31.06524
BP18305,Burberry,18.81151
BP18306,Burberry,19.09093
BP18307,Burberry,31.94909
BP18308,Burberry,31.32639
BP18309,Burberry,30.5947
BP18310,Burberry,18.71656
BP18311,Burberry,16.99446
BP18312,Burberry,30.51035
BP18313,Burberry,29.51438
BP18314,Burberry,39.84453
BP18315,Burberry,34.9856
BP18316,Burberry,16.9602
BP18317,Burberry,27.30462
BP18318,Burberry,42.0705
BP18319,Burberry,28.93655
BP18320,Burberry,28.40021
BP18321,Burberry,7.18453
BP18322,Burberry,7.43019
BP18323,Burberry,7.6909
BP18324,Burberry,27.77112
BP18325,Burberry,31.67816
BP18326,Burberry,16.53008
BP18327,Burberry,24.50756
BP18328,Burberry,19.23736
BP18329,Burberry,19.97517
BP18330,Burberry,33.78429
BP18331,Burberry,35.10401
BP18332,Burberry,19.21892
BP18333,Burberry,39.60822
BP18334,Burberry,32.17794
BP18335,Burberry,47.03625
BP18336,Burberry,44.88392
BP18337,Burberry,29.41215
BP18338,Burberry,30.52622
BP18339,Burberry,31.26594
BP18340,Burberry,30.95099
BP18341,Burberry,17.29555
BP18342,Burberry,29.70025
BP18343,Burberry,28.32632
BP18344,Burberry,16.81002
BP18345,Burberry,15.71572
BP18346,Burberry,27.28394
BP18347,Burberry,7.15871
BP18348,Burberry,40.13355
BP18349,Burberry,32.62768
BP18350,Burberry,29.43178
BP18351,Burberry,29.28331
BP18352,Burberry,7.43531
BP18353,Burberry,29.08474
BP18354,Burberry,15.83014
BP18355,Burberry,35.44567
BP18356,Burberry,28.42548
BP18357,Burberry,7.33842
BP18358,Burberry,19.78621
BP18359,Burberry,29.48568
BP18360,Burberry,19.0254
BP18361,Burberry,30.38255
BP18362,Burberry,15.85262
BP18363,Burberry,29.49623
BP18364,Burberry,39.18259
BP18365,Burberry,27.5666
BP18366,Burberry,29.14169
BP18367,Burberry,20.09091
BP18368,Burberry,18.72868
BP18369,Burberry,27.28535
BP18370,Burberry,19.16516
BP18371,Burberry,29.31962
BP18372,Burberry,15.83283
BP18373,Burberry,28.43617
BP18374,Burberry,19.03445
BP18375,Burberry,32.822
BP18376,Burberry,28.19941
BP18377,Burberry,28.56218
BP18378,Burberry,30.89352
BP18379,Burberry,15.63155
BP18380,Burberry,32.30192
BP18381,Burberry,18.99946
BP18382,Burberry,30.36601
BP18383,Burberry,30.89105
BP18384,Burberry,7.15141
BP18385,Burberry,27.2099
BP18386,Burberry,7.38086
BP18387,Burberry,19.9256
BP18388,Burberry,19.11858
BP18389,Burberry,27.42869
BP18390,Burberry,31.81192
BP18391,Burberry,28.30569
BP18392,Burberry,15.79833
BP18393,Burberry,16.53375
BP18394,Burberry,41.15148
BP18395,Burberry,20.55826
BP18396,Burberry,27.5735
BP18397,Burberry,15.86569
BP18398,Burberry,32.23856
BP18399,Burberry,20.35857
BP18400,Burberry,20.02911
BP18401,Burberry,15.78475
BP18402,Burberry,31.03
BP18403,Burberry,30.1059
BP18404,Burberry,27.09722
BP18405,Burberry,7.27912
BP18406,Burberry,28.05662
BP18407,Burberry,27.9443
BP18408,Burberry,29.97522
BP18409,Burberry,32.47019
BP18410,Burberry,30.80706
BP18411,Burberry,36.22031
BP18412,Burberry,33.05302
BP18413,Burberry,16.1846
BP18414,Burberry,30.0051
BP18415,Burberry,30.76163
BP18416,Burberry,31.88769
BP18417,Burberry,32.16259
BP18418,Burberry,6.94241
BP18419,Burberry,29.50432
BP18420,Burberry,28.6685
BP18421,Burberry,29.67561
BP18422,Burberry,15.22047
BP18423,Burberry,19.19125
BP18424,Burberry,15.63031
BP18425,Burberry,30.35061
BP18426,Burberry,29.6327
BP18427,Burberry,7.17834
BP18428,Burberry,20.05411
BP18429,Burberry,20.31008
BP18430,Burberry,7.4788
BP18431,Burberry,15.79638
BP18432,Burberry,31.15421
BP18433,Burberry,27.43077
BP18434,Burberry,19.11985
BP18435,Burberry,29.59002
BP18436,Burberry,28.81718
BP18437,Burberry,19.11401
BP18438,Burberry,21.62377
BP18439,Burberry,7.30144
BP18440,Burberry,29.34315
BP18441,Burberry,28.47894
BP18442,Burberry,20.70388
BP18443,Burberry,15.17402
BP18444,Burberry,28.88347
BP18445,Burberry,19.09549
BP18446,Burberry,7.46815
BP18447,Burberry,7.37273
BP18448,Burberry,7.41543
BP18449,Burberry,28.39617
BP18450,Burberry,35.28252
BP18451,Burberry,27.25082
BP18452,Burberry,15.75212
BP18453,Burberry,27.4171
BP18454,Burberry,18.60463
BP18455,Burberry,33.08813
BP18456,Burberry,29.33382
BP18457,Burberry,19.95351
BP18458,Burberry,28.83177
BP18459,Burberry,17.58371
BP18460,Burberry,29.40944
BP18461,Burberry,30.71725
BP18462,Burberry,20.24708
BP18463,Burberry,30.55743
BP18464,Burberry,16.12946
BP18465,Burberry,19.20329
BP18466,Burberry,29.15439
BP18467,Burberry,19.09183
BP18468,Burberry,32.41478
BP18469,Burberry,20.89696
BP18470,Burberry,32.49605
BP18471,Burberry,27.68455
BP18472,Burberry,29.31699
BP18473,Burberry,15.3419
BP18474,Burberry,19.75067
BP18475,Burberry,32.21251
BP18476,Burberry,7.214
BP18477,Burberry,16.32257
BP18478,Burberry,20.05012
BP18479,Burberry,29.50383
BP18480,Burberry,29.3276
BP18481,Burberry,7.26181
BP18482,Burberry,6.52533
BP18483,Burberry,31.22537
BP18484,Burberry,7.36876
BP18485,Burberry,22.23672
BP18486,Burberry,28.12993
BP18487,Burberry,33.62553
BP18488,Burberry,30.93637
BP18489,Burberry,15.84835
BP18490,Burberry,7.11106
BP18491,Burberry,18.91848
BP18492,Burberry,32.95866
BP18493,Burberry,29.10699
BP18494,Burberry,7.3637
BP18495,Burberry,29.70321
BP18496,Burberry,6.9922
BP18497,Burberry,6.84208
BP18498,Burberry,6.97341
BP18499,Burberry,29.83268
BP18500,Burberry,15.57597
BP18501,Burberry,28.6605
BP18502,Burberry,20.47052
BP18503,Burberry,31.99666
BP18504,Burberry,40.45962
BP18505,Burberry,16.42146
BP18506,Burberry,15.45807
BP18507,Burberry,30.024
BP18508,Burberry,30.09857
BP18509,Burberry,28.35803
BP18510,Burberry,7.2325
BP18511,Burberry,19.87879
BP18512,Burberry,18.94566
BP18513,Burberry,27.83885
BP18514,Burberry,27.81297
BP18515,Burberry,19.41152
BP18516,Burberry,31.36146
BP18517,Burberry,28.79334
BP18518,Burberry,7.40454
BP18519,Burberry,19.10181
BP18520,Burberry,27.65326
BP18521,Burberry,17.351
BP18522,Burberry,27.53601
BP18523,Burberry,28.54847
BP18524,Burberry,16.93161
BP18525,Burberry,28.31477
BP18526,Burberry,20.81592
BP18527,Burberry,6.75804
BP18528,Burberry,27.28535
BP18529,Burberry,7.43444
BP18530,Burberry,17.3648
BP18531,Burberry,7.47739
BP18532,Burberry,28.94114
BP18533,Burberry,27.55119
BP18534,Burberry,17.55368
BP18535,Burberry,28.68807
BP18536,Burberry,16.07258
BP18537,Burberry,7.66154
BP18538,Burberry,7.36758
BP18539,Burberry,15.58788
BP18540,Burberry,7.57289
BP18541,Burberry,27.31651
BP18542,Burberry,16.10323
BP18543,Burberry,20.14605
BP18544,Burberry,19.23627
BP18545,Burberry,27.70964
BP18546,Burberry,32.11141
BP18547,Burberry,27.66318
BP18548,Burberry,30.26117
BP18549,Burberry,27.23344
BP18550,Burberry,28.46732
BP18551,Burberry,6.75919
BP18552,Burberry,27.23019
BP18553,Burberry,16.70823
BP18554,Burberry,35.43567
BP18555,Burberry,27.97395
BP18556,Burberry,18.685
BP18557,Burberry,16.37774
BP18558,Burberry,19.12347
BP18559,Burberry,29.06503
BP18560,Burberry,15.78492
BP18561,Burberry,28.37732
BP18562,Burberry,30.28263
BP18563,Burberry,18.94634
BP18564,Burberry,28.52217
BP18565,Burberry,7.17136
BP18566,Burberry,45.29246
BP18567,Burberry,19.17148
BP18568,Burberry,28.65119
BP18569,Burberry,15.62801
BP18570,Burberry,6.92071
BP18571,Burberry,7.33834
BP18572,Burberry,16.51571
BP18573,Burberry,27.5785
BP18574,Burberry,29.34717
BP18575,Burberry,7.0923
BP18576,Burberry,7.34258
BP18577,Burberry,20.09549
BP18578,Burberry,28.64574
BP18579,Burberry,30.71932
BP18580,Burberry,28.76351
BP18581,Burberry,28.35644
BP18582,Burberry,29.57628
BP18583,Burberry,17.67741
BP18584,Burberry,30.81021
BP18585,Burberry,30.38832
BP18586,Burberry,6.66432
BP18587,Burberry,40.79527
BP18588,Burberry,18.98417
BP18589,Burberry,19.42341
BP18590,Burberry,28.55086
BP18591,Burberry,20.56216
BP18592,Burberry,7.14425
BP18593,Burberry,6.96278
BP18594,Burberry,27.97676
BP18595,Burberry,15.50118
BP18596,Burberry,15.80587
BP18597,Burberry,7.1002
BP18598,Burberry,28.52085
BP18599,Burberry,16.21875
BP18600,Burberry,31.51129
BP18601,Burberry,28.18219
BP18602,Burberry,19.05058
BP18603,Burberry,30.02956
BP18604,Burberry,20.24181
BP18605,Burberry,31.9565
BP18606,Burberry,22.01677
BP18607,Burberry,34.8552
BP18608,Burberry,32.14723
BP18609,Burberry,31.895
BP18610,Burberry,32.66603
BP18611,Burberry,29.29009
BP18612,Burberry,15.26559
BP18613,Burberry,7.60833
BP18614,Burberry,27.69666
BP18615,Burberry,27.77885
BP18616,Burberry,7.32667
BP18617,Burberry,19.94765
BP18618,Burberry,19.35396
BP18619,Burberry,21.03947
BP18620,Burberry,30.53154
BP18621,Burberry,21.02191
BP18622,Burberry,18.85272
BP18623,Burberry,20.81532
BP18624,Burberry,28.87466
BP18625,Burberry,29.62188
BP18626,Burberry,18.57689
BP18627,Burberry,28.98315
BP18628,Burberry,28.47079
BP18629,Burberry,21.36847
BP18630,Burberry,32.66783
BP18631,Burberry,29.06217
BP18632,Burberry,33.84512
BP18633,Burberry,43.41108
BP18634,Burberry,31.53037
BP18635,Burberry,38.92853
BP18636,Burberry,35.15627
BP18637,Burberry,42.29229
BP18638,Burberry,37.58594
BP18639,Burberry,34.20635
BP18640,Burberry,32.88349
BP18641,Burberry,30.01538
BP18642,Burberry,32.96469
BP18643,Burberry,20.73686
BP18644,Burberry,32.16708
BP18645,Burberry,33.45234
BP18646,Burberry,30.59186
BP18647,Burberry,33.24278
BP18648,Burberry,30.99371
BP18649,Burberry,34.22411
BP18650,Burberry,21.03573
BP18651,Burberry,32.60585
BP18652,Burberry,31.73316
BP18653,Burberry,19.49548
BP18654,Burberry,15.93375
BP18655,Burberry,19.08227
BP18656,Burberry,29.13458
BP18657,Burberry,29.46787
BP18658,Burberry,27.9707
BP18659,Burberry,27.39701
BP18660,Burberry,35.62513
BP18661,Burberry,27.30526
BP18662,Burberry,29.3701
BP18663,Burberry,28.47434
BP18664,Burberry,28.34376
BP18665,Burberry,15.69199
BP18666,Burberry,19.29796
BP18667,Burberry,29.37639
BP18668,Burberry,29.89954
BP18669,Burberry,21.25508
BP18670,Burberry,7.45181
BP18671,Burberry,28.93563
BP18672,Burberry,6.73769
BP18673,Burberry,28.39399
BP18674,Burberry,15.72967
BP18675,Burberry,28.31952
BP18676,Burberry,7.07102
BP18677,Burberry,31.37698
BP18678,Burberry,31.61757
BP18679,Burberry,30.51425
BP18680,Burberry,28.35994
BP18681,Burberry,30.61199
BP18682,Burberry,31.08979
BP18683,Burberry,31.86773
BP18684,Burberry,40.26782
BP18685,Burberry,19.02493
BP18686,Burberry,21.45084
BP18687,Burberry,15.90286
BP18688,Burberry,30.56532
BP18689,Burberry,15.6163
BP18690,Burberry,29.96792
BP18691,Burberry,15.59745
BP18692,Burberry,33.23012
BP18693,Burberry,28.30784
BP18694,Burberry,28.30294
BP18695,Burberry,15.65905
BP18696,Burberry,19.11601
BP18697,Burberry,15.80173
BP18698,Burberry,15.45508
BP18699,Burberry,27.19422
BP18700,Burberry,15.55086
BP18701,Burberry,7.2113
BP18702,Burberry,27.23621
BP18703,Burberry,29.59545
BP18704,Burberry,15.33688
BP18705,Burberry,18.54765
BP18706,Burberry,19.54824
BP18707,Burberry,16.16131
BP18708,Burberry,36.23368
BP18709,Burberry,32.28748
BP18710,Burberry,19.82027
BP18711,Burberry,37.7412
BP18712,Burberry,15.57155
BP18713,Burberry,33.17771
BP18714,Burberry,20.33525
BP18715,Burberry,7.37398
BP18716,Burberry,18.61207
BP18717,Burberry,31.55749
BP18718,Burberry,7.33025
BP18719,Burberry,30.71174
BP18720,Burberry,7.34789
BP18721,Burberry,16.73244
BP18722,Burberry,30.5783
BP18723,Burberry,28.65878
BP18724,Burberry,28.90146
BP18725,Burberry,30.68937
BP18726,Burberry,7.18643
BP18727,Burberry,29.76029
BP18728,Burberry,42.08855
BP18729,Burberry,31.07653
BP18730,Burberry,31.49641
BP18731,Burberry,7.34189
BP18732,Burberry,20.17247
BP18733,Burberry,7.58382
BP18734,Burberry,16.43533
BP18735,Burberry,45.45652
BP18736,Burberry,16.78939
BP18737,Burberry,20.16018
BP18738,Burberry,16.26449
BP18739,Burberry,15.62246
BP18740,Burberry,28.25308
BP18741,Burberry,20.23562
BP18742,Burberry,28.4772
BP18743,Burberry,27.40701
BP18744,Burberry,19.00321
BP18745,Burberry,29.42999
BP18746,Burberry,30.40581
BP18747,Burberry,27.13857
BP18748,Burberry,7.45899
BP18749,Burberry,7.18863
BP18750,Burberry,20.89199
BP18751,Burberry,27.67082
BP18752,Burberry,30.72426
BP18753,Burberry,27.7075
BP18754,Burberry,29.75857
BP18755,Burberry,30.74671
BP18756,Burberry,20.61476
BP18757,Burberry,31.07717
BP18758,Burberry,19.01861
BP18759,Burberry,27.53094
BP18760,Burberry,30.12903
BP18761,Burberry,27.42344
BP18762,Burberry,20.99617
BP18763,Burberry,29.10224
BP18764,Burberry,30.07126
BP18765,Burberry,15.73206
BP18766,Burberry,16.51677
BP18767,Burberry,15.6695
BP18768,Burberry,31.11272
BP18769,Burberry,18.80055
BP18770,Burberry,19.09688
BP18771,Burberry,7.77153
BP18772,Burberry,7.65807
BP18773,Burberry,27.54904
BP18774,Burberry,28.99569
BP18775,Burberry,18.97555
BP18776,Burberry,28.37406
BP18777,Burberry,29.32808
BP18778,Burberry,18.7642
BP18779,Burberry,20.03072
BP18780,Burberry,18.93906
BP18781,Burberry,19.08623
BP18782,Burberry,30.41798
BP18783,Burberry,15.67881
BP18784,Burberry,27.33202
BP18785,Burberry,28.79577
BP18786,Burberry,28.68789
BP18787,Burberry,29.76403
BP18788,Burberry,15.34485
BP18789,Burberry,28.23933
BP18790,Burberry,28.46445
BP18791,Burberry,15.58005
BP18792,Burberry,29.41318
BP18793,Burberry,17.0278
BP18794,Burberry,16.65074
BP18795,Burberry,29.31139
BP18796,Burberry,15.29792
BP18797,Burberry,28.30443
BP18798,Burberry,27.55029
BP18799,Burberry,7.23036
BP18800,Burberry,15.59505
BP18801,Burberry,30.78495
BP18802,Burberry,33.22986
BP18803,Burberry,15.97527
BP18804,Burberry,29.31001
BP18805,Burberry,19.22178
BP18806,Burberry,19.99988
BP18807,Burberry,18.90365
BP18808,Burberry,29.98919
BP18809,Burberry,6.877
BP18810,Burberry,15.58005
BP18811,Burberry,15.53511
BP18812,Burberry,7.33441
BP18813,Burberry,19.82756
BP18814,Burberry,6.94008
BP18815,Burberry,17.00629
BP18816,Burberry,15.61179
BP18817,Burberry,20.16816
BP18818,Burberry,29.92799
BP18819,Burberry,28.62729
BP18820,Burberry,19.01523
BP18821,Burberry,29.14862
BP18822,Burberry,15.44841
BP18823,Burberry,7.35672
BP18824,Burberry,18.84544
BP18825,Burberry,33.67044
BP18826,Burberry,35.07016
BP18827,Burberry,7.31953
BP18828,Burberry,20.22714
BP18829,Burberry,19.94412
BP18830,Burberry,7.13946
BP18831,Burberry,18.86924
BP18832,Burberry,7.16014
BP18833,Burberry,28.71647
BP18834,Burberry,20.79073
BP18835,Burberry,19.10258
BP18836,Burberry,16.54491
BP18837,Burberry,29.8316
BP18838,Burberry,6.82712
BP18839,Burberry,31.61383
BP18840,Burberry,33.49354
BP18841,Burberry,36.88219
BP18842,Burberry,33.12882
BP18843,Burberry,28.60238
BP18844,Burberry,28.42915
BP18845,Burberry,30.65444
BP18846,Burberry,20.12402
BP18847,Burberry,15.78508
BP18848,Burberry,3.31048
BP18849,Burberry,28.20431
BP18850,Burberry,28.20177
BP18851,Burberry,28.43067
BP18852,Burberry,19.19379
BP18853,Burberry,30.84653
BP18854,Burberry,7.31206
BP18855,Burberry,3.44282
BP18856,Burberry,22.26781
BP18857,Burberry,36.21296
BP18858,Burberry,29.50627
BP18859,Burberry,30.30254
BP18860,Burberry,20.33575
BP18861,Burberry,29.88228
BP18862,Burberry,33.65446
BP18863,Burberry,7.30115
BP18864,Burberry,30.19501
BP18865,Burberry,27.76541
BP18866,Burberry,42.37219
BP18867,Burberry,15.7939
BP18868,Burberry,41.01092
BP18869,Burberry,19.90865
BP18870,Burberry,18.84731
BP18871,Burberry,46.72118
BP18872,Burberry,35.02718
BP18873,Burberry,33.03204
BP18874,Burberry,21.78553
BP18875,Burberry,33.483
BP18876,Burberry,30.19119
BP18877,Burberry,20.98528
BP18878,Burberry,20.25469
BP18879,Burberry,36.02738
BP18880,Burberry,39.22594
BP18881,Burberry,31.9565
BP18882,Burberry,28.80189
BP18883,Burberry,22.17899
BP18884,Burberry,32.38434
BP18885,Burberry,28.8583
BP18886,Burberry,28.46679
BP18887,Burberry,28.66134
BP18888,Burberry,7.15546
BP18889,Burberry,47.0496
BP18890,Burberry,30.02853
BP18891,Burberry,31.72797
BP18892,Burberry,31.11134
BP18893,Burberry,34.7595
BP18894,Burberry,42.94946
BP18895,Burberry,7.52814
BP18896,Burberry,33.47721
BP18897,Burberry,29.99116
BP18898,Burberry,30.02922
BP18899,Burberry,29.78906
BP18900,Burberry,41.73534
BP18901,Burberry,33.35194
BP18902,Burberry,30.91763
BP18903,Burberry,19.28302
BP18904,Burberry,31.46158
BP18905,Burberry,22.56635
BP18906,Burberry,28.14086
BP18907,Burberry,33.20666
BP18908,Burberry,7.2213
BP18909,Burberry,19.09888
BP18910,Burberry,28.2851
BP18911,Burberry,32.56041
BP18912,Burberry,30.5949
BP18913,Burberry,38.07158
BP18914,Burberry,35.78547
BP18915,Burberry,29.5237
BP18916,Burberry,32.65668
BP18917,Burberry,34.64797
BP18918,Burberry,7.43964
BP18919,Burberry,30.73002
BP18920,Burberry,31.10381
BP18921,Burberry,21.30779
BP18922,Burberry,30.19463
BP18923,Burberry,27.66118
BP18924,Burberry,30.48383
BP18925,Burberry,31.01192
BP18926,Burberry,16.72385
BP18927,Burberry,22.44055
BP18928,Burberry,7.18433
BP18929,Burberry,16.54974
BP18930,Burberry,30.02467
BP18931,Burberry,30.82876
BP18932,Burberry,27.50687
BP18933,Burberry,27.72114
BP18934,Burberry,16.85383
BP18935,Burberry,19.80836
BP18936,Burberry,19.04334
BP18937,Burberry,20.91379
BP18938,Burberry,36.92058
BP18939,Burberry,31.24702
BP18940,Burberry,29.28226
BP18941,Burberry,33.80802
BP18942,Burberry,30.69402
BP18943,Burberry,27.41497
BP18944,Burberry,21.79926
BP18945,Burberry,31.7292
BP18946,Burberry,6.64325
BP18947,Burberry,27.38975
BP18948,Burberry,29.91164
BP18949,Burberry,18.7642
BP18950,Burberry,32.05568
BP18951,Burberry,28.79608
BP18952,Burberry,22.2997
BP18953,Burberry,21.05445
BP18954,Burberry,34.2733
BP18955,Burberry,30.09133
BP18956,Burberry,27.53842
BP18957,Burberry,20.95589
BP18958,Burberry,29.658
BP18959,Burberry,16.069
BP18960,Burberry,17.61398
BP18961,Burberry,19.76702
BP18962,Burberry,29.04913
BP18963,Burberry,7.32265
BP18964,Burberry,16.0534
